5890
6.096370	 2.619590	 0.119675
18.645500	 3.272540	 0.017179
6.845610	 3.610740	 0.016071
16.295800	 3.412200	 0.017191
5.381520	 3.732620	 0.018174
17.576600	 4.021490	 0.016071
21.501400	 3.131080	 0.103298
19.533000	 4.115920	 0.016071
4.787290	 4.120020	 0.103880
18.293600	 4.965380	 0.016071
21.170300	 4.455470	 0.016071
23.654400	 4.199930	 0.097101
15.993000	 4.589450	 0.016071
6.304740	 5.241650	 0.016071
22.027300	 4.833790	 0.016071
7.967500	 4.747290	 0.016071
15.274200	 5.026170	 0.016071
17.110900	 5.008400	 0.016071
20.545800	 5.375780	 0.016071
9.275000	 5.667290	 0.016071
13.996500	 5.711330	 0.016071
23.379200	 5.506640	 0.016071
28.722500	 4.934500	 0.020545
16.283400	 5.633500	 0.016071
5.030320	 5.694310	 0.096213
27.510300	 5.426090	 0.033820
7.626170	 6.097270	 0.016071
30.090200	 6.064010	 0.094630
10.610200	 5.987500	 0.016071
22.605100	 6.183990	 0.016071
12.996500	 6.027930	 0.016071
26.182800	 5.606460	 0.096667
19.221800	 5.863280	 0.016071
17.889300	 6.362740	 0.016071
21.436300	 6.493170	 0.016071
15.485200	 6.329690	 0.016071
8.348830	 7.024220	 0.016071
25.509800	 6.682030	 0.016071
26.744500	 6.817970	 0.016071
17.001000	 7.117190	 0.016071
24.166000	 7.019140	 0.016071
6.146980	 6.847520	 0.017857
28.443200	 6.665040	 0.016071
29.403900	 7.344900	 0.109315
10.709400	 7.085160	 0.016071
11.941000	 6.542290	 0.016071
15.042800	 7.160160	 0.016071
22.518200	 7.491210	 0.016071
6.814320	 7.650800	 0.017733
18.755700	 7.497220	 0.016071
16.349000	 7.556640	 0.016071
6.458950	 7.710980	 0.144466
13.578100	 7.372850	 0.016071
27.372100	 8.059080	 0.016071
8.723440	 8.203130	 0.016071
9.664840	 7.424120	 0.016071
15.446100	 8.395700	 0.016071
25.661700	 7.776170	 0.016071
28.996700	 7.892520	 0.017821
19.800500	 8.881640	 0.017263
20.544600	 7.216310	 0.016071
22.977300	 8.357620	 0.016071
12.464500	 7.951560	 0.016071
10.939100	 8.809960	 0.016071
14.277900	 8.486720	 0.016071
21.649900	 8.408400	 0.016071
26.268800	 8.854740	 0.016071
7.048690	 8.444270	 0.153399
17.298400	 8.400390	 0.016071
18.975700	 8.628710	 0.016252
12.566000	 8.976170	 0.016071
16.167000	 9.281840	 0.016071
24.532400	 8.564840	 0.016071
13.539100	 9.207810	 0.016071
9.422750	 9.244530	 0.016071
17.923000	 9.554690	 0.016071
21.093700	 9.830180	 0.016071
22.767200	 10.036400	 0.016071
23.938700	 9.654300	 0.016071
27.919900	 9.513250	 0.016401
26.506100	 10.056400	 0.016071
28.008200	 10.332000	 0.090988
12.014800	 9.780860	 0.016071
14.616200	 9.954490	 0.016071
25.331600	 10.296900	 0.016071
8.188110	 9.736410	 0.069699
8.895810	 10.725400	 0.077418
24.373200	 10.338300	 0.016071
13.020600	 10.626100	 0.016071
15.375100	 10.897200	 0.016071
17.041200	 10.799600	 0.016071
10.692500	 10.365400	 0.016071
19.394600	 10.460500	 0.016071
21.140500	 11.193000	 0.016071
11.537300	 11.395900	 0.016071
26.666400	 11.498300	 0.016381
18.534400	 11.012300	 0.016071
9.770000	 11.817600	 0.053342
23.575800	 11.735900	 0.016071
12.886900	 11.907000	 0.016071
14.076000	 11.397300	 0.016071
22.314900	 11.902300	 0.016071
25.034500	 11.686100	 0.016071
14.617500	 12.315200	 0.016071
19.578500	 11.915600	 0.016071
17.708300	 12.449600	 0.016071
16.416800	 12.146100	 0.016071
11.610900	 12.417200	 0.016071
20.539800	 12.730500	 0.016071
24.242600	 12.842200	 0.016071
15.242200	 13.581900	 0.016071
10.715100	 13.117200	 0.127632
13.486600	 13.140600	 0.016071
18.690000	 12.715600	 0.016071
22.988400	 13.209600	 0.016071
12.487700	 13.238300	 0.016071
21.721100	 13.688700	 0.016071
16.900400	 13.822300	 0.016071
18.486200	 13.916600	 0.016071
23.360300	 14.157000	 0.016071
24.629100	 14.468300	 0.014787
13.320700	 13.950400	 0.016071
19.816800	 13.860500	 0.016071
11.574100	 14.254100	 0.024061
15.745300	 14.580100	 0.016071
22.663300	 14.639100	 0.016071
17.446600	 15.182900	 0.016071
20.909100	 14.398600	 0.016071
12.681800	 15.642600	 0.031302
12.024500	 15.044100	 0.072762
14.432400	 15.339600	 0.016071
19.348200	 15.386700	 0.016071
16.041700	 15.999400	 0.016071
21.946400	 15.878000	 0.016071
23.056200	 16.859000	 0.087950
15.062100	 16.402000	 0.016071
17.275000	 16.569100	 0.016071
20.709000	 16.227300	 0.016071
18.399600	 16.518200	 0.016071
19.465600	 16.760900	 0.016071
15.988500	 17.660700	 0.024169
14.658400	 17.479200	 0.102296
17.560800	 17.751600	 0.109662
18.814000	 17.773900	 0.066759
20.628100	 17.665400	 0.094530
16.793100	 2.903580	 0.104296
15.666300	 3.490730	 0.056355
22.906900	 3.704030	 0.080763
5.684330	 6.798890	 0.169388
11.058300	 13.881200	 0.217225
12.442100	 15.719600	 0.273666
22.011400	 17.467900	 0.062532
15.658600	 17.817200	 0.195148
16.591800	 17.933900	 0.308426
5.884130	 3.379730	 1.178410
29.317300	 4.701380	 0.215830
25.849900	 13.238000	 0.142799
18.712700	 2.903400	 0.129184
13.083600	 4.684100	 0.046358
14.539600	 4.102000	 0.064160
19.766000	 8.764370	 0.212996
28.611600	 9.157270	 0.101947
26.811900	 11.876800	 0.116535
11.894700	 15.292200	 1.102670
23.695100	 15.746200	 0.079790
18.365400	 17.944200	 0.530952
9.523970	 3.976860	 0.097170
10.443200	 4.505740	 0.102033
7.605260	 8.788790	 0.904865
11.768700	 5.105420	 0.068501
28.546400	 8.027590	 0.957031
18.559600	 8.818610	 1.213960
8.467310	 9.620180	 1.154150
9.554730	 11.403400	 1.704520
24.788300	 14.621400	 0.249176
21.510200	 17.893300	 1.444460
15.029900	 17.816900	 0.708740
17.039700	 18.066300	 1.311100
7.051310	 2.596270	 0.115260
8.308630	 3.080600	 0.092887
12.733500	 4.954640	 1.793230
6.577190	 7.585610	 1.143340
27.904300	 9.630040	 0.964966
15.543500	 18.173300	 1.594120
19.788700	 2.955270	 0.760841
5.619330	 6.393080	 1.096280
10.345900	 12.824700	 1.364770
18.467700	 18.040900	 1.225900
20.236000	 3.065450	 0.045642
4.864850	 4.652970	 0.568329
22.052700	 17.726900	 1.190920
16.267800	 3.060870	 0.870575
14.941400	 3.700370	 1.008060
26.327300	 12.446200	 1.883510
23.951700	 15.847000	 0.942383
12.613000	 16.491300	 1.381790
13.262000	 17.215000	 1.761760
13.584800	 17.144400	 0.081427
13.972700	 17.629100	 1.791810
8.207240	 3.486920	 1.314480
23.944900	 4.398180	 0.914803
9.651790	 4.242890	 1.008870
24.969300	 5.270660	 0.085450
6.188930	 6.537960	 1.971100
21.066800	 8.536740	 0.978891
9.121330	 10.217800	 1.716610
19.911100	 18.052100	 1.321040
19.438200	 18.274800	 2.091190
28.930100	 6.134960	 1.475770
28.554200	 7.066500	 1.881470
7.120390	 7.832710	 1.710620
10.898800	 14.287400	 2.027470
7.028850	 2.968690	 1.099300
22.300400	 3.317370	 1.123330
25.506100	 13.864000	 1.093480
18.387500	 2.852850	 1.150000
27.519100	 5.317340	 0.433910
8.317470	 8.590350	 2.285360
23.630400	 16.466400	 1.296330
5.592000	 4.501450	 2.165190
5.665620	 5.398990	 2.213330
18.117700	 18.229600	 1.984740
21.367500	 3.054050	 1.145830
28.389500	 5.951090	 1.756210
20.283300	 8.347020	 1.869050
11.700300	 15.625900	 2.619260
16.361100	 18.421000	 2.136840
19.391400	 9.695500	 1.935740
27.162000	 10.894500	 1.798580
10.245900	 12.751300	 2.323620
22.736700	 17.342300	 1.305360
6.298540	 3.563140	 2.523700
27.405000	 8.466950	 2.345890
9.010730	 8.811050	 2.957720
16.890900	 2.854790	 1.486990
13.861900	 4.197450	 1.535320
7.272090	 7.324960	 2.530980
28.072400	 7.186650	 3.057740
20.288400	 10.965200	 2.698250
20.226800	 3.040530	 1.634620
25.483700	 5.481380	 1.440780
15.959100	 9.765010	 2.091780
15.138400	 9.724710	 2.318620
23.627900	 16.921100	 2.427370
12.326400	 16.618500	 2.608430
17.505200	 7.116850	 2.048440
18.709200	 8.478730	 2.641020
9.686300	 11.656500	 2.974770
10.486200	 13.324900	 2.781830
22.731800	 17.676300	 2.562870
13.342000	 17.479000	 2.690860
14.751600	 18.297100	 2.725650
16.530900	 8.206320	 1.575290
14.376400	 8.074820	 3.149170
24.888700	 15.697500	 2.460630
5.907080	 4.565390	 3.675080
16.836800	 6.192060	 2.388640
19.172900	 6.931660	 2.441210
16.497700	 7.340450	 1.909240
15.489500	 8.107780	 1.989880
21.739400	 3.447930	 2.810650
7.417160	 3.387900	 1.972020
24.375500	 4.896320	 2.265500
11.381000	 5.423270	 1.904160
20.781400	 9.555530	 1.724530
9.389090	 9.938720	 2.851560
14.475200	 3.588100	 2.741700
9.399800	 4.403180	 2.014020
10.699700	 5.081500	 1.463550
17.162500	 5.608680	 3.123080
25.013100	 15.228100	 1.893800
21.090600	 18.290100	 2.548580
20.441900	 3.061840	 2.320070
15.772900	 3.080220	 2.184570
19.716300	 6.827990	 2.890030
26.360900	 12.251200	 2.432500
10.800600	 14.507000	 3.553330
26.729100	 5.583820	 1.965110
6.377840	 5.835430	 3.463170
17.322400	 8.362650	 3.074040
21.202400	 10.482300	 2.561580
15.823900	 10.886700	 2.847400
18.640600	 18.781000	 3.299350
16.014500	 18.820100	 3.234470
16.731000	 2.853050	 2.863850
27.029500	 9.295530	 2.698120
12.239300	 17.104800	 4.085060
20.308800	 18.641800	 3.244750
19.433100	 2.953060	 2.265690
19.962600	 3.072220	 3.081150
17.955700	 5.944440	 2.658770
13.969200	 9.629490	 3.412390
25.623800	 13.965300	 2.238400
21.301000	 18.559700	 3.815920
24.004400	 4.892510	 3.848880
16.341100	 5.853360	 3.302800
20.401600	 7.252720	 3.340940
14.961700	 8.049660	 3.196230
8.295350	 3.982910	 2.712000
10.170600	 5.309470	 3.071460
11.288600	 5.558960	 2.683900
17.564500	 18.797900	 3.231450
18.346700	 2.850310	 2.499640
17.422500	 8.851540	 3.878970
16.754100	 9.160800	 2.724480
16.251000	 10.868800	 3.565780
9.842410	 12.045500	 3.792500
25.914900	 13.928600	 3.702880
24.571800	 16.282000	 3.111540
13.780000	 18.070900	 3.950710
15.005900	 18.665000	 3.438660
17.888400	 19.094600	 4.080690
23.293500	 4.062010	 2.478330
9.193050	 4.536460	 2.873550
25.443900	 5.498100	 2.909390
18.984900	 5.916340	 3.667110
16.907700	 9.070580	 4.141380
14.326900	 10.794400	 3.344550
10.339300	 13.199900	 3.918520
23.316200	 17.488100	 3.411320
22.225800	 18.000800	 2.946040
21.066700	 3.324990	 2.979580
7.031360	 3.643760	 3.539030
12.406500	 5.336540	 3.282270
27.989300	 6.065970	 3.003660
19.074600	 9.173250	 3.871230
13.482000	 8.919690	 4.533220
19.117300	 10.171100	 3.488320
9.646300	 10.623800	 3.775390
15.338700	 3.096070	 3.580930
14.532900	 3.474950	 3.833920
15.398700	 6.690340	 3.351350
8.529590	 7.186450	 3.652500
21.583700	 8.747480	 3.189290
9.409650	 8.988240	 3.997820
14.766600	 11.367800	 3.611230
11.354500	 15.627500	 4.240650
22.733200	 3.965250	 4.023480
13.530300	 4.325070	 3.255940
7.602720	 6.656480	 3.629900
26.623900	 9.042550	 4.001500
18.742800	 9.679120	 4.076800
20.657600	 11.947500	 3.660680
25.972700	 13.066700	 4.995320
18.377100	 2.855790	 3.590050
19.214200	 2.976960	 3.446470
26.674700	 11.100900	 3.463560
19.834700	 11.007200	 3.782150
11.956200	 16.624500	 3.931090
19.961700	 18.845100	 4.150700
16.876200	 19.392900	 4.739750
25.468700	 15.113200	 3.380980
6.538540	 4.940770	 4.888510
14.704900	 6.836480	 4.401550
21.093900	 7.640730	 4.228030
9.662190	 11.465800	 4.374790
19.206300	 19.075600	 4.941410
13.392800	 10.554700	 4.727290
15.276600	 12.205700	 3.971490
22.089800	 18.267500	 3.990720
24.984000	 5.434060	 3.866090
18.882900	 10.709600	 5.032370
14.481000	 18.723300	 4.615420
7.051740	 3.887530	 4.712530
8.626040	 4.474670	 4.300250
12.088600	 5.489910	 4.275130
25.740400	 5.567660	 4.536370
26.175600	 5.608210	 3.697430
9.066990	 7.503230	 4.214490
21.706300	 11.052300	 3.631590
21.224000	 12.859400	 4.420150
9.879410	 12.204800	 5.243650
20.197700	 3.124180	 4.110150
13.863400	 3.907800	 4.783000
7.279820	 5.966600	 4.911080
22.167500	 9.799960	 3.909610
19.147200	 9.607450	 5.093930
9.635460	 9.798430	 5.378570
10.561700	 14.487500	 4.851470
24.405300	 16.558700	 4.027340
10.292200	 5.516600	 4.083000
16.814600	 5.145270	 4.857240
8.658330	 6.516820	 4.692850
26.883900	 8.390780	 4.010190
16.604700	 11.124100	 4.668410
21.001000	 18.807200	 5.186770
17.001100	 2.856460	 4.386950
9.122020	 6.817600	 5.449460
26.565100	 9.755550	 4.044340
17.756400	 9.382100	 4.998900
13.999900	 12.281700	 4.839510
13.484100	 18.123000	 4.976610
18.287500	 2.862640	 4.450000
14.205100	 7.667000	 4.368840
26.151600	 12.714900	 3.636530
25.735500	 14.830900	 4.853410
16.361900	 2.885010	 5.024700
9.012720	 5.438290	 5.049650
18.202600	 5.351490	 4.024310
12.922400	 4.937330	 4.786360
9.478380	 8.416850	 5.093840
17.398000	 9.763540	 3.763860
14.835900	 13.267900	 5.090410
11.309700	 15.844000	 5.120350
21.565900	 3.460330	 4.514500
7.886880	 4.081920	 4.780850
27.758300	 7.183060	 4.684270
12.800100	 9.549800	 5.526620
19.783500	 11.890100	 4.615100
10.250000	 12.903400	 5.685130
14.776000	 3.229030	 5.491030
24.507800	 5.343500	 4.968690
27.650500	 5.972740	 4.370730
9.524850	 5.760880	 5.171640
12.893200	 11.296700	 5.698940
11.730700	 16.674300	 5.722720
22.266600	 18.410200	 5.036680
15.525300	 19.341000	 5.021090
7.787840	 5.168900	 5.684800
11.056300	 5.577460	 4.636820
17.212000	 9.556480	 5.410840
16.750800	 11.697900	 5.733840
22.360300	 11.861100	 4.694720
14.112000	 3.636840	 6.194930
21.684000	 7.351880	 5.493900
13.486300	 12.933300	 5.741240
14.066900	 18.687400	 6.175780
13.902200	 7.109010	 5.944930
13.177900	 7.826380	 5.844170
15.870700	 12.098900	 5.072310
22.027000	 12.690400	 5.169960
25.318500	 15.709700	 4.477550
10.741500	 15.104700	 6.072530
19.278500	 2.983920	 4.990170
15.574500	 2.916810	 6.511800
20.501300	 6.494250	 4.620390
9.327800	 6.218200	 5.696780
14.286000	 7.363470	 5.563490
9.651020	 11.218800	 5.554690
23.522800	 17.449900	 4.498230
25.026000	 5.535080	 5.315720
17.514000	 9.685850	 6.048530
19.198900	 12.030700	 5.922330
20.084800	 13.035500	 5.736310
12.575800	 17.485800	 5.685220
17.994400	 19.427700	 5.777340
18.109900	 5.022880	 5.702670
16.465700	 5.137260	 5.718310
26.550000	 9.930080	 5.593750
22.713100	 11.431600	 5.623960
15.327500	 5.995930	 5.010590
9.522850	 8.888660	 6.756100
22.568400	 10.497800	 4.880430
15.334500	 12.576000	 5.735720
25.292300	 15.603100	 5.997130
23.349100	 17.649500	 5.827930
21.119900	 18.855400	 6.207090
23.270000	 4.395990	 5.435070
19.338300	 5.604140	 4.907970
11.175000	 5.577630	 5.796310
27.266700	 6.279740	 5.819730
26.619800	 8.495990	 5.452030
22.114100	 8.881520	 4.836300
17.260800	 10.357600	 5.386560
9.721570	 11.886400	 6.591870
14.816200	 13.376400	 5.989790
21.781900	 13.919700	 5.999660
20.123900	 14.213600	 6.218870
24.142600	 16.799100	 6.153930
13.118300	 4.718780	 6.424240
9.248650	 7.422090	 6.404200
26.493900	 11.661400	 4.623450
24.578100	 16.464600	 5.838590
20.081300	 3.065860	 5.376700
22.318300	 9.284760	 6.246700
25.661500	 14.082600	 6.184920
10.463400	 13.554400	 6.242920
20.996600	 6.453320	 6.110470
9.289250	 7.626160	 7.488660
17.710900	 11.202700	 6.474630
15.840600	 13.868000	 6.493610
11.082200	 15.696400	 7.202410
13.148900	 17.974800	 6.556880
17.556200	 2.850000	 5.709370
9.232750	 6.364430	 7.160180
12.815900	 9.119510	 6.798770
22.966900	 12.231400	 6.193830
16.543300	 13.126300	 6.572050
19.043900	 19.343700	 6.516480
16.731200	 19.657500	 6.189910
24.843300	 5.525040	 6.587010
18.527000	 10.239600	 6.242060
9.631880	 10.040600	 6.830180
22.738700	 13.363900	 6.725010
24.941900	 15.991200	 6.465330
21.875600	 3.513610	 5.395860
12.216600	 5.469530	 6.005380
26.585600	 5.744790	 5.967000
10.098200	 5.663340	 7.022390
14.720300	 6.565470	 6.459420
18.989000	 13.253500	 6.693200
11.748700	 16.686900	 6.967950
18.394300	 2.864210	 6.037740
19.085800	 5.189580	 6.464980
14.168000	 6.159070	 7.368790
22.962800	 9.061660	 6.042430
10.637600	 14.160700	 7.241820
12.312000	 17.287100	 7.263290
20.265600	 19.015800	 5.878170
15.157800	 19.348600	 6.880740
27.407700	 6.954730	 5.770070
26.711100	 7.993670	 6.761920
26.579600	 10.938900	 6.381240
18.494600	 12.041800	 7.042230
14.162000	 18.883600	 7.482970
22.452300	 3.757340	 6.321640
13.004900	 7.698540	 7.399940
17.528700	 11.379100	 8.073930
26.588500	 12.110200	 7.296420
25.979900	 13.132900	 6.541870
13.507300	 13.638600	 6.386450
12.450400	 10.510100	 6.961940
9.586890	 11.593800	 7.865590
26.479700	 12.151600	 6.366580
12.671400	 12.184000	 7.016910
22.383200	 18.390100	 7.018890
20.972400	 3.134180	 6.969310
11.775800	 5.466600	 6.922710
15.261900	 5.778300	 6.775170
12.308900	 9.176850	 7.495820
10.295400	 13.109600	 7.583280
22.465200	 14.480800	 7.045420
21.433400	 14.351900	 7.607160
15.915800	 19.529700	 7.630280
17.940400	 19.645600	 7.178470
16.926300	 2.816960	 6.705310
24.158800	 5.283280	 6.616740
14.047300	 14.157200	 7.318470
13.312300	 18.331800	 8.086300
20.679200	 19.195500	 7.392940
14.958100	 3.046440	 7.093660
27.368100	 6.498850	 7.225360
26.582300	 9.251610	 7.172490
23.140900	 10.814800	 6.290860
15.651200	 13.270700	 7.095990
11.558900	 16.477200	 8.060050
12.466900	 5.225270	 7.174500
21.783800	 6.946920	 6.976260
22.618600	 8.205490	 6.645360
11.983200	 11.315000	 8.158510
19.126800	 2.933600	 6.685130
17.608800	 4.863340	 7.290000
20.550300	 6.105200	 6.313780
9.117820	 5.194390	 8.625660
25.858300	 13.895900	 7.766850
15.584100	 14.574400	 7.315760
18.632900	 19.643600	 8.036500
16.312600	 5.224500	 7.664510
22.037800	 10.229300	 7.355040
23.545400	 17.381000	 7.740420
23.507100	 4.668160	 7.023410
9.120740	 6.892370	 8.185200
12.255400	 8.241690	 8.737710
22.548400	 9.464950	 7.098910
17.241500	 12.150800	 7.156600
19.159800	 13.326400	 7.536570
13.581700	 6.916180	 8.596180
22.722300	 8.106250	 7.958500
23.228800	 9.651450	 7.422330
21.531000	 18.923700	 7.953980
19.408700	 19.456700	 7.636110
15.007700	 19.381500	 7.990840
15.983200	 19.544900	 9.002660
15.972900	 5.336730	 7.948880
9.399260	 9.043330	 7.878660
23.088500	 11.510100	 7.084840
23.336800	 13.871700	 7.715450
21.555300	 15.328700	 7.981330
13.436000	 4.233280	 7.682250
14.110200	 3.489160	 8.168850
10.368900	 13.489400	 8.846940
12.693800	 14.189500	 7.928410
19.964300	 14.908100	 7.636940
16.168100	 2.735930	 7.861920
10.413500	 5.242710	 7.681210
19.325000	 5.190420	 7.567840
12.523800	 13.174800	 7.934640
12.427700	 17.547600	 8.539380
18.535300	 4.953270	 7.885200
14.671100	 5.472310	 8.311250
26.056100	 5.612060	 8.376780
9.196150	 8.316440	 8.849980
23.570800	 10.776800	 7.919650
16.912900	 19.646900	 8.004610
17.762300	 2.798980	 7.733080
11.935400	 5.139310	 7.961760
26.392500	 5.699930	 7.589010
9.387090	 10.632500	 8.563320
10.843400	 14.982000	 8.996070
20.630600	 19.380800	 8.548580
20.734900	 5.994380	 8.001790
27.787600	 5.983010	 8.479600
22.867200	 10.112500	 8.413160
23.325000	 12.572600	 7.667370
16.584300	 13.625500	 8.319390
24.255900	 16.689600	 7.752190
22.333500	 3.645300	 7.794660
12.701000	 4.619340	 8.713240
9.164340	 9.243010	 9.091550
17.465400	 11.414900	 9.223320
18.954900	 14.168800	 9.185110
11.167900	 15.728700	 9.137170
11.832300	 16.969800	 9.389900
9.648280	 12.193600	 8.900560
18.075600	 12.588000	 8.593660
16.908500	 5.047480	 8.698450
8.574520	 5.698810	 9.546510
26.786400	 10.581300	 7.629150
25.547400	 14.988200	 8.886840
25.210800	 15.485200	 7.508850
22.974100	 14.231300	 8.515750
15.068000	 14.844500	 8.555950
22.391700	 15.497500	 8.579130
25.066500	 15.799400	 8.933750
17.848000	 19.697400	 9.148050
18.837000	 2.879010	 8.597650
20.870400	 3.107330	 8.409750
15.614000	 2.702530	 8.927720
13.014000	 7.025150	 9.505800
8.881350	 7.153170	 9.799100
27.013600	 7.959530	 8.311100
22.980400	 9.063420	 8.054380
13.624700	 14.592700	 8.872970
24.092800	 16.919800	 9.249940
24.246800	 5.286410	 8.471910
19.458000	 5.191540	 8.942350
25.007300	 5.539010	 8.283370
9.186950	 10.794500	 9.425600
21.962400	 14.934500	 9.259980
19.870500	 2.985650	 8.094980
13.951100	 5.901890	 9.813480
26.694100	 12.291700	 8.305420
18.165100	 13.783000	 9.626500
10.390300	 13.908700	 9.667820
22.317900	 18.498400	 8.430660
12.235100	 9.614040	 8.697050
20.225200	 15.474300	 9.184430
23.347200	 17.610100	 9.203770
21.469500	 19.084500	 9.058650
13.494400	 18.811000	 9.911560
14.339600	 5.407050	 9.991760
21.926400	 6.790800	 8.649200
27.239700	 10.680800	 9.105470
14.070500	 15.532700	 9.572190
19.663500	 19.644100	 8.786990
23.254400	 4.399370	 8.768110
11.760100	 10.043800	 9.219600
11.564500	 12.709200	 9.374620
23.537800	 14.334700	 9.581180
12.044700	 13.626900	 9.340170
14.171800	 19.215100	 9.359250
19.076800	 19.719600	 9.625950
16.403400	 4.636700	 8.472670
24.394200	 5.305630	 9.032870
8.962600	 7.984150	 9.960010
23.427600	 9.895210	 8.892300
23.804700	 13.264900	 8.920140
16.426100	 14.355100	 9.415130
22.257600	 18.617100	 9.793210
13.728400	 3.613720	 9.594020
27.344500	 5.357140	 9.276660
9.030300	 11.510400	 10.494800
9.623660	 12.827800	 10.231700
21.617700	 15.637600	 9.503470
12.624100	 15.200300	 9.665630
16.851400	 19.699800	 9.728640
17.281700	 2.660710	 9.411020
20.733800	 5.889010	 9.416260
24.143200	 10.449200	 9.803240
23.781400	 11.609600	 8.733760
17.332400	 12.712200	 8.764870
26.212900	 13.815400	 9.011720
23.255900	 4.386410	 9.941100
12.600000	 4.520420	 10.004400
27.089700	 9.038180	 8.851070
11.289400	 10.690800	 10.548600
11.572700	 11.645000	 9.713380
26.777500	 13.152100	 9.975100
12.748000	 17.954900	 9.149540
25.758700	 5.528590	 9.793750
17.436300	 5.904140	 10.250700
22.840800	 7.715070	 9.650330
10.132400	 13.902400	 10.561500
11.877500	 17.206800	 10.596600
19.783500	 2.946730	 9.788460
14.866500	 2.950810	 9.745360
12.033000	 4.856000	 9.397190
16.943100	 6.838980	 10.232900
27.487100	 7.837600	 9.672610
23.092800	 8.270750	 9.479370
23.334400	 14.945400	 10.689600
15.093700	 19.530300	 10.440400
19.417800	 5.328140	 10.040900
27.947400	 6.812170	 9.113740
8.348770	 5.566770	 10.742500
8.760680	 9.905790	 10.350600
17.792400	 12.355200	 9.272550
19.168600	 14.640200	 10.261000
21.965000	 3.438420	 9.470230
15.372100	 5.025700	 9.303590
17.317500	 11.410300	 10.520900
24.251000	 12.579500	 10.113800
11.795100	 13.431200	 10.353100
10.646400	 15.255200	 10.493800
22.173800	 18.863000	 11.001200
17.286100	 5.239930	 9.777110
9.589390	 4.820740	 10.100100
18.290700	 4.953490	 9.538600
23.330400	 9.555690	 10.256700
22.383400	 15.530800	 10.552100
17.908700	 19.780100	 10.440100
8.422030	 7.233460	 11.249000
27.498100	 10.756600	 9.787350
17.564100	 12.834500	 11.132000
14.478600	 15.283000	 10.319200
20.419100	 19.665500	 10.359900
16.270700	 19.738800	 10.885300
20.762200	 3.075610	 9.655540
27.606000	 5.583040	 10.273800
13.236600	 6.606480	 10.729100
27.541700	 9.396180	 9.981870
27.070100	 12.441300	 10.025800
15.933000	 2.650120	 10.465900
18.572700	 2.814170	 9.838060
21.929700	 3.356400	 10.744100
10.639100	 4.704580	 9.031570
15.836400	 4.647710	 10.121600
17.456800	 5.635110	 10.958700
18.195500	 6.298010	 10.712300
12.813700	 7.825650	 10.583500
16.943400	 13.906400	 10.316100
25.841300	 14.745900	 10.358800
25.028200	 15.877100	 9.625240
13.717500	 3.540550	 10.434300
19.250200	 5.760650	 10.820800
22.776900	 10.545900	 11.088900
17.236400	 12.186000	 9.972830
11.148000	 12.310300	 11.139100
17.429800	 13.424500	 10.865000
11.149300	 16.213600	 10.624700
11.680300	 4.754940	 10.683500
15.238500	 5.212760	 11.339200
21.950500	 6.709000	 10.187000
11.197100	 10.149600	 11.012400
24.186800	 11.071000	 10.295600
15.206800	 2.765700	 10.644400
22.875200	 8.073960	 11.121300
12.113400	 8.749060	 10.248000
8.136350	 9.684230	 11.890100
24.404900	 13.346900	 10.649100
15.710400	 14.857100	 10.220000
16.451500	 4.494810	 10.920200
16.816400	 5.999230	 10.930100
18.665300	 6.118790	 10.773700
8.206620	 7.238630	 11.821300
22.080600	 10.397500	 10.465900
24.489900	 11.084200	 10.908200
10.967700	 11.515000	 11.525700
12.110500	 15.443500	 11.584500
10.278900	 15.413100	 11.692300
11.355800	 16.871600	 11.700000
18.998400	 19.800100	 10.887000
20.544700	 6.020850	 10.774600
13.218700	 7.052740	 11.639700
22.600500	 9.308300	 11.005700
8.475040	 8.576480	 11.294400
24.190400	 10.094100	 11.462600
8.343690	 10.938100	 11.670000
8.771970	 12.034500	 11.559600
23.699400	 14.678900	 12.071300
18.036900	 14.708200	 11.162100
12.427800	 14.471200	 10.173400
19.283500	 15.779700	 11.031200
13.239600	 15.235900	 10.820000
11.989100	 17.730300	 11.925100
12.736900	 18.273200	 11.107900
14.704600	 19.577400	 11.503400
15.867700	 19.816400	 11.965300
12.220700	 4.574280	 11.017000
22.777600	 7.748190	 10.823300
10.829900	 12.942200	 12.417800
9.340520	 13.114000	 11.435200
11.531100	 13.870400	 11.301000
28.052800	 6.532460	 10.773300
21.265200	 6.872370	 11.252100
16.540400	 13.478500	 11.913400
9.707050	 14.012100	 12.064900
21.706800	 14.904600	 11.608300
21.577800	 14.486700	 11.196600
25.295900	 15.771500	 11.490000
20.796200	 15.590900	 10.924400
21.171300	 19.449400	 10.370100
18.577500	 19.945200	 11.995400
19.064500	 2.850600	 10.562800
15.291400	 2.690830	 11.792300
20.143600	 2.951620	 11.137700
21.284000	 3.102060	 11.070200
21.373000	 5.862610	 11.281000
22.031500	 7.762040	 11.290900
27.750700	 8.514370	 10.851300
27.906900	 11.039100	 11.041100
25.424500	 5.393530	 10.649700
16.989900	 12.908500	 11.314600
15.902400	 15.196000	 11.408500
24.226600	 16.879600	 10.833900
11.892200	 4.314020	 12.139600
16.811000	 5.126720	 11.394900
25.962400	 5.321580	 10.981400
13.251000	 3.683850	 11.411400
10.591100	 4.654740	 10.735400
7.929220	 6.120710	 12.195700
24.243200	 10.971200	 11.834000
8.603030	 12.674000	 12.535000
17.718600	 13.984200	 11.764900
20.438000	 14.422100	 11.376800
14.419500	 15.546400	 11.618800
13.833900	 19.253700	 11.207700
24.774700	 5.139340	 10.985700
27.828900	 7.677470	 11.358800
16.977400	 14.188300	 11.279100
16.818000	 19.957500	 12.052900
17.526900	 2.666820	 11.320100
22.189400	 3.321880	 11.997800
27.998800	 5.697720	 11.532600
13.827400	 5.754740	 11.799000
22.401300	 7.043870	 11.969700
12.000400	 7.561910	 11.769900
11.579500	 9.131330	 12.079900
25.874500	 15.237600	 11.694100
13.179000	 19.192800	 12.220800
14.692600	 19.789500	 12.734100
27.201800	 5.119100	 11.778900
23.727300	 7.876070	 11.882900
24.016900	 9.094830	 11.804500
7.949680	 8.699580	 12.337800
28.009700	 9.585100	 11.003400
7.902160	 11.409800	 12.810800
24.456400	 12.562400	 11.718600
22.977800	 14.914400	 11.825700
19.554600	 15.266100	 11.795800
14.479700	 2.954160	 12.094200
23.472700	 4.164550	 11.601100
25.613700	 5.203650	 12.049900
13.605500	 5.593350	 12.294500
12.343200	 7.480060	 12.444500
24.083000	 13.994700	 11.530500
11.354900	 14.557200	 12.688000
26.560500	 14.004000	 11.154900
25.083000	 16.636300	 12.823500
9.153170	 4.897160	 11.424400
18.592600	 4.944600	 12.142300
27.569900	 12.711000	 11.566400
18.081800	 15.204300	 12.483400
10.953600	 4.678860	 11.741900
12.893400	 6.828730	 12.452800
7.852540	 7.054810	 12.863300
22.050900	 16.200000	 12.662500
10.803900	 16.765500	 12.601600
24.350300	 17.069600	 11.985000
15.487500	 5.061260	 12.422300
28.703800	 10.261900	 12.198200
14.801400	 15.260800	 13.084500
21.133000	 16.075400	 12.245000
16.057700	 20.144800	 12.823600
19.264700	 20.117400	 12.549500
8.409180	 5.106930	 12.662200
24.631200	 13.598000	 12.565900
10.946200	 11.487400	 12.475000
20.237800	 16.630800	 12.529100
23.590800	 18.049800	 13.051700
23.305200	 17.706500	 11.179700
16.212100	 2.603520	 12.186900
17.552000	 4.906830	 12.482000
28.120600	 8.540920	 12.218400
7.700380	 8.291200	 13.108500
11.110800	 9.888340	 12.683200
9.414610	 14.698400	 13.270900
13.000400	 15.527200	 12.502600
15.801500	 15.751900	 12.392600
23.479800	 15.981700	 13.062700
18.853000	 16.445300	 13.222400
20.318500	 19.886100	 11.891900
19.982000	 20.276900	 13.223300
9.889770	 4.757530	 12.334400
20.034500	 5.374500	 11.351100
21.773200	 5.974530	 13.025200
28.265100	 7.537660	 12.877400
15.928000	 15.373000	 13.118500
9.954900	 16.141900	 13.363800
21.622700	 19.461900	 12.072500
17.527400	 20.190300	 12.782200
19.613600	 2.854930	 11.904400
10.880800	 10.010900	 12.891600
10.717800	 11.887000	 12.632900
13.657100	 14.526600	 12.827900
17.688300	 15.499300	 13.179400
24.303500	 17.463700	 13.096700
12.429700	 18.827700	 12.893900
12.754200	 19.273800	 13.371600
18.971900	 2.818690	 12.448500
24.800200	 4.772750	 12.502400
19.279900	 4.962290	 12.718400
23.783200	 8.648860	 12.949400
22.301800	 19.014900	 12.268200
16.867700	 4.584510	 13.005700
28.455600	 6.222020	 12.556900
7.484600	 9.836040	 13.364700
8.797970	 13.328800	 13.097700
10.283800	 13.570700	 13.790500
27.122100	 14.074700	 12.543500
17.008200	 14.667500	 12.502400
11.970100	 14.685000	 12.937800
21.230900	 19.947100	 13.223400
14.232100	 5.087010	 13.458600
11.948900	 8.011050	 13.242700
28.918100	 10.884900	 13.077800
16.823400	 15.622100	 13.428100
20.031700	 17.110400	 13.464600
16.371700	 20.581800	 13.949600
14.934300	 2.624490	 13.267900
21.451100	 3.054800	 12.384100
7.836820	 12.197100	 13.492900
25.055100	 14.137500	 13.432200
7.974860	 5.004050	 14.253000
20.993600	 5.378000	 12.869000
22.332900	 6.394080	 13.812900
24.771900	 11.885400	 12.776700
10.194500	 12.910600	 14.057700
14.583700	 16.013200	 13.762300
13.511500	 3.175330	 13.563500
23.397700	 3.822940	 12.976100
11.774700	 4.066370	 13.431800
7.511810	 5.968920	 13.633000
24.709500	 10.043000	 12.680400
10.347400	 11.299000	 13.660800
27.876000	 12.952600	 12.696500
11.100200	 15.475900	 13.708800
14.045700	 19.918700	 13.812600
22.438700	 3.279260	 13.090500
12.971400	 3.605410	 12.970800
12.718400	 15.587300	 13.472400
9.043640	 15.435500	 14.664300
12.055900	 19.021300	 14.259600
24.727100	 4.317700	 13.826200
10.246400	 4.707530	 13.893900
10.958200	 4.622990	 12.720800
17.222700	 4.587360	 13.917600
27.643700	 5.161590	 12.577500
23.287300	 7.291480	 13.185000
8.656310	 14.009600	 14.375400
24.443700	 15.109500	 13.674700
18.292600	 20.655800	 14.084500
18.703100	 4.686350	 13.081800
11.115800	 8.909240	 13.501000
25.331400	 10.357300	 13.669800
9.854830	 10.288200	 14.188100
25.353000	 11.377700	 13.641000
28.388200	 11.492900	 12.492200
15.451600	 16.458400	 13.578800
14.595000	 17.248000	 13.480100
19.029300	 2.729310	 13.809100
19.845500	 5.139160	 13.988700
13.100000	 6.152780	 13.756900
10.329100	 9.317140	 14.751300
7.286620	 10.970800	 13.942000
7.447360	 12.364300	 14.612000
7.955660	 12.718000	 13.929400
27.481400	 14.067900	 13.464400
21.952300	 16.981700	 13.245400
22.379200	 17.072600	 14.477900
11.484100	 18.046600	 13.660900
17.246500	 2.619470	 13.106900
25.437000	 4.917740	 13.320500
14.684000	 4.315870	 14.894900
22.711600	 6.759580	 14.026100
11.262300	 7.694980	 15.073500
28.898300	 9.021700	 13.663900
26.409700	 15.428800	 13.552900
21.174100	 16.917900	 14.482100
10.088000	 16.974700	 14.243100
22.688600	 19.219400	 13.845000
15.478800	 20.535400	 14.141600
21.865000	 3.042610	 13.900200
23.661600	 3.690660	 13.825600
11.043000	 3.991730	 14.847200
9.557830	 4.763550	 13.707300
12.268700	 7.159710	 13.986400
28.931800	 11.755100	 14.019000
26.017600	 15.977500	 13.750500
21.422700	 20.144100	 14.327600
20.040300	 20.589100	 14.439600
9.846340	 11.164800	 14.679000
16.299400	 16.304500	 15.101500
24.821800	 17.349600	 14.137600
20.012400	 17.087200	 14.192800
15.433600	 2.505670	 13.477300
20.170200	 2.854370	 13.800400
12.416400	 3.624820	 14.222800
15.672200	 5.020260	 13.584200
23.853000	 8.079270	 13.295200
24.868000	 9.292200	 14.095200
7.296630	 8.837280	 14.338400
17.589100	 16.290500	 14.480800
18.371000	 17.521200	 14.095100
13.065400	 17.246300	 14.122200
23.782200	 18.274300	 14.064600
15.811100	 20.690000	 14.157100
28.697300	 7.577130	 13.990900
25.964600	 11.405200	 14.576600
6.872280	 10.182000	 14.923600
21.357700	 5.580880	 13.908700
7.209720	 5.778290	 14.774900
28.853200	 6.429500	 14.339900
7.396180	 7.325620	 14.445600
6.868500	 11.204100	 15.057900
7.629700	 13.277800	 15.356100
10.870000	 15.323600	 14.246600
13.062700	 19.908600	 15.066500
17.572200	 2.277870	 14.455500
23.098300	 3.265720	 14.874600
29.462000	 10.333600	 14.574000
25.417800	 12.716900	 13.733600
9.888810	 14.116000	 14.637900
9.743150	 16.850400	 15.089800
14.616500	 20.676000	 14.976400
15.873900	 20.710000	 15.093200
16.642100	 20.710000	 14.659200
16.785900	 2.395120	 14.119000
26.157400	 5.038900	 13.470100
13.485100	 5.261540	 14.942100
9.299190	 10.358100	 15.013400
25.877000	 13.259600	 14.514600
25.387000	 14.484400	 14.655400
23.595700	 16.572700	 13.953300
7.589190	 4.725070	 15.223000
28.444900	 5.563880	 13.741100
9.559940	 12.519900	 15.135400
9.738750	 14.775200	 15.433600
11.856800	 17.285800	 15.020700
11.664800	 19.122200	 15.394800
13.481600	 2.900280	 15.069900
12.634000	 6.313420	 14.982400
23.651200	 7.357250	 14.485500
10.938000	 17.967300	 14.696800
19.505900	 2.767600	 14.495600
14.522600	 2.635250	 14.192300
15.838100	 4.930480	 14.910900
26.175300	 9.905220	 15.008900
28.424300	 12.838700	 13.964400
29.063500	 11.884300	 14.648700
15.776300	 16.716000	 14.455100
18.815800	 17.524900	 15.026300
15.186600	 2.446600	 14.753300
24.489500	 3.880960	 14.676800
10.074800	 4.515370	 14.864900
7.022720	 6.999850	 15.508600
8.338750	 14.826300	 15.646000
23.293500	 18.978200	 15.274500
20.944100	 2.770110	 14.880900
25.856500	 4.697740	 14.679700
18.544900	 4.451970	 14.910700
17.190700	 4.251480	 15.849200
24.876300	 8.453640	 14.785000
6.894780	 8.569310	 15.550800
6.598300	 11.121700	 15.804000
27.645000	 14.385700	 14.712600
11.710800	 16.273800	 14.874600
22.296200	 17.230100	 15.178300
21.642400	 20.442000	 15.590600
14.914200	 20.710000	 16.143000
19.034400	 20.710000	 15.402300
27.667200	 5.088080	 14.361400
12.884600	 5.301090	 15.456800
27.046900	 15.173500	 15.084300
10.365900	 15.389800	 15.573200
14.499400	 16.986500	 15.080300
20.652900	 17.685200	 15.454200
9.312160	 4.711750	 14.859700
6.809460	 5.447680	 15.635800
6.739260	 12.245100	 16.223900
24.870200	 15.624600	 14.795700
24.211700	 16.242600	 15.560800
23.451400	 16.588600	 15.714600
15.529300	 16.913800	 15.428800
17.525700	 20.710000	 15.712700
21.088200	 5.408930	 14.922900
11.818700	 6.388370	 16.002400
8.936710	 12.894600	 16.097900
25.912800	 13.815400	 15.227400
18.241300	 16.376700	 15.333800
8.771000	 16.075400	 16.299900
13.203400	 17.068100	 15.734600
13.857200	 16.988300	 15.754000
28.561700	 5.445820	 15.356400
29.656400	 9.463130	 15.304200
24.186500	 18.113200	 15.459100
15.040600	 17.423400	 15.250600
10.628700	 18.325500	 16.044900
20.222300	 20.710000	 15.909400
23.610500	 6.024080	 15.626500
29.205000	 7.877140	 15.071300
8.205320	 10.316700	 16.510500
8.873410	 11.660800	 15.926600
28.475300	 13.386200	 14.866500
25.211900	 17.067600	 15.206500
16.092200	 20.710000	 16.474000
19.710300	 4.961000	 15.452900
22.401300	 5.428730	 15.109300
6.640820	 5.451010	 16.552000
28.939800	 6.213000	 15.134300
10.874300	 7.275340	 16.370700
25.809900	 8.279750	 15.908900
6.720090	 7.078060	 16.348000
9.132930	 8.878100	 16.285900
8.625490	 11.051100	 16.169700
29.705100	 10.653600	 15.614400
26.863800	 12.247800	 15.829600
28.986100	 12.550500	 15.181600
25.834900	 14.597100	 15.598200
9.117400	 13.973400	 16.011900
25.428800	 15.720300	 16.181600
21.222700	 17.248000	 16.815200
13.722100	 20.689500	 16.184400
16.439500	 2.092590	 15.829700
24.603200	 7.516660	 15.502100
24.290500	 14.061100	 15.845300
27.775600	 14.681800	 15.880900
18.403500	 17.142300	 16.262200
18.697700	 20.710000	 16.548700
22.087200	 2.898880	 15.396200
25.343000	 4.059630	 15.650100
9.281050	 4.420960	 15.743800
11.627000	 5.275020	 16.224600
27.040600	 9.383180	 16.140800
6.456210	 9.857670	 16.195700
7.394290	 13.842600	 16.442700
25.106100	 13.508900	 16.156500
23.737200	 15.013300	 16.098800
17.106000	 16.544800	 15.746900
22.592500	 19.593800	 15.431500
18.135200	 2.227910	 15.816600
27.787100	 4.943420	 16.026700
20.988100	 5.083020	 16.089700
10.167700	 8.034550	 16.035500
22.922100	 14.903000	 15.853600
8.160400	 15.122400	 16.296600
26.058600	 16.213800	 15.435900
19.753800	 16.977800	 16.025300
14.360600	 3.866100	 16.702600
26.498800	 4.808400	 15.325000
27.068200	 11.411200	 15.973900
15.135000	 17.628700	 16.464600
10.916200	 16.894300	 16.434800
23.906300	 18.543200	 16.060700
21.083200	 2.532740	 15.767000
11.980200	 3.436770	 15.670900
6.208890	 10.399100	 16.839100
19.382400	 14.331800	 17.399500
12.274500	 19.728400	 16.386800
24.337800	 3.533210	 16.184700
29.825600	 8.250790	 16.238300
29.974900	 10.029700	 16.219400
27.388600	 10.058800	 16.238800
8.079220	 11.839200	 16.930900
20.506200	 16.590900	 16.363400
15.756100	 16.992000	 17.071000
22.023400	 16.034800	 16.020300
13.338900	 17.664400	 16.251200
20.870400	 2.463190	 16.516300
10.117400	 4.022300	 15.970700
24.898300	 6.462770	 16.124000
8.327390	 9.735200	 16.567800
25.903700	 14.175200	 16.501400
9.822370	 14.726700	 16.049500
23.112700	 17.411300	 16.584000
11.346600	 19.218100	 16.710100
13.243400	 4.702350	 16.116900
10.229200	 5.911930	 16.652200
27.326200	 7.888120	 16.469400
7.734620	 11.043800	 17.167700
23.836300	 15.569900	 16.757400
17.028300	 20.710000	 17.090500
17.362100	 2.062210	 15.780600
14.697600	 2.487150	 15.898000
19.473700	 2.734430	 15.893900
10.611300	 3.650880	 16.965300
13.555300	 4.170840	 17.336900
25.988800	 7.355340	 16.182700
6.418950	 8.640560	 16.587400
29.548600	 11.523300	 16.053200
6.781070	 13.257900	 17.257900
20.032400	 17.311200	 16.794700
22.382000	 20.247900	 16.639200
19.060800	 2.609900	 17.179000
22.046700	 4.607670	 16.598100
10.591100	 5.373440	 16.770500
29.480900	 7.333620	 16.181400
8.112610	 7.990780	 16.868600
8.445430	 13.228700	 17.328300
26.758300	 13.694100	 16.722600
9.728800	 16.313000	 16.894300
9.579350	 17.204700	 16.404000
23.750000	 18.761400	 16.917200
20.444900	 20.710000	 16.931200
22.849200	 3.075760	 16.446200
18.547600	 4.122360	 16.739300
8.087280	 4.424650	 16.728800
11.633800	 5.016480	 16.772000
6.120860	 5.072670	 18.035300
26.522000	 6.347330	 16.863500
9.711300	 7.583570	 16.608200
7.835600	 9.511930	 17.066500
29.758300	 11.591800	 16.888200
6.257140	 11.734600	 17.271600
28.049100	 14.686400	 16.722800
24.787700	 14.943200	 16.835000
26.903300	 15.792700	 16.496300
24.871100	 17.538500	 16.242800
17.071900	 17.007200	 17.375800
11.216900	 17.558200	 17.143300
13.285900	 20.682200	 17.242400
17.976500	 20.710000	 17.697100
21.759400	 4.188400	 17.048900
12.553200	 4.390890	 17.793900
8.413210	 6.838200	 17.245300
30.292900	 9.408880	 17.115500
29.349100	 12.615800	 16.718300
25.602700	 11.854600	 16.807800
8.738660	 13.968900	 17.025100
8.952150	 15.407800	 17.353300
25.885300	 16.684600	 16.797200
12.248200	 16.951200	 16.460800
9.869600	 17.842500	 17.344200
24.861700	 3.590640	 16.689500
23.188400	 5.057960	 16.544400
28.170100	 9.432140	 16.763200
7.435360	 8.022300	 17.422400
5.961710	 10.004600	 17.519700
28.954800	 13.313900	 16.494600
26.245800	 13.207500	 17.139400
23.001700	 16.384600	 16.963000
14.052200	 20.710000	 17.647400
22.109700	 2.696510	 17.035700
12.462400	 3.006680	 16.580200
15.470800	 4.063120	 16.637500
9.160100	 4.256730	 16.600300
25.027900	 5.468190	 16.845300
5.948970	 8.322980	 17.667700
27.037700	 12.080100	 16.822900
12.674200	 17.674600	 16.557300
10.887100	 18.913300	 17.246100
11.944300	 19.798900	 17.834000
19.291000	 20.710000	 18.164900
16.554400	 4.015090	 16.719100
7.187170	 4.629840	 16.817700
9.359500	 5.708040	 17.089200
6.062620	 7.416870	 17.759200
30.252900	 7.835450	 17.627000
28.251600	 11.095600	 16.846600
28.212700	 11.764700	 17.290000
10.848700	 16.228500	 17.255600
15.617600	 2.110760	 16.918100
20.008300	 4.449040	 16.770200
29.190900	 5.535720	 16.809000
27.354500	 15.538200	 17.706400
20.787300	 14.335100	 17.159500
7.328190	 14.639500	 17.679700
24.237200	 16.488000	 17.233900
21.886400	 17.291000	 17.727800
22.974900	 19.521300	 16.637200
17.830700	 2.138600	 16.978400
13.758500	 2.735920	 16.630000
28.385100	 4.756020	 16.753900
27.680900	 7.254640	 16.866200
6.174130	 6.099150	 17.817100
6.231230	 12.708100	 18.395000
28.538100	 14.142800	 17.561200
8.176320	 14.011800	 18.065700
19.719700	 13.376200	 17.823700
25.779100	 14.102200	 17.333400
8.037960	 15.730100	 17.670500
17.997500	 16.767300	 17.252100
23.967300	 16.099200	 17.468700
23.295300	 16.526900	 17.484600
8.764610	 16.788900	 17.942900
14.892100	 17.088800	 17.244200
22.632700	 20.117600	 17.262400
21.576000	 20.684600	 17.230000
8.225710	 5.855750	 17.786300
27.124200	 11.658500	 17.742300
7.266110	 11.859400	 18.020100
25.481200	 15.341300	 17.960800
14.658600	 2.269320	 17.735400
28.686000	 8.387230	 17.145200
30.232100	 10.370100	 17.386800
7.307920	 9.470310	 17.750700
5.903630	 11.499200	 18.351700
26.510700	 16.402700	 17.878700
9.486290	 15.685000	 18.119500
13.911400	 17.638300	 17.731500
9.960840	 17.504300	 18.041500
23.704800	 3.059460	 17.389200
15.303200	 3.565740	 17.538800
23.551800	 4.710110	 17.843700
28.572800	 4.668990	 17.726700
11.053700	 4.701110	 18.294700
9.863190	 16.722500	 17.718600
29.762500	 6.399720	 17.582000
26.867800	 12.967600	 17.683700
6.768710	 14.068300	 18.500400
20.236800	 15.909300	 18.019500
19.116400	 17.070200	 17.657500
9.876460	 18.101300	 18.237000
23.762900	 19.195600	 18.292000
15.520200	 20.710000	 18.043300
25.092300	 3.332470	 17.915600
26.338000	 4.147630	 16.870200
8.468120	 4.139550	 17.857700
16.671500	 9.472020	 18.100700
17.291100	 9.986900	 17.844700
5.679280	 9.767720	 18.331700
6.990230	 11.036800	 18.337400
7.892090	 13.212400	 18.055200
21.201800	 13.200400	 18.128200
26.488900	 14.519100	 18.342600
19.049800	 15.498800	 18.106800
25.115200	 17.485300	 18.148200
20.253500	 17.328400	 17.825700
13.097500	 20.692300	 18.659100
21.208400	 3.903060	 17.658300
22.708900	 3.877620	 17.955800
26.860700	 4.188650	 17.460500
29.139800	 11.287800	 17.976400
18.161600	 11.014400	 18.127000
16.552300	 16.957500	 18.344600
12.629000	 17.815900	 18.334200
10.952800	 19.180800	 18.201400
14.671300	 20.710000	 18.977000
17.184800	 20.710000	 19.044900
16.755200	 1.990640	 17.349000
19.980100	 2.447790	 17.864700
17.396800	 3.445720	 17.721000
19.774900	 3.660810	 17.812100
13.755500	 3.834440	 18.174400
6.981540	 4.493620	 17.508900
6.265140	 4.351100	 18.404800
27.814100	 6.424400	 17.984100
7.209960	 7.319340	 18.032200
28.595900	 7.338930	 17.827500
6.844240	 9.986630	 18.669400
19.441400	 10.684100	 18.226400
16.616600	 11.186600	 18.319900
28.518600	 14.300900	 18.245500
22.903100	 16.709900	 18.488800
21.399200	 16.881800	 18.251200
20.569400	 20.710000	 18.057900
21.549000	 2.384830	 17.739600
10.442100	 3.457250	 18.147000
5.946330	 6.396240	 18.695200
29.349300	 9.959960	 18.000000
18.292400	 9.618800	 18.001300
19.327200	 8.918140	 18.528600
20.546400	 10.181000	 18.489200
6.679320	 12.306700	 19.017300
7.924010	 14.644100	 19.356900
7.343110	 15.231300	 18.672900
18.077400	 16.332500	 18.355300
16.002500	 1.935980	 18.106000
22.690100	 2.400100	 18.315900
9.838380	 5.157470	 18.089400
30.786500	 9.523680	 18.417700
5.316770	 8.383060	 19.299800
8.601900	 15.201800	 18.632400
9.096330	 16.280500	 18.588500
13.286300	 2.716630	 18.337200
17.838500	 8.424560	 19.045600
21.887000	 20.692600	 19.021000
18.531800	 20.710000	 19.277100
24.920700	 4.876720	 18.275500
26.286300	 5.361530	 18.141100
6.819460	 6.338560	 19.293200
5.758790	 6.870000	 19.082300
15.448600	 8.520260	 18.431600
5.438960	 10.445300	 19.252800
29.558200	 12.963200	 18.001500
20.930700	 14.499100	 18.164600
15.333900	 17.302400	 18.929300
10.547800	 18.993900	 18.700100
21.405600	 2.222270	 18.644600
19.008500	 2.540240	 18.047200
11.881700	 2.958380	 17.968300
16.375800	 3.046090	 18.024000
21.847500	 3.652080	 18.493100
14.377900	 7.267330	 18.720000
16.165000	 7.778930	 19.012000
21.879800	 10.526200	 18.752400
17.667400	 17.195200	 18.428200
24.547400	 18.073200	 17.895900
28.847700	 4.666690	 18.834400
6.334260	 7.523420	 19.502100
29.325100	 8.192140	 18.649800
17.378200	 8.179200	 19.204100
6.512010	 8.456200	 18.880000
23.165900	 10.822500	 18.356200
22.321500	 11.380000	 18.725400
28.245900	 11.625500	 18.525000
7.315800	 13.677900	 18.974400
19.675600	 15.992900	 19.052200
11.085600	 17.967500	 18.864400
11.588400	 17.766000	 19.328600
6.889850	 3.916280	 18.845500
27.697100	 4.148240	 18.954900
25.216700	 4.670720	 18.951600
27.578900	 5.635690	 18.847200
27.991400	 12.694600	 18.819500
8.472600	 16.586500	 18.272100
16.271800	 17.012300	 19.428000
10.509900	 19.175700	 19.537800
17.675400	 2.086790	 18.430600
19.671400	 2.495780	 19.167300
10.899900	 2.889120	 19.386500
15.118500	 3.299630	 18.837700
20.606000	 3.359190	 18.763400
11.226800	 4.309690	 18.686400
19.376800	 8.001020	 19.698200
5.121090	 9.331020	 19.694400
20.949200	 8.511240	 19.329300
6.331540	 13.722500	 19.646600
6.937610	 15.099400	 19.704000
21.249300	 15.809600	 18.469600
7.691060	 15.684300	 19.980300
7.800800	 16.362600	 19.547800
22.106200	 16.306200	 18.932900
9.377320	 3.791750	 18.053600
8.860840	 5.218830	 18.861300
15.384700	 9.291070	 18.630400
22.148100	 10.250500	 19.620000
19.297000	 11.403100	 18.902600
26.930500	 16.298400	 18.865400
14.426100	 17.755300	 19.215900
22.944700	 20.032600	 18.527100
20.850000	 20.710000	 19.480500
16.923900	 2.758020	 19.206100
18.179700	 3.477670	 18.565900
7.335270	 5.874070	 18.733500
28.398000	 6.317140	 18.889800
14.266900	 6.100100	 19.471900
14.290000	 7.983910	 18.729200
29.076300	 10.793100	 19.468400
20.378400	 11.299800	 18.523300
21.309900	 11.983000	 18.982100
13.064600	 20.691600	 19.766100
19.792300	 20.710000	 19.575200
6.196150	 9.386380	 19.948600
28.500000	 14.379400	 18.688100
20.996700	 15.918500	 19.402400
19.411800	 15.688600	 20.337100
24.307500	 16.221200	 18.666500
25.525900	 17.361700	 19.013900
9.323490	 17.963800	 19.345800
16.004700	 20.710000	 19.911400
14.149500	 2.212930	 19.582000
23.771300	 2.829850	 18.368500
12.917900	 3.891200	 19.040900
29.633700	 5.453570	 18.676800
9.385740	 4.381210	 20.041900
30.204300	 6.423830	 18.639200
15.488900	 6.352810	 19.783400
29.293300	 7.068770	 19.450700
30.726100	 7.636110	 18.908400
16.608800	 6.845750	 19.978200
17.736500	 7.375120	 20.073500
22.612200	 10.941600	 19.075300
8.773740	 17.538200	 19.647700
8.479490	 3.704450	 19.373700
9.912480	 4.758480	 18.993200
5.527400	 6.522770	 19.991500
30.627000	 6.619350	 19.495400
22.231000	 9.882430	 19.096300
29.306900	 11.069500	 19.406200
29.752700	 12.970600	 19.037400
25.001000	 15.670400	 19.478100
23.803700	 16.184500	 19.301800
26.497100	 16.893100	 20.202900
12.220300	 2.807720	 19.119200
13.181400	 5.271130	 20.579500
13.363400	 6.825610	 19.494500
29.348300	 9.768550	 19.464700
30.850100	 10.321200	 19.425500
30.210200	 11.404500	 18.505400
6.187130	 12.497800	 20.032500
6.756670	 14.190200	 20.290700
23.752100	 15.344600	 20.188600
13.957700	 15.424600	 19.711500
14.592500	 16.727000	 19.422300
15.573300	 1.861670	 19.400600
26.406600	 3.653390	 18.733000
14.700300	 2.983870	 20.470600
10.290000	 3.926800	 19.843400
7.826170	 5.142460	 19.764200
31.041800	 8.805110	 19.406200
22.500600	 8.100060	 19.947500
15.987700	 9.856540	 18.842800
17.788100	 11.006700	 19.499800
17.956500	 14.735300	 19.719900
15.448300	 15.976500	 20.220300
24.773400	 18.193000	 19.397500
17.525000	 20.710000	 20.465800
25.071700	 3.047120	 19.026100
16.292900	 2.696440	 19.880000
18.941300	 3.364080	 19.424600
11.682500	 3.910340	 19.462900
6.705990	 5.634030	 19.943500
14.395300	 5.284420	 20.287700
19.906900	 7.501650	 20.052600
4.866760	 9.988700	 20.516900
30.418900	 11.848200	 19.795700
10.061600	 17.562200	 19.826400
23.180700	 19.982500	 19.993200
14.751100	 20.710000	 20.083900
18.558400	 20.710000	 20.159100
21.018200	 20.710300	 20.792200
19.016200	 2.576630	 19.482500
22.584100	 2.273410	 19.504100
13.266700	 2.710980	 19.954300
23.965200	 4.071030	 19.392700
29.106100	 4.507690	 19.933800
6.136920	 3.774230	 19.983500
26.761500	 5.042990	 19.437100
28.268300	 5.676280	 19.691200
15.435200	 9.987660	 20.191900
22.495200	 11.726500	 20.509100
26.640200	 14.992900	 19.534200
22.270700	 15.586800	 20.250300
21.116100	 15.661000	 20.377500
18.072900	 16.170300	 19.499600
25.752700	 17.652200	 20.627000
23.894000	 19.403700	 19.874900
11.547400	 19.715400	 19.039200
9.983400	 3.061290	 19.810200
22.376400	 3.532820	 19.539100
5.499600	 4.916370	 19.590100
5.217220	 7.656380	 20.318200
6.389160	 10.994400	 19.560500
18.196400	 13.226000	 20.333300
6.170530	 13.866800	 20.606900
17.402900	 16.348300	 19.508300
8.971030	 16.715100	 19.563900
9.761470	 18.622500	 20.266600
16.546900	 1.711950	 19.633700
13.740600	 3.656060	 19.891200
18.213100	 7.100340	 20.431200
13.310700	 7.984930	 19.736200
30.002800	 13.025500	 20.213100
5.559230	 12.306500	 19.947200
22.148200	 15.217800	 19.547900
13.450700	 18.174300	 19.321500
13.731100	 20.710000	 20.926100
7.924880	 6.850500	 20.160400
29.023000	 9.041200	 20.067300
16.117400	 11.019700	 19.204800
19.238700	 11.104200	 20.179100
27.715100	 13.437100	 19.158400
29.163100	 14.028000	 20.065400
26.454000	 15.055000	 19.983900
12.438300	 15.159000	 19.634800
11.541900	 16.118100	 19.703100
29.981900	 5.375730	 20.271000
20.837100	 7.752530	 20.116800
4.821720	 9.093670	 20.626100
22.157900	 9.263150	 20.660400
18.448700	 14.878400	 20.035800
10.925300	 15.283500	 20.177700
13.105300	 20.682500	 21.351400
15.238800	 20.710000	 20.983400
17.771300	 2.060060	 19.670700
23.652700	 2.689990	 19.998800
26.759300	 3.562140	 20.225800
5.119280	 5.214700	 20.923300
6.492670	 7.888760	 20.240600
7.885360	 8.125420	 20.129800
31.068400	 9.996860	 19.863500
5.941760	 9.916870	 20.992800
5.971330	 11.448200	 20.635900
11.636700	 19.929300	 20.844500
21.030700	 2.052070	 20.245100
18.188200	 3.278400	 20.092000
12.336100	 6.585450	 20.249600
23.338700	 7.814150	 20.737500
20.261700	 11.351300	 20.168900
5.185180	 11.573000	 20.699200
28.524900	 12.397100	 19.784600
27.478800	 16.093700	 20.349600
28.932500	 5.946560	 20.563600
5.261460	 6.703000	 20.781900
9.297910	 6.164490	 20.846400
6.206250	 6.508910	 21.116400
21.847200	 7.111790	 21.072800
28.816800	 8.276730	 20.448900
14.281300	 9.134810	 20.040300
6.605410	 9.132560	 20.629300
17.666500	 10.939300	 20.564200
21.198700	 11.196900	 20.625200
12.042000	 14.618000	 20.225500
13.479700	 14.298000	 20.713000
11.935800	 16.353800	 20.209300
8.959960	 17.939500	 20.635200
14.671600	 1.902370	 20.687900
7.551790	 3.560530	 20.448100
27.347500	 3.724570	 20.437700
8.210020	 4.511440	 21.059500
29.283200	 7.211170	 20.970700
17.192500	 11.670000	 21.083400
18.633100	 12.465500	 21.096900
6.509250	 15.321300	 21.425600
10.272400	 15.585800	 20.373000
27.850600	 15.226400	 19.471400
6.695100	 14.579100	 21.687200
12.999700	 17.051400	 21.065200
12.333400	 17.056500	 20.452900
13.350600	 16.868400	 19.977300
11.348800	 18.108700	 20.798800
24.622300	 18.945600	 20.987100
10.191000	 19.116900	 21.228400
19.334500	 20.710000	 21.306700
25.391900	 2.922290	 20.285800
5.274860	 4.165540	 20.809800
11.348500	 5.671110	 21.067100
16.078000	 5.718530	 21.073300
10.001500	 6.049190	 21.046800
19.064800	 6.544630	 21.176400
29.159900	 9.946080	 20.445200
5.930750	 12.660100	 20.877900
27.018600	 14.056400	 20.527200
25.485700	 14.963000	 20.278500
13.489800	 15.549700	 20.730000
20.904200	 15.230400	 21.218700
10.223400	 16.692900	 20.982100
8.590880	 16.709300	 21.362700
23.965800	 3.871440	 20.589800
10.849200	 6.806540	 20.490200
9.178510	 7.424700	 20.508100
16.612300	 11.340000	 20.032500
29.063000	 11.168000	 20.282100
17.598100	 12.337800	 20.155500
17.733700	 13.244300	 20.640300
28.599600	 14.894700	 20.806300
17.545800	 14.733700	 20.445200
21.808500	 15.245300	 21.843700
10.692300	 17.108500	 20.645100
12.290700	 18.032700	 20.854500
22.030700	 20.682400	 20.730700
16.154500	 1.557100	 20.306100
18.358700	 2.092510	 20.876300
20.144300	 2.278650	 21.035700
11.617200	 2.799060	 20.434800
20.764100	 3.160530	 20.139200
24.893300	 4.134180	 20.479000
25.829500	 4.501090	 20.551100
27.221300	 5.000990	 20.368600
4.823060	 5.817640	 21.975100
20.620300	 6.672330	 21.218500
11.896600	 7.713730	 20.447700
4.564520	 9.896240	 21.525200
22.219900	 9.799240	 21.347400
5.689320	 11.065500	 21.444700
27.910900	 12.754500	 21.024000
5.663940	 13.360600	 21.518800
25.599600	 14.272500	 21.592200
16.270800	 16.043200	 20.814000
10.136300	 17.445700	 20.699500
10.692300	 19.468500	 21.634100
23.903000	 2.720440	 20.786500
14.063400	 4.484500	 21.252700
4.732420	 8.276980	 21.711300
12.722000	 8.897450	 21.287400
22.440700	 8.388880	 21.242600
18.347700	 11.825400	 21.813500
5.932230	 13.309800	 21.645800
23.153700	 14.963700	 20.727800
7.145500	 15.742300	 21.451300
23.329600	 19.958800	 20.718600
19.234300	 2.428380	 20.464100
5.442750	 3.427580	 21.808100
12.445300	 3.790650	 20.778000
15.369000	 4.963330	 21.350900
8.824700	 5.262510	 21.713400
5.937760	 5.652210	 21.288200
17.335800	 6.450810	 21.162800
4.776410	 6.630980	 22.022000
27.621800	 7.554080	 21.160400
8.400010	 8.605240	 21.188800
15.743500	 10.697800	 20.928200
27.100200	 13.683300	 21.217700
19.512900	 13.891500	 20.907000
14.843000	 15.156500	 21.338100
11.671400	 19.908400	 21.646600
8.925780	 3.187070	 20.535900
19.516300	 3.279010	 21.080300
6.542480	 3.339610	 21.159000
10.968500	 5.391540	 21.516900
7.776720	 5.818970	 20.881400
28.685900	 6.589400	 21.775000
22.339900	 10.990800	 21.334300
5.138920	 12.172700	 21.590200
26.817900	 17.015000	 21.380000
14.218700	 20.710000	 22.063200
17.049000	 1.692190	 20.856600
13.164400	 2.705550	 20.993600
26.850000	 3.426240	 21.113100
10.822400	 3.847680	 21.099100
28.602700	 5.396730	 21.315300
18.455600	 6.367070	 21.393600
31.367300	 8.196110	 20.465200
31.532100	 8.773220	 21.207600
6.030480	 10.731000	 22.016500
4.500690	 10.683900	 22.109600
23.185100	 11.964100	 20.950800
23.613800	 12.758000	 22.128800
27.982400	 15.893400	 21.299800
22.421000	 20.496700	 21.994300
17.321400	 2.680480	 20.938600
23.393800	 3.603060	 21.214700
9.765690	 4.934690	 21.848500
27.038500	 7.296390	 21.524600
13.279800	 8.928960	 21.082000
14.951900	 9.928830	 21.253500
28.285200	 11.846500	 21.089000
19.891500	 12.761900	 21.352400
5.654920	 12.250500	 21.891900
8.947630	 15.638900	 21.807400
11.371800	 17.547900	 21.291900
16.502000	 20.710000	 21.580300
6.627430	 5.009120	 21.353700
29.116600	 5.836070	 21.552100
30.179700	 5.248580	 21.236600
17.604600	 5.939840	 21.804500
31.062500	 6.579220	 20.980700
19.916500	 6.003340	 22.004300
10.586100	 8.149370	 21.019000
31.405500	 10.087800	 21.111800
19.254800	 10.968400	 21.030400
18.301800	 11.054700	 21.961500
20.798600	 13.800200	 21.826600
7.273330	 16.181600	 20.976500
8.283690	 17.299600	 21.186100
15.208000	 20.710000	 22.374700
15.761800	 2.648840	 21.571100
15.159700	 4.145110	 22.723600
11.177600	 4.238970	 22.275100
16.492000	 5.140240	 22.175100
23.512800	 6.806930	 21.883700
20.644500	 10.951800	 21.279600
19.256200	 11.290900	 22.539400
5.762170	 13.860600	 21.940600
29.444300	 14.137300	 21.287400
9.473390	 18.676800	 22.378000
13.264100	 20.666900	 22.221300
17.604500	 20.710000	 21.927300
14.573900	 2.911380	 21.288800
12.460100	 4.997630	 21.445100
9.104890	 8.706650	 21.553400
13.800000	 9.492680	 21.408100
7.515930	 9.780270	 21.736600
30.959000	 11.340700	 20.900400
24.550900	 14.674500	 21.711500
6.259860	 15.131600	 22.405700
25.908200	 17.806000	 21.723600
10.502600	 19.414300	 22.544700
20.364900	 20.710000	 21.961600
22.305500	 2.070720	 20.651500
23.582000	 2.560120	 21.686700
22.205400	 3.416260	 21.104600
28.484100	 3.955260	 21.300100
10.834500	 3.749320	 21.480800
24.252500	 7.244970	 21.864500
10.958100	 8.782930	 21.742200
23.055400	 11.136000	 22.155500
20.000700	 15.107200	 21.867000
21.377800	 16.111300	 21.854500
27.281000	 16.939300	 22.373200
9.896850	 17.277800	 21.791000
20.879600	 2.062770	 22.867600
8.116000	 3.135180	 21.745100
9.437810	 3.857140	 21.188600
27.003000	 4.813620	 21.634600
7.823880	 4.680130	 22.118900
9.053280	 9.190320	 22.280100
13.457100	 9.650650	 22.063400
24.082000	 11.677800	 22.128500
9.040500	 16.315500	 21.453200
20.622500	 16.773600	 22.020900
21.434300	 17.309400	 22.132700
24.109500	 19.580700	 21.538200
16.060800	 1.449720	 21.379000
20.956500	 3.146930	 21.285400
14.121400	 3.140970	 22.994500
25.663000	 4.080770	 22.079900
29.480800	 4.433970	 21.408800
27.283700	 6.708230	 21.902500
25.887100	 7.174570	 22.016000
22.772700	 9.477990	 22.255400
23.508000	 14.527700	 22.203400
21.627900	 12.806500	 22.342900
19.736000	 13.345300	 22.199200
21.603300	 14.440600	 21.896000
24.836000	 14.122700	 22.291300
29.188000	 14.700900	 21.778000
8.570800	 15.559100	 22.937700
7.518010	 16.591400	 22.504400
14.184000	 2.049240	 22.180200
8.792760	 2.855330	 22.469100
8.918910	 3.863060	 22.326900
31.416200	 6.883540	 21.832800
24.102500	 6.544130	 22.571000
23.814600	 8.324100	 22.524900
28.335300	 9.466710	 21.962200
28.415200	 10.717400	 21.812400
20.882200	 11.745100	 22.617700
15.405800	 15.521300	 21.584600
8.256620	 15.162400	 23.195900
8.501710	 17.660500	 22.478000
21.106200	 2.053060	 21.553100
12.784400	 2.737470	 21.950000
9.877440	 2.853300	 21.072500
15.329300	 2.601620	 22.494600
7.356540	 3.118840	 22.181800
12.001800	 3.971850	 22.249400
13.575000	 3.836910	 21.840600
4.684110	 4.628070	 22.053100
28.234200	 8.252960	 21.863200
20.199200	 11.071700	 22.599100
16.907700	 11.574100	 21.344400
30.392300	 12.816700	 21.025900
5.401250	 13.376800	 22.531200
22.611300	 16.131700	 22.183500
21.989200	 20.694500	 22.238700
18.252900	 1.963860	 21.855700
22.318900	 2.060760	 22.427700
19.564100	 2.551340	 22.407100
22.123200	 3.386550	 22.087000
24.826500	 3.908100	 22.071500
10.614800	 3.830600	 22.255800
9.619510	 4.030370	 22.422100
26.326600	 6.464080	 22.707200
4.322560	 7.469100	 23.083700
8.964780	 10.168100	 23.057600
27.691800	 10.698100	 22.459800
30.755100	 12.859400	 22.518300
5.343670	 11.912100	 23.100500
26.265400	 13.490600	 22.289000
17.476200	 14.246400	 21.426800
16.995400	 14.939300	 21.814500
14.672500	 14.492800	 21.943300
11.638200	 17.916700	 22.207100
24.747700	 2.804640	 22.005300
18.255100	 3.220310	 21.814200
23.849300	 3.742190	 21.851100
18.253000	 5.527430	 22.829300
22.658000	 6.129910	 22.715900
9.742700	 8.967340	 22.322200
11.595500	 9.508090	 22.710800
4.459780	 8.994090	 22.629800
15.789600	 10.780900	 22.727200
23.317600	 9.907530	 22.864200
25.597900	 11.600000	 22.633800
23.268000	 11.855100	 22.371300
25.083500	 12.533400	 22.567700
18.700400	 14.206000	 22.896800
19.944900	 16.761800	 22.550900
24.883200	 19.085100	 21.987500
19.018000	 20.710000	 22.882200
17.496000	 5.188980	 23.569900
31.563100	 6.658720	 22.574300
28.778600	 6.288190	 22.611300
24.853400	 7.522190	 22.467600
31.905900	 9.465700	 22.754900
9.691930	 9.565310	 22.791100
24.115500	 10.608300	 22.806000
31.279300	 11.371100	 22.039600
27.308700	 12.370800	 22.307700
19.205600	 15.173900	 22.362900
14.088500	 15.980000	 21.958900
13.393900	 17.116200	 22.256400
20.725300	 20.710000	 23.143300
15.486400	 1.527510	 22.099400
10.928900	 2.802090	 21.814500
4.069530	 4.071380	 23.807300
21.779400	 6.131040	 22.539700
25.532500	 6.247010	 22.911400
31.662700	 7.643550	 22.391500
26.779600	 7.786370	 22.656900
27.333700	 9.114500	 22.614400
25.483900	 11.029200	 22.833500
21.873700	 11.061100	 22.656900
4.574620	 11.766000	 23.206000
14.902500	 13.649600	 22.969200
28.353500	 15.899000	 22.463700
8.178260	 16.614900	 22.372700
26.336800	 17.910300	 23.355000
10.127300	 17.770400	 23.364700
8.398560	 17.656800	 22.911600
13.091900	 2.722130	 22.503100
27.194600	 3.469290	 22.068900
14.069400	 3.663900	 23.477800
30.454500	 5.187690	 22.260900
4.259250	 5.851030	 23.577000
26.652500	 11.750700	 22.723000
30.214800	 13.579200	 22.266200
5.540910	 14.175600	 23.538000
23.683800	 16.324300	 22.665200
24.677800	 19.481800	 23.098000
23.447800	 19.956600	 22.964400
17.491500	 1.638700	 22.369300
6.273120	 3.026560	 22.623200
21.337300	 3.159820	 22.680800
28.596700	 3.925070	 22.228700
19.125500	 5.568030	 22.166100
20.416500	 5.468220	 23.437800
27.082600	 8.539790	 22.747600
31.735700	 10.371900	 22.354000
26.440000	 10.157900	 22.839200
25.127800	 9.670430	 22.921600
12.540300	 17.710700	 22.879400
25.389900	 18.822500	 22.965700
16.574600	 20.710000	 23.499800
16.940100	 2.570660	 22.324800
22.830600	 3.496260	 22.610900
4.806120	 3.818740	 22.334500
28.182100	 5.095910	 22.550800
29.133900	 5.731360	 22.501400
28.258400	 6.452290	 22.725200
25.711900	 8.825200	 22.777800
14.776200	 10.341600	 22.927300
24.263000	 14.771300	 22.979700
6.280370	 14.283500	 23.286500
22.833500	 17.606600	 22.681900
11.356500	 18.002100	 23.276900
21.242100	 17.933400	 22.584000
12.103500	 20.129600	 23.338300
21.902000	 20.654800	 23.257600
14.152000	 20.675800	 23.937900
15.271900	 20.710000	 23.413700
29.445800	 4.230480	 22.669800
22.618200	 5.462040	 23.928600
7.680400	 11.117500	 22.945400
17.130700	 11.778600	 22.861200
22.239200	 13.170700	 22.486900
29.570600	 14.623000	 22.664400
14.765100	 15.100500	 22.906000
6.281950	 15.353400	 23.172700
27.975600	 16.584600	 23.219800
20.046600	 17.021500	 23.539800
17.580000	 20.710000	 23.619600
27.524400	 3.548340	 23.260400
5.999920	 11.376400	 23.059400
5.598600	 13.131800	 23.190800
7.344970	 16.509500	 23.730300
8.840450	 18.352900	 23.999400
23.613600	 19.884500	 24.444200
15.633000	 2.439790	 23.681900
10.147300	 2.848460	 22.868400
18.196000	 5.103130	 24.222500
17.353100	 12.680400	 22.419300
17.324600	 13.901600	 23.000200
19.144300	 15.551500	 23.419600
16.898200	 1.457560	 22.914100
18.113600	 1.754300	 23.535300
19.750000	 3.248370	 22.500000
28.739000	 3.858350	 24.015500
16.070600	 4.541050	 23.477600
4.367050	 10.435900	 23.265100
5.673790	 11.978100	 24.157200
5.161610	 13.293700	 23.869700
15.830300	 14.594800	 23.060900
29.198700	 15.287300	 23.510700
10.753900	 19.564000	 24.108200
3.958680	 4.385790	 24.066100
24.118500	 5.674590	 23.600600
31.608800	 11.648700	 23.503100
4.628370	 12.314800	 24.422800
8.980940	 17.128400	 23.130300
13.312300	 20.487900	 23.680700
18.568300	 20.710000	 24.368700
29.993500	 4.424290	 23.339200
19.804600	 5.369390	 23.837000
25.826300	 5.743150	 24.136100
32.005800	 8.159670	 23.743200
13.118600	 10.010000	 23.060600
13.929300	 10.521100	 23.777200
30.598600	 13.363400	 23.098600
24.928300	 16.032100	 23.520700
6.996190	 16.060100	 22.902700
8.429650	 16.791600	 24.671200
25.894200	 2.897170	 22.034900
23.174500	 3.617120	 23.334100
15.580100	 3.682750	 24.125900
26.841300	 4.597420	 22.703600
30.928700	 5.442920	 23.218900
31.283000	 12.628500	 24.221200
5.531500	 13.323300	 24.435300
15.051900	 14.749200	 23.640900
23.979800	 17.789400	 23.626000
7.852290	 17.107600	 24.191500
21.277700	 18.126600	 24.164000
10.055200	 19.126600	 24.154200
15.269800	 1.566940	 23.522400
11.622800	 2.750000	 23.288100
7.692600	 2.870950	 23.076200
10.148700	 2.789930	 23.389000
18.342400	 3.220610	 23.432200
28.201000	 5.364200	 23.831400
21.640000	 5.403290	 24.017200
4.398990	 9.116150	 23.227700
10.730800	 10.290400	 23.598300
22.268300	 12.380800	 23.685400
16.144800	 13.302000	 24.164900
13.807100	 2.347560	 23.773700
23.908600	 2.693730	 23.413200
25.041700	 2.833100	 23.290000
4.911000	 3.202040	 23.703300
27.514800	 5.741530	 24.078400
31.824200	 7.061440	 23.268700
4.377690	 11.282700	 24.424500
25.067500	 13.818000	 24.023300
8.077670	 15.800200	 23.796200
22.496500	 18.283600	 23.475400
9.746070	 10.833600	 24.352400
28.473400	 16.379200	 24.605500
27.524900	 17.138700	 24.260300
7.012210	 16.098200	 24.575000
24.512700	 19.626800	 24.548900
15.778600	 1.455570	 23.405700
19.291300	 2.513580	 22.931900
9.014830	 2.811720	 24.377700
24.207400	 3.751480	 23.290500
25.745600	 3.982620	 23.016100
32.015700	 10.099400	 23.543500
4.246220	 10.034900	 24.419300
12.526000	 10.337000	 23.629700
5.405310	 12.612300	 24.668200
12.814800	 17.385200	 23.911300
8.617490	 17.883100	 25.481400
22.669500	 18.451900	 25.066600
9.452940	 18.696200	 25.200900
12.049100	 19.998600	 24.627300
20.121900	 20.710000	 24.172200
10.851200	 2.750000	 24.173600
16.849400	 4.427520	 24.194400
7.049960	 11.920600	 23.580600
18.845600	 12.782800	 23.883000
18.687000	 14.290300	 24.359600
29.758800	 14.698800	 23.750400
5.943510	 14.892800	 24.544600
10.631500	 19.479400	 25.664900
21.741300	 20.665500	 24.253800
17.539000	 2.622330	 23.697200
14.570300	 2.811690	 23.855300
20.116100	 3.214090	 23.865800
14.209800	 3.296910	 24.891700
15.135800	 10.807800	 24.102500
20.527000	 12.359600	 23.114600
14.627700	 13.119300	 23.486300
23.961500	 13.329200	 23.386300
5.079440	 13.391900	 25.008800
6.387540	 14.453800	 24.796100
6.436040	 15.468900	 25.126500
14.890700	 1.629010	 24.960600
6.373830	 2.870530	 23.330800
26.226100	 2.899970	 23.518500
4.225720	 9.009610	 24.341900
7.657710	 12.183300	 24.454800
25.378900	 14.851900	 23.827100
22.975600	 18.322600	 24.114000
15.668300	 20.703300	 24.892300
22.856200	 2.216870	 23.120300
25.367300	 5.346690	 24.507900
3.909480	 7.355370	 24.659100
6.809990	 15.781100	 24.231200
20.577700	 17.316700	 24.748500
10.816800	 17.898200	 24.599400
7.144530	 2.850000	 24.413700
27.574200	 3.497820	 24.700300
26.142100	 4.252560	 24.115000
27.314500	 4.760310	 24.197900
3.961870	 5.661130	 25.223800
11.243500	 10.717900	 24.178400
16.300700	 11.350600	 23.787600
16.605200	 11.571100	 24.346200
21.450800	 12.072700	 24.235100
19.736000	 12.197300	 24.913100
29.661100	 14.989100	 24.984300
25.257800	 16.883400	 24.288700
25.115600	 17.545800	 24.831100
19.898000	 16.457000	 24.555900
25.253200	 19.192800	 23.883100
22.804000	 20.260800	 24.541000
15.618700	 1.452330	 24.608300
19.539200	 2.565070	 24.684400
24.886200	 2.781990	 24.876100
23.751400	 5.134110	 24.729200
17.468900	 12.456200	 24.009100
17.295300	 20.697200	 25.061400
19.935000	 2.456870	 24.005900
15.139700	 3.182620	 25.199200
4.430690	 3.446950	 25.126600
20.704500	 5.060520	 24.841000
32.183900	 7.136400	 24.799600
32.107300	 8.614560	 24.480600
5.706850	 13.204000	 25.729800
19.277800	 14.974700	 24.893300
24.207800	 18.082500	 25.252600
21.726700	 3.157060	 24.145500
25.112300	 3.843250	 24.315700
18.016800	 4.577260	 25.531700
8.710480	 11.216800	 24.130200
14.948400	 13.291200	 24.490800
25.906600	 16.319500	 24.711700
14.962200	 20.551100	 24.969100
17.941100	 20.641600	 25.193100
16.916300	 2.452080	 23.905200
12.884300	 2.716610	 24.219800
14.906700	 2.626850	 25.160700
18.489400	 3.331080	 24.848600
21.928000	 4.853640	 25.246000
24.682700	 4.802610	 25.437700
13.654300	 20.302600	 25.180400
17.328700	 1.455290	 24.425600
17.709700	 2.691380	 25.439100
10.231200	 2.750000	 25.137300
16.668400	 3.823290	 25.134800
19.240900	 4.949110	 25.359100
31.791400	 6.251080	 24.500100
4.494820	 12.065700	 25.666400
19.104600	 13.843800	 25.472700
6.387010	 13.989100	 26.390600
16.278200	 20.498200	 25.230200
19.319400	 20.665600	 25.715500
23.850600	 2.696090	 24.621600
15.283200	 11.306000	 25.067200
4.258330	 10.502700	 25.905800
25.150900	 13.204100	 25.305300
7.422590	 16.076700	 24.745300
6.946600	 16.040400	 25.987700
7.727780	 16.918900	 25.811900
12.166000	 19.911400	 25.441300
22.323400	 2.074350	 24.220700
16.037800	 2.451420	 25.444800
26.204700	 2.864960	 24.708700
5.633030	 2.878760	 24.952300
24.009700	 3.704350	 24.719600
26.661000	 4.916930	 25.010500
22.878600	 4.775020	 25.710700
3.874730	 6.445410	 25.671700
12.240300	 10.884100	 24.734000
26.001900	 15.301700	 24.803400
9.277390	 17.497900	 24.895100
25.432600	 19.019500	 25.321700
24.895300	 19.451000	 25.461700
15.455700	 20.369700	 25.839700
21.067400	 20.591300	 25.674600
21.063100	 2.135940	 25.305700
30.937600	 4.825230	 25.042000
4.078500	 9.044470	 25.629500
5.530040	 14.413300	 25.810500
14.137500	 16.080400	 23.786700
21.719200	 18.185300	 25.238300
26.597700	 17.885600	 24.562900
17.863300	 1.613720	 24.347800
18.668500	 2.107310	 24.485400
16.895600	 2.456330	 25.657900
12.466700	 2.749920	 24.531000
30.723100	 13.471400	 24.647200
25.999900	 13.947800	 25.572800
14.700900	 14.911900	 25.136800
7.018580	 15.760700	 26.010200
7.906350	 15.660900	 25.117000
13.764400	 20.130100	 26.090800
21.481300	 2.051070	 24.720200
7.505400	 2.844100	 25.277100
26.148100	 4.241140	 25.143800
4.089000	 3.911870	 25.985200
23.708300	 12.590900	 24.725100
6.932210	 12.571000	 24.712200
22.073600	 20.478500	 25.860900
17.243000	 20.398300	 25.729500
5.658000	 2.853290	 25.706600
32.299300	 7.369510	 25.637300
32.179200	 10.716200	 26.088600
3.855110	 7.783760	 25.892300
10.688000	 11.086700	 25.366200
17.482800	 12.504500	 25.224400
15.707500	 13.122100	 25.323200
30.247100	 14.182300	 25.939500
8.640590	 16.930000	 25.998500
21.147700	 17.358300	 26.272800
22.732700	 2.158650	 26.017000
16.386500	 2.634710	 25.840100
20.651000	 4.650650	 25.848500
13.914700	 11.003100	 25.179000
9.971690	 11.671500	 25.933100
8.958120	 11.756900	 25.611300
14.199200	 15.320100	 25.624000
8.645260	 17.745800	 26.948400
22.803100	 18.305500	 26.369300
11.352800	 19.709100	 25.864100
13.468400	 2.450280	 25.522500
22.910100	 3.555190	 24.881000
20.147400	 3.266340	 25.282000
29.247900	 3.900570	 24.851900
30.546200	 4.326040	 25.977900
18.938600	 4.800660	 26.179200
31.603000	 12.285700	 25.259900
20.839400	 12.044900	 25.653600
4.739320	 12.736000	 26.454500
7.917710	 15.544000	 26.389000
26.122900	 17.008500	 26.005700
13.101600	 16.705000	 25.379300
11.807700	 17.582400	 25.157200
20.197200	 20.585100	 26.005900
26.152500	 2.858420	 26.234600
27.109900	 3.220910	 26.031500
25.426200	 4.104690	 26.010600
31.770400	 11.840700	 25.203100
15.076400	 11.425900	 25.744200
11.581100	 11.515100	 25.916700
12.641700	 11.572100	 25.991100
8.056310	 13.064300	 25.915800
6.486940	 15.514900	 26.831600
19.991300	 15.991100	 25.661900
9.101170	 2.750000	 25.736700
21.523400	 3.159430	 25.633900
4.861250	 3.056650	 26.198200
17.646400	 2.923160	 26.296600
9.031710	 12.134300	 25.759900
8.049870	 13.763200	 25.853300
27.829600	 16.992900	 25.736300
10.353000	 17.660400	 25.988200
23.834700	 18.192000	 26.280900
25.437500	 2.847960	 25.865600
21.860300	 4.313100	 26.680800
32.242500	 9.104050	 25.104700
32.019900	 10.830800	 24.979200
14.380000	 12.489100	 25.830600
22.260300	 12.075000	 26.814400
14.339900	 12.983800	 25.835300
29.333000	 15.449900	 25.869900
9.460430	 17.372600	 26.566000
25.258100	 17.683700	 26.352800
22.171600	 18.083800	 26.510900
9.229610	 18.355400	 26.452500
19.132500	 20.585000	 25.840300
15.111800	 1.512580	 26.583800
7.981820	 2.750670	 25.487900
18.580800	 3.544490	 26.317500
3.996050	 8.600250	 27.156500
22.591300	 12.086900	 25.120900
4.463000	 11.849900	 26.968600
7.117480	 13.564800	 26.174400
5.219510	 13.533200	 26.749600
28.970300	 15.875900	 26.100000
25.330400	 18.883100	 26.288100
19.508800	 20.403200	 26.832500
17.857900	 1.585380	 26.069300
20.893800	 3.156090	 26.685300
16.933700	 12.672400	 26.480400
26.572800	 15.507700	 26.001600
19.741500	 14.901600	 26.030700
26.214200	 17.947300	 26.263800
12.384800	 19.833000	 26.362700
23.416000	 19.939500	 26.102900
11.529700	 2.750000	 25.792800
27.665600	 3.513550	 25.969900
23.776400	 3.678440	 26.081100
19.640500	 3.933970	 27.023400
16.700200	 11.791600	 25.962300
8.858120	 12.326100	 27.468700
29.864300	 14.779100	 26.805100
21.887500	 2.052850	 26.000000
12.593700	 2.737160	 25.904700
4.002340	 5.554730	 26.909700
4.234380	 10.070300	 26.997300
19.874100	 12.695700	 26.238100
19.846000	 13.751900	 27.306900
5.795650	 14.631100	 27.176800
27.007800	 17.473900	 27.093700
22.599100	 3.483710	 26.464800
32.155300	 6.171020	 25.847800
32.388600	 8.215440	 26.600700
23.269000	 12.198400	 26.201500
7.515830	 14.850200	 26.994200
13.353900	 16.087200	 26.453500
12.737100	 16.708600	 26.271200
7.375370	 16.526300	 27.024000
9.275000	 2.750000	 26.638100
7.429840	 2.799910	 26.454900
24.391800	 4.114340	 26.337400
31.714400	 12.303600	 26.582800
15.122100	 12.233000	 26.876500
26.089800	 13.359500	 26.794300
8.568150	 16.372500	 27.435400
10.112400	 17.253800	 27.516200
26.283100	 2.884510	 27.445100
31.258400	 4.676490	 26.790600
3.878590	 6.809940	 27.425700
27.869600	 16.924300	 27.230000
11.559100	 17.397800	 26.358500
10.473600	 19.198100	 26.801200
13.132100	 19.819400	 27.443100
14.061600	 19.985500	 27.128100
15.457600	 19.878500	 27.700200
10.846900	 2.750000	 26.591000
23.292800	 3.979140	 26.909400
21.152700	 12.349000	 27.436300
31.000500	 13.388000	 26.519300
29.030800	 15.794800	 27.224500
16.609400	 20.003200	 26.884300
17.830800	 19.995700	 27.040800
17.672000	 1.517160	 26.738700
20.009400	 2.492790	 26.415600
3.977010	 3.903340	 27.709200
3.861640	 7.714380	 26.877100
24.651100	 12.681000	 26.303100
26.503300	 13.949700	 26.688900
8.404020	 12.908800	 27.295200
14.672900	 14.159500	 26.065200
21.360000	 17.050600	 27.494300
14.523200	 1.774030	 26.794500
14.135300	 12.087700	 26.866200
20.367100	 15.026400	 27.581700
11.367500	 19.513300	 27.430700
21.051800	 20.410200	 27.134600
13.869600	 2.146920	 27.331800
27.491900	 3.460940	 27.388000
20.701000	 4.309800	 27.496300
26.768700	 15.617600	 26.758400
9.520750	 18.403700	 27.636400
22.229200	 20.229500	 27.227900
16.175200	 1.442160	 25.965100
22.622300	 2.145630	 27.366200
21.032500	 2.141180	 27.011400
29.232900	 3.725500	 26.708600
4.103580	 5.160900	 27.674800
14.169200	 14.876100	 26.696800
7.032230	 15.944900	 27.912600
24.361100	 19.517700	 26.903800
11.766000	 2.750000	 27.359800
4.391480	 10.554200	 28.169600
21.092400	 12.592500	 28.167000
4.773530	 12.669400	 28.262400
20.918800	 15.813600	 28.436000
26.117100	 17.196000	 26.893400
20.456000	 15.926200	 27.242900
10.588100	 19.000400	 28.350800
16.188000	 1.450610	 27.940100
19.190600	 2.481180	 25.943500
8.816510	 2.750680	 27.808900
6.235940	 2.850000	 27.197700
13.461300	 11.705800	 26.488700
10.225600	 11.610800	 27.216100
14.232900	 14.417700	 27.248700
7.918810	 14.543400	 27.594300
25.841900	 17.274500	 27.543400
22.525100	 17.706200	 28.097000
23.855800	 2.695650	 26.038500
12.113900	 11.628800	 27.753800
23.797900	 17.997100	 27.895600
5.331820	 2.863790	 27.380100
5.745420	 14.390600	 28.080400
24.909200	 17.783400	 27.304600
24.911500	 19.080300	 27.926800
3.944370	 4.207650	 28.971800
3.961120	 7.759700	 28.555200
14.379100	 13.680400	 27.415500
30.210000	 14.389800	 27.833600
8.188520	 14.313100	 28.304700
8.212160	 17.235500	 27.654400
23.252900	 19.768100	 27.662800
17.320200	 19.658800	 28.039100
12.916300	 2.700250	 27.134500
24.959400	 2.788640	 27.129700
32.401400	 9.585560	 26.832900
4.083710	 8.907890	 28.292400
4.532420	 11.845100	 28.004900
31.324300	 13.054300	 27.732500
26.355800	 16.626100	 27.793300
14.802700	 1.586090	 28.161500
24.021200	 2.738060	 27.748500
10.257800	 2.750000	 27.653000
21.891000	 3.542510	 27.503400
32.364800	 6.141920	 27.566300
23.882800	 12.369300	 27.273600
26.717800	 13.935200	 27.818500
20.381200	 14.148100	 28.378900
11.659200	 17.001700	 27.415500
9.535550	 16.463300	 28.576200
11.870600	 19.456600	 28.527200
18.526400	 19.780200	 28.064600
30.796400	 4.245830	 27.614700
20.823800	 3.698550	 28.425600
4.244990	 5.435040	 28.478300
32.124300	 11.059000	 27.626200
23.080200	 12.312900	 28.220100
20.650000	 13.510700	 28.746100
13.558100	 15.242200	 27.845600
8.503530	 15.281600	 28.740900
8.622800	 17.499600	 28.699600
9.393070	 18.062500	 28.887500
20.163800	 20.074100	 28.430900
21.210900	 2.082570	 28.753100
24.439100	 12.362400	 28.981300
6.256100	 14.998300	 28.549400
12.153800	 16.241900	 28.411100
15.931600	 19.624100	 28.933600
21.927900	 2.027590	 27.438100
19.109200	 2.427070	 27.279300
19.770800	 2.573410	 27.594700
13.416200	 2.354800	 28.875500
26.419900	 13.474500	 28.251700
12.892500	 15.989700	 27.812300
7.595460	 16.531300	 28.466000
4.651470	 3.100160	 27.663900
13.335100	 11.686000	 28.069200
25.334200	 2.831500	 28.711200
7.245430	 2.794350	 28.246400
32.537800	 6.932220	 27.281600
32.302000	 9.499020	 28.054900
10.579100	 11.808500	 28.324500
4.644060	 11.656700	 29.737100
14.258900	 19.807200	 28.590800
32.036900	 5.347710	 28.432600
4.411340	 9.888140	 29.439300
31.379400	 12.763300	 28.970600
25.327600	 12.716600	 28.072000
30.980700	 13.430100	 29.145900
5.595700	 13.693400	 29.218100
8.752800	 12.932000	 28.929000
29.340300	 15.370500	 28.286600
21.664900	 16.619500	 28.793100
26.213600	 17.995000	 27.515300
17.636900	 19.426000	 29.183700
21.523300	 20.193800	 28.126500
5.474050	 2.850150	 28.425100
4.958290	 2.903380	 29.080300
4.107890	 3.509070	 29.171900
4.049400	 7.104660	 28.942800
31.804400	 12.073700	 28.063100
8.918610	 14.203000	 29.690100
26.724100	 15.683300	 28.358500
23.239000	 19.664800	 28.699600
32.474300	 8.009740	 27.998200
14.360600	 12.316600	 28.529200
9.131960	 12.759100	 29.300500
18.812500	 19.619100	 29.256300
15.307200	 1.454860	 29.575000
27.159700	 3.187560	 28.838600
4.546060	 10.686900	 29.262300
21.666500	 12.344100	 28.487600
14.124000	 13.881100	 28.731400
20.946400	 14.748200	 29.653100
28.179700	 16.501500	 28.576700
26.952900	 17.513000	 28.846300
13.351100	 19.674300	 28.969200
11.548400	 2.750000	 28.579800
29.597500	 3.712380	 28.448400
4.162130	 6.789370	 29.559600
32.003400	 10.859400	 28.587200
10.981300	 16.607400	 28.710700
31.741500	 11.532800	 29.287600
21.371300	 13.106000	 29.861700
12.112800	 15.606100	 29.531500
14.240700	 19.626900	 29.548200
20.651200	 19.857200	 29.638200
4.067040	 8.538930	 29.406300
10.857700	 12.382800	 29.800700
22.166500	 12.551900	 30.054100
4.890070	 12.700000	 29.257300
26.707300	 14.711200	 29.162100
7.512700	 16.262300	 29.195400
10.590300	 18.781400	 29.504600
16.558700	 19.358900	 29.556300
19.160600	 2.447560	 28.980000
25.638800	 18.585200	 29.005000
14.003400	 1.968390	 29.569500
6.910890	 2.828760	 29.241000
32.636300	 7.163350	 29.142400
14.078900	 12.446300	 29.613000
21.385300	 15.495600	 29.827200
23.286500	 17.557100	 29.434600
28.679800	 3.614230	 28.431000
31.183700	 4.360400	 29.251300
6.349790	 14.777800	 29.851200
9.648800	 18.045300	 30.123100
16.912300	 1.450380	 28.980700
22.495100	 2.076830	 29.178500
19.798400	 2.536330	 29.064900
32.574900	 6.214420	 28.911000
32.267900	 8.644230	 29.166500
5.848450	 13.568700	 30.502600
29.953100	 14.686400	 29.733600
21.487400	 14.613200	 30.733300
22.480500	 16.659900	 30.116900
26.274900	 17.855300	 29.873800
24.117200	 19.365700	 29.347500
17.388700	 1.511410	 28.580700
23.939900	 2.694670	 28.451800
25.968300	 13.081200	 29.479900
13.522700	 13.787400	 30.041100
13.006200	 15.144400	 29.264200
10.691200	 16.039900	 29.596000
26.142400	 16.449700	 29.253500
27.873000	 16.767000	 29.486800
15.252400	 19.392500	 30.061300
19.453600	 19.512900	 30.631100
18.192600	 1.852240	 28.123900
8.578420	 2.750000	 29.681700
4.225970	 8.977190	 30.135100
31.951400	 9.868410	 29.592000
31.441900	 12.298000	 29.608400
12.283000	 11.846000	 29.309500
22.959300	 12.364300	 29.881900
9.951100	 15.373300	 30.100400
7.905760	 16.356600	 30.422200
28.001700	 3.469440	 29.905200
30.450000	 3.928720	 29.433300
8.857420	 17.387400	 29.859000
12.190400	 19.306100	 29.759400
13.360200	 19.330700	 30.659700
24.352700	 2.731370	 29.640400
10.174400	 2.750000	 29.198300
4.233470	 5.525370	 30.054700
4.919150	 12.103800	 31.079700
24.907900	 17.425500	 29.211200
17.152200	 19.228700	 30.615600
22.377100	 19.700500	 29.829700
20.718500	 19.695200	 30.550900
14.732500	 1.610400	 29.736300
11.295300	 2.750000	 29.963300
12.728200	 2.710860	 29.041200
4.579580	 3.013760	 30.080000
32.408900	 5.534460	 30.259000
22.127000	 13.195200	 30.895500
10.288800	 13.063600	 30.280700
9.879940	 14.597700	 30.284700
12.034700	 18.865200	 31.658200
18.200100	 1.914740	 30.103600
4.094790	 7.962560	 29.929600
4.696220	 10.462000	 30.927000
7.310670	 15.616600	 30.847900
29.017600	 15.607600	 29.986800
27.166000	 17.166700	 30.160600
23.540300	 19.423700	 30.490100
18.236600	 19.292400	 30.893600
22.467000	 2.089910	 30.492700
25.403100	 16.508500	 30.517000
26.656600	 2.881440	 29.849700
11.953800	 12.822700	 30.582200
12.683700	 13.975200	 30.514400
32.641400	 6.278280	 30.425000
32.643100	 7.250980	 29.919200
31.881700	 9.853700	 30.408100
13.411900	 12.690600	 30.291600
11.479800	 14.632000	 30.626500
23.373300	 16.591900	 31.047000
10.697700	 18.561200	 30.822500
24.343600	 19.179100	 30.484700
31.525800	 11.265900	 30.599400
30.749800	 13.447900	 30.296400
24.048000	 17.055400	 30.487100
21.197000	 2.066450	 30.381400
25.629200	 2.846490	 30.390800
29.514100	 3.669620	 29.790300
30.812500	 12.975600	 31.030300
22.537500	 15.906500	 31.147400
14.326100	 19.271000	 31.079300
15.234100	 1.470240	 30.685700
28.311100	 3.487040	 31.363400
31.471100	 4.472800	 30.472400
4.134130	 7.175160	 31.119400
32.409700	 8.598420	 30.855300
28.859400	 15.485800	 30.974000
15.910600	 19.060600	 31.627200
8.926760	 2.750000	 30.669500
3.932070	 3.668460	 31.433500
3.846270	 4.040590	 30.723400
6.522950	 14.473700	 31.079700
25.981000	 15.511100	 30.561800
16.972600	 1.454680	 30.061500
23.222400	 2.340710	 30.054100
4.840390	 2.900680	 31.720900
24.131500	 16.041200	 31.634900
10.012100	 2.750000	 30.551900
11.033700	 2.750000	 31.281600
6.155840	 2.846590	 30.320700
32.477700	 5.931930	 31.399200
24.359900	 12.557000	 30.526300
28.166000	 16.148400	 30.790000
25.158000	 15.669900	 31.334200
8.941890	 17.057500	 31.598100
4.544270	 9.186080	 31.709400
23.109800	 12.994500	 31.265800
26.043800	 14.530600	 30.708800
25.250500	 18.669500	 30.486400
16.843200	 18.993600	 31.564800
19.081300	 19.314700	 31.795900
31.008500	 11.774300	 32.176300
6.129330	 13.485400	 31.617100
9.658200	 17.670600	 31.476600
23.265600	 19.387500	 31.589200
31.992700	 4.903180	 31.429500
29.902600	 14.341300	 31.373700
22.310400	 14.625600	 31.507400
13.271000	 19.058800	 31.905300
20.099500	 19.409300	 32.022400
21.778800	 19.625000	 31.600600
13.976700	 1.986040	 31.109000
7.437500	 2.752040	 30.356200
3.985810	 6.834470	 31.945100
25.038400	 13.210700	 30.978700
19.604900	 2.613220	 30.326300
7.421360	 2.751470	 31.622000
26.921600	 2.892060	 31.077100
30.531500	 3.853640	 30.810700
29.199700	 14.913800	 32.037100
26.922900	 17.016700	 31.457500
23.458900	 13.802700	 31.749700
24.970000	 14.656400	 31.602500
23.663900	 15.423900	 31.966600
12.647600	 2.708720	 30.754700
29.663900	 3.657910	 31.120800
18.402800	 19.146900	 32.168300
17.101000	 1.472730	 31.282300
3.743440	 4.251060	 32.520500
3.960540	 5.358800	 31.863200
31.499500	 10.944300	 31.491900
6.976560	 14.551800	 32.200700
8.329160	 16.391100	 31.724100
24.939300	 18.781600	 32.050400
22.081000	 2.195860	 31.937900
24.190300	 2.699480	 30.665300
4.278740	 8.245280	 31.545300
31.931200	 9.915770	 31.789400
28.267100	 15.910300	 31.615200
22.961600	 2.269170	 31.607300
16.086000	 18.893400	 33.160500
26.170400	 17.641200	 31.722800
11.002600	 18.314400	 32.603800
12.882100	 2.600210	 31.440600
4.697950	 9.136270	 33.118200
13.490700	 2.124660	 32.453000
32.629500	 7.393830	 31.708400
3.868650	 6.546820	 32.660800
4.130770	 7.663870	 33.097400
10.102500	 17.762500	 32.480800
19.568800	 2.642630	 32.021700
8.742770	 2.750000	 32.051500
25.651300	 2.814200	 31.834100
6.754080	 2.846660	 31.984600
31.159300	 4.081750	 31.993800
32.427400	 8.683110	 32.152300
4.921730	 10.894600	 32.451800
5.207890	 12.042700	 32.322600
29.781700	 13.924400	 32.630900
15.267400	 1.461790	 32.056700
20.315200	 2.497570	 32.076600
30.437500	 13.022800	 32.232900
28.295900	 15.396400	 33.076700
18.613100	 2.156660	 31.753800
24.365800	 2.726100	 31.853100
3.866330	 3.680750	 33.145500
32.650300	 6.423130	 32.952000
6.486080	 13.454900	 32.576500
9.111820	 16.944700	 32.450200
22.743900	 19.352900	 32.680500
3.816880	 5.385440	 33.319700
31.698700	 10.381000	 32.560700
6.101680	 12.700200	 33.344500
7.890630	 15.690700	 32.555200
13.283300	 18.820000	 33.132400
14.639400	 18.911400	 32.802200
21.228900	 19.377700	 32.824200
9.717680	 2.750000	 32.176700
28.475800	 3.483270	 33.326800
30.212800	 3.671610	 32.339600
30.472700	 12.211200	 33.527300
27.777800	 16.027000	 32.625700
23.908400	 19.090100	 33.051500
17.355500	 18.926000	 33.951300
19.892900	 19.281000	 32.996000
27.124700	 2.885320	 32.462200
12.157000	 18.477000	 33.493200
23.022800	 2.257740	 33.192600
12.162800	 2.743480	 32.540200
5.384280	 2.835240	 33.330600
32.216800	 4.909250	 32.787400
4.975540	 10.202300	 33.544400
26.331500	 16.986000	 32.932600
17.923000	 18.957400	 33.003200
17.031200	 1.556820	 32.413100
5.405360	 11.741500	 33.302000
4.487120	 3.030100	 33.070300
7.879640	 15.030200	 33.748800
25.940400	 16.997200	 33.721400
25.438500	 17.834900	 33.004000
21.970100	 19.162800	 33.834000
18.548000	 2.149420	 33.081500
10.602500	 2.750000	 32.934000
29.407700	 3.607330	 32.769500
32.433900	 8.738720	 33.087600
27.361600	 16.070300	 33.695900
8.877750	 16.343000	 33.591400
24.688200	 18.165600	 33.901400
3.698900	 4.350400	 33.769900
4.550160	 8.275610	 34.721500
31.450200	 10.708000	 33.469500
14.822600	 18.846400	 33.973500
6.844910	 13.384500	 33.810100
19.267300	 18.978900	 34.226800
20.314500	 2.544910	 33.973700
8.141410	 2.750000	 33.221900
12.018500	 2.748310	 33.750400
6.869290	 2.800500	 33.114800
9.893800	 17.304500	 33.373500
13.057600	 18.338400	 34.779900
17.750700	 18.788700	 34.786600
23.099900	 19.009800	 33.796900
21.415400	 2.254830	 33.093100
28.988300	 14.469400	 33.718500
11.239100	 18.024100	 33.741200
13.414600	 2.117010	 33.746300
5.079210	 9.600510	 34.767400
7.092410	 13.437500	 34.620200
22.959200	 2.257010	 33.860700
27.091000	 2.900380	 33.139300
3.858650	 6.602570	 34.229800
16.269400	 1.433830	 33.692400
16.367300	 1.549870	 34.370800
17.169600	 1.650330	 33.924200
14.655200	 1.849770	 33.738300
9.085820	 2.750010	 33.624300
12.393000	 2.659600	 33.127400
25.458600	 2.756450	 33.526600
32.443500	 8.749310	 34.699700
32.007100	 9.666890	 33.254300
29.952100	 13.050500	 33.745600
21.964200	 18.699500	 34.838100
20.614500	 18.997900	 34.585400
31.090000	 3.900140	 33.365700
32.767500	 5.485730	 34.174600
32.656600	 7.898770	 33.488300
4.015050	 7.067250	 34.826000
27.697300	 15.428600	 34.606600
9.417600	 16.298800	 34.841100
10.816300	 17.339300	 34.780100
23.715800	 18.235500	 34.842700
14.177200	 18.659100	 34.676200
24.049300	 2.598620	 33.606600
19.560900	 2.630300	 33.053800
4.774680	 2.891110	 34.808800
30.229600	 3.647590	 34.136900
32.188200	 4.546920	 33.676600
6.169620	 12.205800	 34.822300
11.957300	 18.007100	 34.853800
15.816700	 1.756220	 34.784500
23.156700	 2.259570	 34.696900
13.370600	 2.130310	 34.821600
3.710490	 4.022940	 34.830900
31.957000	 9.539050	 34.717800
31.255100	 10.408500	 34.799000
30.611300	 11.588400	 34.648100
29.824200	 12.631100	 34.840100
19.216400	 2.503840	 34.703200
8.879260	 2.797970	 34.761400
6.605050	 2.885300	 34.832100
10.587500	 2.750000	 34.700000
26.237900	 2.869380	 34.803300
32.853800	 6.678920	 34.706000
32.761400	 7.603870	 34.796100
5.575010	 10.721900	 34.757000
28.076200	 14.831200	 34.858300
8.261470	 15.038500	 34.838700
24.491200	 17.637300	 34.879700
14.732800	 18.508400	 34.878500
16.076800	 18.779100	 34.807600
20.168400	 18.698600	 34.879400
17.637300	 1.831710	 34.812500
14.187900	 2.017790	 34.844700
23.845700	 2.498620	 34.829000
7.310700	 2.771050	 34.774000
27.373700	 2.901150	 34.786600
19.758600	 2.684870	 34.812700
17.063800	 2.773240	 34.883900
15.248500	 2.894290	 34.883900
19.909200	 3.049990	 34.883800
21.220100	 2.242480	 34.815400
22.129700	 2.339610	 34.876900
24.715100	 2.763380	 34.820400
18.791700	 2.473240	 34.879300
12.003100	 2.755800	 34.820800
25.956000	 3.582620	 34.883900
4.058770	 3.349090	 34.842500
10.475000	 3.150000	 34.881400
7.971870	 3.137500	 34.879300
9.009960	 4.086130	 34.883900
17.606300	 3.710170	 34.883900
21.199700	 3.782710	 34.884200
28.777600	 3.560460	 34.855900
20.718600	 4.462570	 34.883900
12.845500	 3.753170	 34.883900
14.318900	 3.645900	 34.883900
16.010400	 3.599820	 34.883900
22.867200	 3.773830	 34.883900
30.322100	 3.655810	 34.850800
6.642990	 4.725310	 34.883900
24.540000	 4.032410	 34.883900
5.238160	 4.190110	 34.883900
25.723800	 4.740710	 34.883900
18.928800	 4.049510	 34.883900
19.937700	 4.490890	 34.883900
31.469800	 3.897380	 34.808000
32.753700	 5.001730	 34.812100
4.037500	 4.750000	 34.879500
23.756600	 5.182620	 34.883900
27.353100	 4.476520	 34.883900
7.629840	 4.350530	 34.883900
22.173000	 5.017330	 34.883900
9.923810	 4.687280	 34.883900
11.423400	 4.626890	 34.883900
13.250400	 4.895290	 34.883900
29.877300	 4.706950	 34.883900
17.703700	 5.106040	 34.883900
28.635100	 5.072460	 34.883900
8.259960	 5.314160	 34.883900
15.233500	 5.065920	 34.883900
16.439800	 4.737720	 34.883900
14.529700	 5.968630	 34.883900
29.911600	 5.617580	 34.883900
30.925600	 5.751380	 34.883900
6.759470	 6.072460	 34.883900
18.703500	 5.777500	 34.883900
12.177800	 5.740630	 34.883900
32.677100	 6.137440	 34.879300
9.677530	 6.526010	 34.883900
27.655700	 6.082860	 34.883900
16.446000	 6.321040	 34.883900
23.274000	 6.210940	 34.883900
29.111000	 6.638220	 34.883900
10.518300	 5.961820	 34.883900
20.672400	 5.918440	 34.883900
5.404170	 5.652440	 34.884000
15.238000	 6.951660	 34.883900
3.720070	 5.781620	 34.811500
26.554900	 5.929650	 34.883900
22.021700	 6.599540	 34.883900
24.717300	 5.825890	 34.883900
13.751900	 6.519580	 34.883900
5.575630	 7.470960	 34.883900
6.589480	 7.276820	 34.883900
7.850460	 7.197820	 34.883900
27.492600	 7.294740	 34.883900
11.525400	 7.099810	 34.883900
23.715900	 7.476030	 34.883900
21.017900	 7.698800	 34.883900
25.605300	 7.442950	 34.883900
9.311130	 7.483590	 34.883900
10.567200	 7.698170	 34.883900
12.709500	 7.217770	 34.883900
18.059600	 6.765780	 34.883900
19.337700	 7.312210	 34.883900
31.485700	 7.444120	 34.883900
30.369900	 7.131020	 34.883900
12.382400	 8.450290	 34.883900
22.684600	 8.410770	 34.883900
24.394800	 8.342700	 34.883900
13.977400	 7.919040	 34.883900
16.984500	 7.726150	 34.883900
18.567100	 8.346940	 34.883900
6.252990	 9.045260	 34.883400
26.296900	 8.517980	 34.883900
27.805600	 9.071700	 34.883900
29.169800	 8.369710	 34.883900
7.581980	 8.299900	 34.883900
8.411200	 8.834780	 34.883900
19.878700	 8.565770	 34.883900
22.113300	 8.999880	 34.883900
15.366200	 8.497800	 34.883900
17.530300	 9.436910	 34.883900
20.771800	 9.424770	 34.883900
32.105800	 8.970890	 34.887100
9.961380	 9.127660	 34.883900
10.777400	 9.080850	 34.883900
13.793200	 9.229690	 34.883900
15.244100	 9.897460	 34.883900
16.193800	 9.209520	 34.883900
29.488600	 10.113200	 34.883900
30.468100	 8.909670	 34.885800
7.280710	 9.994730	 34.883900
23.164500	 9.263720	 34.883900
8.705710	 9.563090	 34.883900
12.325100	 9.791160	 34.883900
19.091100	 9.702120	 34.883900
17.771700	 10.316700	 34.883900
24.625000	 9.614710	 34.883900
26.277100	 9.946340	 34.883900
28.200000	 10.255400	 34.883900
21.912200	 10.327200	 34.883900
16.655000	 10.298300	 34.883900
19.951400	 10.677800	 34.883900
25.575800	 11.093900	 34.883900
9.705390	 10.716600	 34.883900
23.180100	 10.652700	 34.883900
8.232300	 11.108100	 34.883900
10.923400	 10.681500	 34.883900
21.006200	 10.819900	 34.883900
13.792900	 10.713300	 34.883900
15.143700	 11.009700	 34.883900
16.533700	 11.575900	 34.883900
20.630000	 11.996800	 34.883900
22.571400	 11.641500	 34.883900
24.228000	 11.505600	 34.883900
28.896500	 11.339800	 34.883900
6.827990	 11.132800	 34.883900
12.363000	 10.946000	 34.883900
18.005700	 11.111000	 34.883900
27.214500	 11.234700	 34.883900
30.302200	 11.606800	 34.880300
14.857600	 11.909000	 34.883900
10.823100	 11.902100	 34.883900
13.942400	 12.024700	 34.883900
26.346700	 11.964500	 34.883900
8.126240	 12.151200	 34.883900
11.785100	 12.309200	 34.883900
9.830030	 12.176900	 34.883900
27.147000	 12.644200	 34.883900
28.677600	 12.257100	 34.883900
23.513300	 12.655600	 34.883900
7.340820	 13.353800	 34.877600
12.756300	 12.750700	 34.883900
22.213500	 12.567200	 34.883900
19.243400	 12.309400	 34.883900
17.886300	 12.565200	 34.883900
24.978700	 12.787800	 34.883900
28.190200	 13.181600	 34.883900
10.920400	 13.493300	 34.883900
17.661300	 14.333500	 34.883900
20.088600	 13.375700	 34.883900
25.868200	 13.268400	 34.883900
23.623700	 13.655600	 34.883900
29.171900	 13.608700	 34.807500
9.124660	 13.348500	 34.883900
12.598700	 14.527100	 34.883900
15.514600	 12.863600	 34.883900
13.822100	 13.325300	 34.883900
18.874800	 14.035700	 34.883900
21.340900	 13.316900	 34.883900
16.291200	 13.394300	 34.883900
22.159900	 14.164400	 34.883900
15.179000	 14.411500	 34.883900
13.766500	 14.678400	 34.883900
26.297500	 14.355500	 34.883900
27.128000	 14.245800	 34.884700
10.989000	 15.440100	 34.883900
10.210000	 14.749000	 34.883900
21.883800	 15.724900	 34.883900
24.808100	 14.417300	 34.883900
16.541200	 15.089200	 34.883900
19.385400	 15.113600	 34.883900
21.005400	 14.921800	 34.883900
26.822100	 16.006600	 34.815300
23.386100	 15.175900	 34.883900
25.616600	 15.622600	 34.883900
14.808900	 15.771500	 34.883900
12.324600	 16.365200	 34.883900
24.436600	 15.939900	 34.883900
20.390400	 16.399300	 34.883900
13.155500	 16.115800	 34.883900
23.231100	 16.538900	 34.883900
16.265200	 16.444300	 34.883900
17.979400	 16.285500	 34.883900
15.050000	 17.102300	 34.883900
21.984900	 17.441700	 34.883900
25.658200	 16.812000	 34.852300
13.537300	 17.289400	 34.883900
15.899600	 17.337300	 34.883900
19.718400	 17.000400	 34.883900
21.095700	 17.305400	 34.883900
17.371800	 17.571300	 34.883900
18.892700	 17.673400	 34.883900
19.212800	 18.814900	 34.774300
27.988300	 8.270060	 0.466370
26.134700	 5.939220	 0.633452
16.350200	 2.005720	 26.015300
9.128940	 8.104030	 23.663000
31.774000	 7.163620	 34.045300
21.775500	 19.192400	 17.051200
29.571200	 12.670200	 22.891100
16.072000	 16.810700	 0.831626
16.289100	 2.605030	 33.878500
27.691600	 14.884900	 30.892400
19.295500	 3.820060	 12.357900
24.377700	 6.665320	 8.558500
14.516400	 3.261990	 26.339600
23.463100	 7.685790	 22.808300
30.406400	 7.215220	 22.535700
24.397700	 18.359600	 23.471300
20.490900	 17.708000	 5.850550
23.795400	 18.338900	 21.820500
5.478260	 8.209570	 29.693400
7.321530	 9.366080	 15.825300
26.450900	 14.564400	 14.786900
13.635800	 2.917880	 23.706700
15.440700	 16.725900	 0.777351
15.198800	 17.538800	 20.334300
14.258500	 18.576500	 28.953100
19.715500	 19.504500	 25.204500
28.137500	 12.142700	 16.035600
16.919200	 17.706300	 14.858200
28.465200	 5.295910	 18.854000
24.553700	 18.583100	 25.517900
16.266400	 5.001040	 2.443040
13.078500	 13.468500	 1.193770
16.292000	 19.076500	 12.641400
12.215000	 6.441060	 7.727660
14.026700	 16.327500	 2.495560
15.404400	 2.636180	 30.029800
22.071300	 4.715480	 13.186800
15.550000	 18.264600	 7.433850
18.014000	 17.772700	 3.880960
25.387500	 15.230300	 22.509700
5.166290	 4.161240	 29.386000
20.168400	 4.262780	 2.578780
28.431400	 13.996900	 23.611900
20.883000	 16.671400	 19.579000
11.775300	 5.572980	 12.241400
18.176500	 7.600470	 21.793700
12.022400	 18.660600	 25.513000
22.870200	 18.861900	 20.269500
7.278510	 5.053130	 18.714700
10.532400	 6.788960	 5.515660
15.282400	 3.763330	 13.971700
16.250400	 9.502500	 21.188100
9.917560	 5.303730	 16.396500
25.206500	 5.227400	 26.647400
20.800900	 11.372600	 28.398700
22.822200	 3.444030	 33.336500
20.472800	 18.134600	 8.087630
25.404500	 10.415700	 11.941200
9.988510	 3.289230	 21.499000
15.880200	 5.038140	 1.234300
22.305600	 16.492800	 2.958450
7.789420	 3.894920	 25.885200
5.047380	 8.418250	 28.661700
17.618000	 4.694440	 1.241130
9.850520	 5.632240	 15.519500
15.660800	 15.860600	 23.495400
23.968700	 16.543600	 12.718200
21.487200	 19.086800	 27.354900
19.214200	 4.263000	 3.604590
26.226800	 16.410200	 31.447400
8.674580	 11.621500	 14.352200
5.512850	 8.538260	 20.609200
30.704800	 9.838420	 32.953500
9.570800	 15.863000	 31.630300
10.885900	 11.352600	 5.007670
8.065200	 5.903500	 15.803900
31.511700	 6.481050	 30.555500
29.841400	 6.861720	 22.431900
9.148360	 6.782880	 12.721300
26.814300	 14.160300	 15.352200
26.821800	 13.366000	 14.467500
14.573900	 17.337000	 4.782440
12.605600	 3.995610	 33.938100
5.336070	 4.264270	 25.705100
5.682860	 7.123160	 20.563200
5.855240	 6.327480	 20.625200
5.506020	 7.732650	 21.650100
6.033500	 7.199880	 21.941300
25.715000	 6.524570	 10.772200
16.700700	 18.324400	 18.183200
26.593000	 14.971200	 17.038500
30.642300	 9.975350	 31.908400
9.856650	 6.931350	 15.500800
26.985500	 6.240010	 12.285100
14.268400	 8.654020	 22.150500
28.677900	 9.969160	 16.138700
21.159300	 17.041200	 20.884800
28.237600	 13.835600	 21.552100
15.522300	 4.269660	 7.451740
25.153900	 16.499900	 32.789000
21.591000	 4.430590	 12.592700
23.667900	 4.859440	 14.351900
11.090600	 13.601300	 9.689130
20.489700	 9.937140	 20.442800
19.825100	 3.619330	 32.269700
9.623600	 6.449350	 3.678010
26.608700	 14.888000	 34.091300
13.438200	 5.977170	 6.619640
29.022500	 12.522300	 18.056100
23.059600	 18.009000	 32.900800
15.672600	 14.390300	 24.733100
10.451400	 8.722150	 8.895300
30.897200	 9.690910	 23.085400
15.528100	 19.343300	 14.268900
12.472000	 15.505800	 7.482940
4.871120	 4.304900	 33.265100
26.162500	 9.551620	 10.995300
17.952800	 18.733000	 27.306400
22.918400	 17.971800	 15.789800
21.044500	 3.801120	 15.701000
23.846300	 14.401700	 6.681530
12.036800	 6.419070	 11.666400
19.048700	 17.969000	 30.907600
13.832800	 17.261100	 26.239600
23.632600	 3.721330	 30.019100
13.537200	 17.252600	 8.586920
14.800400	 16.299000	 12.505700
24.194300	 14.947600	 9.102700
7.128570	 13.300600	 30.820000
15.641500	 7.355550	 0.657101
17.129600	 16.245400	 12.112000
12.154400	 18.596400	 18.501100
30.409100	 12.072200	 28.204200
18.954400	 18.451000	 8.407900
12.374900	 15.966800	 11.278200
19.852000	 4.272230	 5.058850
19.610100	 18.439200	 17.204500
23.600600	 18.182800	 30.020100
12.094000	 18.987100	 22.726400
10.462500	 16.467700	 32.500000
17.149400	 12.435000	 4.704430
19.511400	 15.853400	 28.189100
7.299260	 12.265900	 33.172200
15.393900	 14.967800	 26.944700
18.474700	 4.048550	 3.294470
28.104800	 9.486750	 15.352800
18.312900	 5.928250	 25.701200
22.218000	 17.212500	 31.426600
4.934920	 10.951700	 23.746000
6.488310	 11.284900	 32.566200
28.807100	 11.696200	 16.757800
15.144500	 3.068970	 16.568200
14.482400	 3.185470	 17.331800
15.278900	 2.627820	 17.358900
13.457200	 3.495460	 17.699300
19.264400	 12.159200	 3.394920
30.087300	 10.614200	 20.109400
17.586200	 18.633500	 9.796790
5.992780	 12.451400	 26.845600
13.025400	 5.836800	 9.456910
15.330600	 4.506300	 3.329940
14.055900	 5.544660	 6.074460
9.186850	 9.162720	 12.614200
30.188500	 9.280240	 20.334000
20.700600	 19.417200	 17.642200
27.599900	 10.482500	 13.105400
10.529000	 6.863610	 7.782090
7.144170	 4.346580	 1.147230
13.381200	 11.419100	 1.247810
27.558100	 11.686000	 14.717000
26.983400	 15.037700	 32.861900
23.993900	 6.264380	 4.043900
21.402800	 4.273410	 0.829667
6.935690	 11.243700	 24.790500
20.473800	 17.489800	 3.640060
24.768000	 5.982450	 12.818100
11.801800	 18.693800	 21.379900
14.799900	 9.446430	 24.006600
22.359800	 3.239480	 29.831100
24.749300	 17.037200	 19.641200
9.864950	 4.584450	 17.231100
29.991600	 6.188850	 23.701800
15.403500	 19.574100	 20.242300
6.939080	 3.986760	 29.959600
24.852200	 8.234700	 12.559200
5.743280	 11.799800	 26.225200
29.628900	 11.304100	 33.958800
18.960800	 16.995900	 1.305110
26.701600	 6.076820	 11.096400
18.744700	 17.037800	 2.092610
22.181200	 8.515680	 1.009130
28.747000	 13.666000	 31.679100
15.513500	 18.663700	 19.043100
21.096600	 4.280190	 13.720600
27.649500	 13.074100	 26.894300
16.998700	 10.020700	 19.972900
24.363400	 14.491700	 8.460820
14.615300	 4.387520	 25.565900
13.070700	 3.902170	 25.626000
18.775500	 3.804920	 4.512690
15.966700	 19.817200	 24.439300
24.947400	 9.821930	 10.273700
29.650700	 4.881400	 29.282200
21.478200	 18.181400	 12.001100
24.917200	 4.101920	 27.631300
30.548100	 11.742600	 25.315600
11.129500	 6.620760	 12.823700
22.174900	 17.643300	 19.232800
23.505600	 11.664800	 23.365700
23.789100	 6.083060	 13.749800
19.354500	 17.655400	 24.546300
7.705150	 5.610530	 17.295800
13.721700	 18.067600	 30.979500
12.456000	 18.446700	 16.423600
21.806500	 18.104400	 14.365600
23.036200	 17.991900	 14.575800
11.762800	 5.820380	 13.961300
11.808400	 6.865250	 10.334400
27.775500	 14.365100	 33.689200
14.141600	 5.831700	 21.407100
28.656900	 7.674480	 22.620700
5.048540	 7.118950	 25.375400
11.531600	 18.093700	 16.985600
11.085200	 17.421600	 30.124400
16.798200	 2.707160	 28.669600
31.460400	 6.615390	 28.548300
18.996600	 19.516600	 19.812600
13.495400	 4.498060	 13.869900
15.347200	 17.190500	 1.838760
15.997200	 15.813300	 1.651440
24.178500	 16.223700	 33.598900
8.363510	 5.334100	 2.299390
11.652200	 18.282700	 27.751400
28.455000	 8.178830	 16.239700
13.460800	 5.407750	 1.288330
21.570200	 19.560300	 22.417700
8.910560	 7.483830	 1.212160
21.425300	 6.205670	 25.127200
13.390100	 19.559100	 21.499100
25.713500	 11.916000	 23.806800
6.218460	 8.847310	 21.888300
25.231300	 11.182400	 9.713350
17.860300	 11.862100	 26.194000
16.714700	 11.344900	 27.263700
15.779000	 16.916700	 33.667700
18.661300	 3.426500	 32.450700
19.033500	 4.792790	 4.328240
18.750300	 4.647260	 5.529300
17.726700	 4.625860	 4.420540
20.473900	 18.184300	 32.473900
30.489100	 4.923520	 32.490800
16.730000	 4.080460	 2.199490
29.468900	 5.120360	 33.702100
14.431000	 19.328800	 24.386600
26.747200	 13.943400	 33.310700
25.095000	 13.877100	 9.626740
25.308000	 13.481700	 8.261540
23.666400	 11.441200	 4.716800
14.362800	 7.355370	 19.944700
10.234000	 6.157840	 22.430000
10.933400	 3.932490	 23.185400
11.960400	 5.132660	 22.884100
22.334100	 16.028500	 0.949669
23.550100	 15.283700	 7.567190
13.666600	 3.227700	 33.578200
19.344500	 17.741200	 18.844500
9.876350	 12.167500	 12.294600
15.588800	 17.501700	 12.826100
21.474600	 16.106100	 8.873210
22.759100	 16.107700	 9.607220
21.769300	 16.716800	 10.381000
23.193100	 16.493600	 11.092000
23.682800	 15.390500	 10.330000
25.736600	 14.885300	 33.066600
18.305400	 4.407800	 27.365200
28.683800	 6.293290	 16.957200
10.936100	 6.732150	 21.873900
24.236600	 8.129350	 10.791300
6.194570	 10.464100	 24.377000
15.756500	 18.300200	 29.245800
21.287900	 3.270840	 17.237900
22.483100	 16.583900	 7.498250
22.769000	 15.377200	 7.288010
19.154500	 14.628300	 28.165700
15.408100	 6.063620	 22.190400
17.736800	 5.061580	 26.691200
27.946900	 5.853370	 17.336200
15.032500	 10.096100	 25.501300
7.825450	 15.769100	 28.474200
17.564200	 10.016600	 19.137100
25.720600	 10.322200	 24.061100
15.470600	 2.671710	 27.689100
25.205200	 11.891200	 6.933050
28.162900	 10.764800	 15.049300
24.591500	 8.731630	 9.369080
26.531000	 13.215200	 13.208600
20.524700	 16.906500	 33.633900
26.960900	 11.962100	 33.678500
10.902700	 3.916620	 30.684400
25.289200	 10.215500	 8.892410
25.865600	 9.040350	 9.908760
25.111000	 8.882100	 8.212030
18.165000	 13.520100	 24.692100
25.520500	 5.736820	 15.483100
27.349800	 15.207700	 20.145500
26.639900	 15.188400	 21.267000
27.565300	 14.735300	 21.036200
27.127700	 14.514500	 22.323800
9.172410	 12.617500	 13.240600
21.859400	 4.838630	 28.156000
24.379800	 8.044900	 23.718100
23.148400	 8.646360	 23.506900
11.540700	 5.977550	 22.879500
10.749000	 7.042140	 23.306900
18.056600	 18.372700	 6.745410
18.880100	 5.717610	 27.310200
17.749600	 5.339150	 28.091900
16.726000	 3.789820	 27.401000
11.570300	 13.181700	 7.048340
19.560100	 11.209100	 25.885200
26.748400	 11.890500	 12.671500
13.840800	 14.114400	 5.229560
12.486600	 13.800800	 5.619420
14.780100	 6.661410	 1.158330
16.182600	 6.233180	 1.255260
31.109300	 7.156440	 25.604600
7.364790	 7.599210	 33.687400
20.884300	 4.422030	 4.096540
19.921800	 17.789100	 34.173100
18.738100	 3.046890	 27.623100
20.912200	 4.627250	 10.545300
5.173700	 6.763690	 32.664100
19.343800	 3.702250	 29.345300
19.810200	 18.979600	 12.814200
11.752800	 13.318700	 0.857388
17.153200	 3.607560	 14.257000
13.513500	 19.384000	 17.828600
26.942100	 4.324100	 26.426700
28.160900	 14.910800	 26.363800
5.840100	 10.017700	 22.815700
21.142200	 8.920000	 21.341400
30.406800	 11.478100	 29.545700
18.596200	 12.222800	 25.772400
20.217800	 10.967900	 24.780800
5.559000	 10.027900	 28.804900
19.109400	 3.674890	 34.570000
14.433500	 18.755200	 20.370100
22.133000	 4.517890	 14.576900
10.820000	 11.286400	 3.255950
9.322360	 3.892940	 24.980200
27.863400	 7.260170	 15.508700
22.082500	 16.593800	 20.293100
20.513400	 17.877400	 18.879600
29.524600	 12.238800	 21.011700
16.995200	 5.747880	 25.497400
27.611700	 12.851100	 15.283900
14.302400	 17.619800	 12.092400
26.300800	 14.715300	 15.743300
18.096200	 13.622300	 26.461900
17.366100	 14.352400	 24.454200
15.793100	 18.752900	 20.655900
12.863700	 3.710990	 23.371000
18.274800	 18.015900	 18.010900
19.084900	 4.835410	 32.590000
15.215400	 16.805200	 21.069200
14.923400	 18.531100	 13.114300
24.123200	 4.902390	 27.458700
25.288800	 5.254010	 28.116500
18.503600	 16.952100	 18.752900
20.646000	 17.751100	 20.368100
15.696600	 16.793900	 11.537500
18.998200	 19.208900	 18.485200
17.580900	 18.317500	 19.226200
20.899500	 16.370000	 7.890020
21.473600	 15.936500	 6.714320
17.609400	 6.410350	 26.789700
17.015500	 14.283400	 25.693400
23.189700	 17.950400	 17.824800
19.292400	 11.933000	 27.027100
18.780200	 11.063700	 24.901500
10.864500	 6.499580	 1.189530
24.841800	 7.026160	 11.677000
25.995600	 7.825960	 11.419800
21.075900	 18.721300	 26.234800
22.094400	 16.107000	 11.543200
22.110700	 17.650300	 11.554600
14.877100	 17.998100	 21.453200
24.278200	 6.053860	 27.588200
11.915300	 4.994520	 24.420600
26.352200	 10.280400	 10.093100
26.058400	 9.524590	 8.757240
26.151100	 10.986000	 8.637510
21.478100	 17.496600	 8.368390
13.051100	 5.695540	 23.511200
12.352400	 15.902300	 8.773490
20.256800	 4.814020	 33.312800
19.271400	 3.972600	 28.359300
14.435600	 19.787600	 19.251800
14.911900	 19.508900	 21.420300
17.048900	 19.268000	 19.880300
21.211000	 17.873900	 10.573800
21.236600	 17.000600	 11.699900
5.657950	 4.028020	 27.642100
21.226600	 17.471500	 7.005820
21.057300	 10.707200	 26.100500
17.921900	 3.596650	 28.611400
21.569200	 18.751300	 19.426800
18.422700	 19.303600	 17.246700
15.448500	 18.400300	 11.559000
19.482200	 9.805940	 25.854600
24.683000	 4.006500	 28.629300
17.345700	 7.082790	 25.313200
16.294100	 5.344460	 27.432200
25.898400	 7.321260	 12.688900
20.148800	 10.363700	 26.860400
6.852680	 4.146130	 23.540200
25.341400	 7.100060	 10.318400
26.324400	 14.121600	 31.803900
26.169300	 15.618500	 31.896100
25.541600	 13.910200	 34.170900
25.340200	 13.403800	 32.638500
26.480800	 12.725800	 31.941600
17.531500	 14.872100	 26.541100
11.911700	 9.560730	 24.659800
11.720600	 13.325100	 3.534170
20.013600	 17.743300	 11.446600
11.844000	 3.571610	 24.657300
18.453100	 10.816400	 26.344600
18.421500	 12.332100	 24.484400
26.184800	 11.492200	 10.205300
17.175200	 10.534800	 26.222100
17.975100	 10.743400	 27.537600
18.218400	 9.581620	 26.852800
16.882700	 10.113600	 27.684000
17.054900	 11.280800	 28.669900
17.783400	 12.146900	 27.758000
19.125800	 10.390000	 27.396400
18.481700	 9.834400	 28.307600
18.956600	 11.141800	 28.524500
23.504900	 16.241700	 8.126980
23.471800	 16.248300	 6.840440
13.019700	 4.457840	 24.767100
10.699900	 3.874690	 24.747800
22.241400	 18.451000	 20.587600
18.926400	 5.296260	 33.958800
20.295800	 5.042070	 31.824400
11.574100	 9.398100	 6.385630
26.073100	 4.188810	 28.568600
24.094700	 5.347690	 28.882600
18.509100	 7.392450	 26.076800
16.197600	 6.745760	 25.962100
19.851000	 11.481000	 23.755700
17.876700	 4.539890	 31.981400
24.956100	 7.920720	 9.261790
23.875200	 7.993700	 8.581170
25.078700	 7.304870	 7.859850
24.450100	 8.196790	 7.329680
26.226200	 7.964330	 8.836490
26.132100	 7.696950	 10.243400
26.048100	 6.786060	 9.249400
16.483500	 17.443200	 11.678900
14.393300	 17.930300	 10.716600
16.898700	 15.616800	 25.642400
17.152800	 3.335650	 32.611800
17.956500	 5.730120	 32.983300
16.266300	 17.377000	 21.369200
15.593300	 17.188000	 22.328400
16.336100	 16.177000	 22.034500
15.919500	 18.774100	 22.180900
25.260100	 4.974400	 29.599500
15.733500	 18.081400	 10.358900
19.745800	 6.116790	 32.903700
20.957400	 19.187800	 20.807500
21.432600	 3.970300	 32.455700
25.724500	 6.101900	 27.466000
24.931400	 6.508560	 26.316900
25.202800	 6.494690	 28.401400
23.428400	 4.340410	 28.718500
17.056600	 18.579700	 21.214300
18.827000	 5.507290	 31.534000
21.163200	 9.817990	 25.292200
20.629600	 9.474980	 26.615600
20.017500	 9.788230	 24.455400
17.034100	 7.749700	 26.240500
16.520500	 6.140370	 24.676800
18.819500	 6.882480	 24.795900
11.591500	 4.457130	 25.611500
18.193400	 16.170400	 26.230800
26.503400	 5.897510	 28.351700
17.945100	 11.008700	 23.658000
19.061300	 10.161600	 23.832400
20.435400	 6.227180	 34.062800
14.796200	 16.801200	 9.973440
21.200300	 10.374500	 23.737900
14.607000	 18.601000	 22.731200
13.583800	 18.696600	 21.703200
16.429400	 7.709630	 24.944400
16.289900	 7.025380	 27.173700
25.142900	 7.372420	 27.499000
22.991400	 5.824440	 27.665700
16.511000	 4.628950	 33.060800
21.370400	 5.946040	 32.729500
21.987500	 4.808480	 33.803800
25.788000	 12.347400	 33.444200
27.454900	 12.552400	 33.216800
24.958700	 11.978400	 31.892200
20.259300	 8.762050	 25.333700
19.536900	 8.993060	 27.396200
19.940200	 9.924220	 28.498100
19.129500	 9.146640	 29.173900
19.005200	 9.983400	 29.553100
18.086300	 8.494870	 27.867900
18.710800	 8.430100	 26.619900
17.944700	 8.257650	 25.054800
17.784800	 7.201050	 23.981400
19.837300	 6.338680	 26.020700
26.557000	 11.399000	 32.729500
16.799700	 16.368900	 26.527700
18.284100	 16.235400	 27.559400
26.913900	 7.131740	 9.474110
26.754200	 6.851610	 8.136270
26.232300	 7.085170	 7.215660
23.086600	 4.474500	 27.898500
22.788500	 5.157380	 29.491800
22.969900	 6.274730	 28.649200
15.713900	 5.575640	 25.343200
10.958900	 5.582450	 25.514900
17.044200	 16.925900	 25.405900
16.551200	 16.212000	 24.176600
22.418800	 9.878060	 26.237100
21.620200	 10.093300	 27.400700
21.769800	 8.702380	 26.014600
22.585000	 9.579900	 24.667700
19.369700	 8.030540	 25.754300
19.807200	 7.524570	 26.849500
15.149500	 6.855450	 25.064300
14.604900	 16.374300	 0.905164
15.207800	 15.787200	 2.627010
13.950400	 15.039200	 2.373400
13.971400	 16.416500	 3.359520
14.723000	 17.139800	 3.267040
15.402500	 14.905300	 2.019940
14.730100	 14.769800	 3.650480
15.244500	 16.059900	 4.223860
16.130500	 16.862800	 3.018430
16.326300	 15.056000	 2.777480
13.314500	 14.776500	 3.695800
14.147000	 15.386500	 4.708320
13.992800	 13.880100	 2.929000
14.288700	 13.615800	 4.305130
12.832800	 15.876700	 4.429910
13.970700	 16.471900	 5.064550
13.142900	 15.930700	 5.855050
14.767200	 15.886900	 5.989350
12.797000	 14.526000	 5.025710
11.983300	 14.740500	 4.202010
16.652400	 16.997400	 2.246630
17.293100	 16.699300	 1.392900
17.100200	 15.725400	 2.543200
17.438500	 15.411700	 1.506280
18.338300	 16.203300	 2.043280
18.253200	 14.644100	 2.631850
18.173900	 15.789900	 3.461440
18.902400	 15.145000	 1.199740
19.436700	 15.431100	 2.378780
19.659600	 16.332200	 1.422520
14.938800	 6.238680	 26.239800
20.477700	 8.605350	 28.268400
25.806500	 8.140560	 7.277950
25.658000	 7.694820	 5.993390
25.609600	 9.568820	 7.043340
25.202400	 8.518930	 6.048900
23.716000	 7.230000	 7.430240
19.068300	 6.767310	 34.008200
21.695200	 5.095060	 31.337500
24.587500	 12.482500	 33.413400
16.570300	 4.160460	 31.885400
15.718000	 3.741590	 32.926400
26.005900	 11.155200	 33.950600
27.165800	 10.580400	 33.708700
25.897500	 9.990810	 32.819200
27.187200	 10.064100	 32.226800
25.113800	 11.045500	 32.758800
25.928500	 10.393300	 31.739100
24.753200	 10.187700	 33.658000
24.612400	 11.410800	 34.138700
27.125800	 9.237770	 33.262400
28.434500	 10.127300	 33.127600
27.940700	 9.250030	 32.199700
28.680600	 10.232000	 31.783900
26.598200	 8.986770	 31.949600
27.609700	 9.567210	 30.810000
27.463500	 7.936630	 32.877100
25.915200	 8.363770	 33.371400
27.457400	 8.269550	 31.095400
29.001600	 9.202270	 30.591800
15.692800	 8.052370	 26.224900
22.370700	 8.889370	 27.246800
20.977700	 8.978920	 27.604900
22.585700	 4.920570	 32.349600
23.878000	 7.218440	 28.431700
26.248400	 7.418960	 28.102700
23.577500	 7.277950	 27.115000
10.448100	 4.400400	 26.161400
12.251600	 5.786520	 25.385700
12.477500	 13.966900	 2.684350
12.758400	 13.391200	 3.688160
24.844900	 7.924280	 28.743800
17.696000	 7.648270	 27.541700
14.634400	 18.017300	 9.242690
13.406500	 17.306300	 9.755660
15.841300	 17.140100	 9.024260
16.108300	 16.458700	 10.239700
26.118000	 7.776450	 26.553000
19.350000	 8.816240	 24.931200
21.183100	 8.774280	 23.834100
9.684960	 4.957910	 25.150700
17.054000	 5.713690	 31.704800
17.646100	 4.990390	 30.603100
18.028500	 6.853720	 32.027800
16.948300	 18.025900	 22.654700
17.746600	 17.519900	 21.227000
17.100000	 19.306800	 22.803000
21.001700	 6.306400	 31.631200
19.605700	 8.368300	 23.867400
29.534000	 9.183060	 32.392100
16.748800	 8.670200	 27.657100
20.393200	 7.268950	 33.496800
17.012500	 6.343470	 28.104000
19.094300	 7.390550	 27.663700
18.037600	 7.706590	 28.672400
16.443700	 18.636700	 23.510100
16.387900	 9.024200	 25.909600
16.811300	 6.587880	 32.814400
16.011700	 18.554400	 8.878640
11.464400	 5.317150	 27.078000
17.781800	 6.565860	 30.613600
22.204200	 6.354590	 31.657200
19.100700	 7.452940	 32.742600
20.598200	 5.332890	 30.482600
17.206800	 17.509400	 24.075900
17.790700	 17.605300	 26.292900
18.256800	 18.426400	 21.930300
18.264300	 18.519400	 20.792000
15.013400	 5.565360	 24.221000
14.169400	 5.690940	 25.325400
15.283300	 6.925270	 23.507900
13.109200	 12.862200	 2.246940
13.844200	 12.333000	 3.279560
25.785100	 8.682160	 27.580600
24.508000	 8.120890	 26.375600
27.091500	 6.740560	 27.148700
11.579200	 13.112400	 2.687880
24.106200	 8.417850	 27.788100
24.611800	 6.986290	 29.835100
15.248300	 8.730980	 24.769500
22.875700	 10.171200	 27.348300
22.177700	 9.369630	 28.318200
12.172600	 12.074600	 3.164330
18.003800	 9.127830	 29.489300
17.677400	 10.612500	 29.287900
18.813900	 8.860700	 30.186600
18.217200	 7.798330	 29.478300
17.564500	 8.373710	 30.598100
18.096400	 9.745280	 30.692800
16.891800	 8.188860	 29.349700
17.487900	 6.794880	 29.645300
18.671100	 6.598830	 29.452900
16.442800	 9.531270	 30.123200
18.694600	 7.717200	 30.786800
19.455000	 8.189160	 33.918900
20.313200	 7.062570	 31.994600
20.174600	 8.399160	 32.478000
16.792600	 7.574900	 28.628300
15.984000	 6.639620	 28.390100
21.815200	 6.167230	 30.341300
23.361200	 8.980450	 26.143400
16.203900	 5.823330	 23.702900
23.726500	 10.405500	 26.155300
8.948450	 4.392670	 23.656800
8.401180	 4.314200	 24.783000
8.719290	 4.582960	 25.961200
9.840830	 5.679010	 26.374100
27.161900	 8.133070	 27.401900
27.904400	 7.279490	 28.396100
16.893600	 15.550300	 27.920500
18.045600	 14.721400	 28.022500
17.075500	 16.765400	 27.916500
15.262700	 13.359600	 3.665930
15.523200	 14.005500	 4.773880
19.295100	 16.908400	 26.391200
17.731900	 18.273100	 25.067500
20.052500	 7.767950	 29.155900
21.248500	 8.141940	 26.811800
21.284700	 9.693520	 28.700600
20.626500	 10.616500	 29.508700
20.585400	 9.605510	 27.923900
22.394300	 10.787300	 28.499200
22.036900	 10.060100	 29.791500
21.785300	 8.618130	 29.251000
22.118100	 8.046090	 28.185300
20.625700	 7.487030	 27.993100
22.582500	 7.499580	 26.835300
21.640800	 6.708280	 27.534900
13.862800	 6.597960	 24.091800
14.733800	 6.044800	 22.834700
15.238200	 9.589450	 26.500000
17.919900	 16.040800	 29.096400
16.697600	 16.454800	 28.820300
18.295200	 17.216500	 28.502700
20.548700	 6.660360	 24.182700
20.917900	 7.351540	 25.682600
16.996300	 13.983700	 27.485700
16.949700	 14.549500	 28.903900
18.650900	 8.673660	 31.732300
14.593900	 8.040830	 24.261000
16.539300	 9.079600	 24.249100
14.275000	 7.253930	 22.788000
13.843100	 5.292250	 23.675100
16.990800	 17.688900	 9.503710
16.044800	 8.231640	 30.697800
16.659500	 18.050900	 26.190800
19.031800	 18.308200	 25.744000
24.541900	 9.348960	 26.809800
16.013500	 16.511200	 27.758700
16.184200	 17.711200	 27.074800
26.442100	 8.866750	 30.554500
27.680800	 8.634700	 29.875900
25.803200	 8.126090	 31.336500
27.163400	 7.469260	 30.195800
11.667000	 4.080340	 26.875700
25.255300	 8.919800	 31.587700
21.249100	 7.839660	 32.534700
21.767600	 4.800590	 29.908800
20.313800	 6.805130	 30.213200
21.380300	 7.289670	 30.694000
20.900700	 5.928620	 29.065300
21.656500	 7.280940	 29.161600
19.428700	 5.816850	 29.419000
20.107600	 6.930000	 28.798000
20.310800	 4.547000	 29.312300
14.375900	 8.504820	 25.976800
14.406500	 12.562800	 2.062340
13.626500	 11.599800	 2.159360
15.753100	 10.141100	 25.112000
14.231500	 9.874620	 25.196700
18.898400	 16.556900	 23.802200
17.725800	 16.330200	 23.073300
18.357800	 17.222100	 22.747400
14.215700	 10.447500	 26.500800
16.692900	 9.128490	 31.294700
15.503300	 8.076560	 23.814600
17.045300	 7.798040	 23.466800
16.478400	 8.605610	 22.946100
16.167000	 7.240960	 22.690600
17.356900	 8.037290	 21.842400
16.386200	 8.394410	 21.502300
17.713800	 8.987380	 23.244700
17.206400	 6.520020	 23.074000
15.561500	 8.683800	 29.402100
15.923300	 7.206970	 29.544500
15.091600	 8.150670	 30.267700
15.996300	 7.922530	 28.267400
14.676200	 7.678190	 29.013800
15.628200	 6.761150	 30.886600
15.254000	 9.131740	 30.762300
17.922800	 18.608000	 23.378400
19.436700	 18.267200	 23.001600
19.287400	 17.350900	 21.711700
14.965300	 8.889210	 28.090200
16.587100	 7.227000	 31.299200
17.118100	 9.496940	 21.771700
21.532300	 6.800340	 26.049500
16.881100	 17.259500	 22.727500
14.996900	 7.805380	 27.420200
10.305100	 4.622520	 27.604000
10.105400	 3.671770	 27.520100
11.059100	 3.837690	 28.449300
11.711500	 5.004360	 28.114900
9.594410	 3.888360	 28.432400
9.192180	 4.373860	 26.923100
9.125720	 5.233400	 28.057700
10.475100	 5.136380	 29.101600
12.326200	 3.945300	 28.206700
11.887900	 4.299500	 29.316500
14.122700	 8.916290	 29.420500
19.903300	 5.615870	 28.122100
15.096800	 8.211690	 22.344900
27.281000	 6.562510	 31.152100
22.951700	 5.526260	 30.600500
13.713100	 8.384010	 27.909200
13.784600	 6.942760	 27.845000
17.549100	 7.597960	 31.680600
24.893600	 8.159280	 30.136600
25.852700	 8.404350	 29.300000
25.356100	 9.723990	 29.944800
25.460500	 7.180750	 29.198900
13.263600	 7.762750	 28.907400
25.693300	 6.607630	 30.467900
14.115200	 6.460460	 29.218800
19.892500	 8.156150	 31.363800
12.681300	 4.862520	 26.749500
12.271800	 12.580500	 4.499380
15.055400	 8.108410	 31.836300
8.216960	 4.217210	 27.867000
15.631400	 7.020360	 22.228800
17.259400	 17.102100	 29.362900
13.254700	 6.477450	 22.691900
13.215200	 7.586140	 23.683400
12.523900	 6.417590	 24.099900
13.194100	 7.631610	 21.641100
26.974100	 7.498580	 28.719800
25.497400	 6.016250	 29.757800
14.118000	 6.667710	 21.669800
13.777900	 5.282230	 22.263900
13.596700	 7.343340	 25.233700
15.503300	 16.567600	 25.487200
10.236000	 6.206800	 28.053300
12.583700	 7.548460	 27.813000
12.665900	 6.366210	 28.577000
8.967710	 4.966990	 29.512900
12.507300	 8.748880	 28.655700
12.469700	 8.967180	 27.206300
11.982500	 7.500630	 28.932100
11.267300	 8.228290	 27.890600
11.350100	 7.087550	 27.921700
11.537600	 7.386650	 26.655100
10.279400	 7.664540	 27.215100
10.320500	 8.917840	 26.760800
12.540200	 6.445770	 26.933100
10.421200	 7.815490	 28.865700
11.015800	 8.701230	 29.215800
10.794600	 6.480660	 26.848300
10.614300	 7.412510	 25.728400
9.380410	 6.844580	 26.340800
11.414500	 6.786360	 25.379000
11.748800	 8.061000	 25.562800
9.294040	 8.198330	 26.416000
9.897640	 8.949650	 27.798200
11.397400	 9.781200	 27.638800
16.163700	 17.737700	 24.386300
12.500300	 8.373150	 30.016600
22.138500	 5.998100	 28.924300
17.775800	 18.933400	 26.477000
15.737700	 6.155200	 31.946800
18.429600	 7.612220	 23.201200
14.534800	 6.470080	 29.929600
14.262100	 6.891150	 31.149200
13.426100	 7.119150	 29.964000
13.480200	 8.092480	 31.319800
13.515300	 5.819160	 30.224100
14.433300	 5.378730	 29.242500
15.339500	 6.196460	 28.860000
16.345100	 5.904700	 29.554000
15.942200	 5.287830	 28.425200
15.050000	 6.137350	 27.521000
13.696400	 8.518340	 30.034400
14.921000	 5.653080	 30.941000
16.547700	 19.245300	 25.494600
17.240800	 18.108200	 27.498400
18.796700	 18.020100	 27.374900
12.696800	 7.048810	 31.392700
9.956040	 3.867830	 29.620600
14.150300	 7.394150	 32.358000
24.030000	 11.170100	 27.206900
24.072200	 9.946480	 28.196800
24.893000	 10.776500	 27.471500
24.410300	 11.548400	 28.373800
25.027000	 9.411090	 28.056000
25.345100	 10.307500	 29.001900
26.298000	 10.122800	 28.042700
24.475400	 9.209140	 29.285700
25.803900	 9.894380	 26.835600
25.150700	 10.663500	 26.276600
25.146400	 12.019900	 27.110000
26.204000	 11.445800	 28.522400
24.550800	 9.566860	 25.363400
22.713800	 6.982230	 29.924800
26.745600	 10.282500	 29.830500
28.393600	 10.044800	 29.415200
27.580300	 9.662640	 28.601000
28.676800	 8.994240	 29.055200
28.790700	 10.341500	 28.414600
27.632800	 8.166880	 28.544500
28.691000	 9.198130	 27.623600
26.983800	 8.984090	 27.439200
27.641400	 10.298100	 27.304500
27.966800	 7.985720	 27.040500
29.144900	 7.684680	 28.150800
27.172100	 7.629630	 26.098000
27.993500	 9.073160	 26.381400
28.547300	 6.766510	 27.658200
28.757700	 8.591560	 26.515600
27.278900	 11.167100	 30.795100
27.676600	 10.941400	 28.960600
29.722600	 10.323900	 29.320100
28.880700	 11.314700	 29.633900
30.051400	 9.512930	 28.502700
29.344200	 10.718100	 30.923400
9.432040	 5.990350	 29.444000
9.841980	 5.271890	 30.246700
8.598420	 5.676470	 30.355700
9.600330	 6.687830	 30.601200
10.933000	 7.692160	 29.956300
11.116700	 6.388700	 29.575400
11.952200	 6.760970	 30.068500
9.736500	 6.952350	 29.789500
9.242430	 8.177600	 29.928700
9.732610	 7.625960	 31.078000
10.407700	 8.843040	 31.090400
10.922800	 7.859600	 31.699500
11.879400	 8.532730	 30.665600
9.166460	 8.750810	 31.165400
11.406300	 9.099850	 32.138100
10.055700	 8.533490	 32.234300
10.682800	 6.492210	 30.910000
10.219700	 6.963920	 32.393200
8.362850	 7.439780	 30.390400
8.774530	 7.504920	 28.820200
8.286130	 6.380480	 29.651000
8.894420	 6.325740	 30.938800
7.636840	 6.766910	 30.607900
7.664150	 5.837170	 31.321800
9.436910	 5.173170	 31.276700
7.439430	 5.814850	 29.998600
7.057240	 7.087960	 29.246500
8.243870	 7.292370	 31.770400
7.272440	 8.049310	 30.926200
8.464450	 8.366470	 29.701200
9.283770	 8.869960	 28.471500
9.253740	 9.712760	 29.589400
7.989110	 8.471200	 28.150000
8.214430	 9.800200	 28.551200
9.096010	 7.855200	 27.513600
8.086670	 6.957420	 27.700000
7.680970	 7.963880	 26.921600
8.674340	 9.132080	 27.092600
6.797080	 7.833670	 27.664300
8.626420	 6.757710	 26.692900
6.651210	 8.889840	 28.799700
7.786480	 10.059700	 29.771400
7.101700	 8.877700	 30.128600
8.417310	 9.251050	 30.912700
7.037850	 9.982340	 31.082200
6.306580	 9.969880	 29.959900
7.116560	 10.613200	 28.840200
8.183550	 10.746400	 29.091700
7.190120	 9.707330	 27.351400
8.077710	 10.954300	 27.404600
7.266810	 11.319600	 30.165400
8.393840	 11.127800	 30.589000
8.244410	 12.166400	 29.977300
7.262950	 12.017500	 28.673500
5.945910	 11.637600	 29.053300
6.823240	 12.714500	 29.642300
6.114260	 11.803600	 27.560600
6.416080	 12.904800	 27.961400
7.208950	 12.803000	 27.249500
9.433690	 11.456500	 29.811300
9.180640	 12.376600	 30.961800
7.160580	 13.463200	 28.280700
7.433470	 11.755700	 26.392000
7.417110	 11.930400	 31.019300
28.646000	 7.830440	 31.524400
28.452900	 7.653070	 30.303400
29.806200	 8.206090	 30.807600
8.051000	 5.472760	 27.158900
7.903140	 5.424570	 28.551700
7.954920	 12.709000	 28.083600
8.231270	 12.883100	 29.427300
8.420360	 11.612900	 28.759900
9.673670	 10.904300	 28.672100
15.723600	 9.156980	 21.925100
15.105700	 8.785950	 21.028100
14.558400	 7.420470	 21.474100
18.685000	 7.972050	 21.890700
16.229200	 18.061600	 28.333100
17.517500	 18.008800	 28.761000
15.706500	 7.450400	 32.523500
15.568000	 6.372550	 33.326100
7.061890	 6.804740	 26.749300
6.613230	 6.357510	 28.117700
29.068200	 10.102000	 26.606200
29.917700	 9.174600	 27.548700
30.308900	 9.192290	 26.100100
6.545010	 8.046360	 26.270100
5.760790	 7.076850	 27.068700
6.101340	 6.812730	 25.663200
7.440800	 7.205710	 25.210600
6.342280	 8.129290	 24.661200
6.025890	 5.775950	 26.694100
4.768470	 6.352910	 26.210500
5.262150	 6.276730	 24.872800
5.874150	 7.200590	 24.407100
6.713130	 5.960410	 24.553900
4.611520	 7.099780	 24.293800
4.958530	 8.282310	 24.587000
6.021160	 8.385190	 23.567200
5.295380	 6.072960	 23.618700
6.139990	 5.384540	 25.756500
5.457930	 4.839740	 24.128200
7.014910	 4.648400	 25.032800
6.992090	 5.312780	 23.658400
8.281220	 5.902020	 24.373200
8.176770	 5.537090	 25.811700
7.372130	 6.263200	 23.382100
5.538260	 8.630490	 27.120500
7.367800	 8.775560	 25.326700
5.109490	 6.045020	 27.439400
5.493720	 7.844000	 28.493900
4.784360	 7.785380	 27.340000
28.861000	 9.294380	 25.439300
28.176700	 10.334000	 25.452000
29.688300	 10.526300	 25.374900
27.641900	 9.090250	 24.803100
28.314200	 9.672100	 24.427500
28.171700	 8.171690	 25.377100
26.818700	 8.338930	 25.769000
26.995900	 7.291830	 24.930000
26.060300	 7.174270	 25.801300
25.438800	 8.646220	 25.974400
26.696100	 9.724890	 25.733300
28.587100	 8.224170	 23.994800
26.243400	 8.985980	 24.756300
27.332300	 10.312000	 24.581600
28.313400	 11.140500	 24.581800
27.325900	 11.483300	 25.521400
28.651400	 11.272700	 25.677500
27.737600	 10.984100	 26.849900
6.069730	 9.291080	 25.425200
27.660400	 9.289720	 23.505100
27.951800	 10.735600	 23.322100
28.761800	 9.650970	 22.761100
29.418400	 10.873100	 23.303400
28.060000	 12.537300	 24.730300
29.460000	 12.542900	 24.985500
28.984400	 13.007100	 26.194500
29.146700	 13.708300	 24.846200
27.977000	 13.923200	 25.865100
28.688000	 12.744600	 23.908000
27.753300	 13.737900	 24.307600
27.481000	 13.166500	 23.121300
27.411800	 14.577100	 23.385400
28.077500	 15.110600	 24.632200
29.788400	 9.542150	 23.806400
29.829200	 11.940600	 26.423700
11.954700	 7.172440	 22.961800
11.877000	 7.491000	 24.375400
29.194600	 6.458780	 31.049000
30.034100	 7.538060	 32.416100
21.066600	 8.539440	 33.641400
21.755200	 7.355450	 33.903400
24.216900	 10.328400	 29.984000
23.971700	 8.999340	 30.362200
21.313900	 9.114570	 32.548700
20.269500	 9.702220	 33.277700
20.223600	 9.809350	 32.293100
21.502600	 9.640550	 33.806300
20.979900	 8.515280	 31.255400
21.423100	 9.833910	 31.243700
22.513000	 8.619650	 33.339400
19.117000	 9.285110	 32.683000
21.047200	 10.657700	 32.553200
19.457800	 10.758600	 32.611000
29.689800	 7.198740	 29.689400
30.608300	 7.040660	 30.776500
28.779600	 6.109150	 30.056100
30.005100	 5.451540	 30.339300
28.713300	 5.270740	 31.123700
30.079600	 5.359670	 31.522000
28.761300	 4.806110	 29.674900
29.486000	 6.024710	 28.897500
30.676200	 6.015470	 29.314900
30.136800	 7.057570	 28.436900
28.777100	 5.845610	 32.237900
27.450600	 4.994720	 30.373600
27.870300	 5.482710	 28.949000
27.619500	 4.062290	 29.386200
26.579200	 5.071100	 29.333500
26.566900	 4.126160	 30.369600
25.996500	 5.831900	 30.888200
25.105100	 5.666900	 30.825000
26.479500	 6.202910	 30.022400
27.030700	 4.767310	 31.580300
29.124200	 4.645930	 32.404600
29.955100	 5.481120	 32.886000
30.619700	 5.616910	 27.800700
28.683200	 7.140190	 28.972700
29.308200	 8.263980	 29.480000
31.057800	 7.712780	 29.537800
8.305360	 5.494430	 22.986600
8.666630	 6.838170	 23.434200
6.876770	 5.760560	 22.370800
7.938600	 6.566250	 22.045900
17.687900	 13.628000	 28.430600
16.389500	 13.194700	 28.703100
17.326300	 13.206200	 29.769000
18.501900	 14.322400	 29.292200
19.133100	 13.677400	 28.248200
18.991700	 12.768100	 29.346700
19.208100	 12.311000	 27.875900
17.841200	 12.133900	 29.104600
27.281100	 12.459400	 24.001000
26.451700	 13.571400	 23.692900
26.727700	 12.704400	 23.183800
27.838600	 11.913000	 22.844100
28.546100	 12.642400	 22.064200
29.337300	 13.144500	 20.967000
25.894800	 12.546100	 24.031800
26.691500	 13.179000	 24.963400
26.661600	 11.609000	 24.962700
25.389700	 12.143400	 25.392200
9.202260	 7.429460	 25.092200
9.945860	 8.620920	 25.050200
8.467330	 8.569890	 25.399100
9.243100	 10.112000	 26.327500
9.248620	 9.783710	 24.593400
8.063210	 7.592860	 26.017900
7.778840	 7.788290	 24.136400
7.663900	 9.054350	 24.082800
7.924170	 10.000400	 25.112900
6.721050	 7.177810	 32.086600
7.421120	 8.415670	 32.237200
6.103490	 8.321090	 31.716800
7.716750	 7.061270	 33.067300
8.744780	 8.087720	 32.858700
7.657850	 8.383780	 33.757800
9.053260	 6.623010	 32.720300
6.369570	 7.819230	 33.077300
9.569830	 7.689700	 31.869800
30.970200	 6.961340	 27.262100
6.391370	 7.137950	 30.598600
6.470150	 5.920030	 31.264600
6.445980	 5.982460	 29.993300
5.120860	 6.327980	 30.472600
5.528540	 7.026450	 29.432500
5.379850	 5.797810	 28.934300
5.865350	 4.613750	 30.329100
6.752560	 4.674040	 28.954300
7.485810	 4.872120	 30.182900
7.057070	 5.439690	 29.451400
5.334870	 6.601450	 31.688900
6.264660	 6.011500	 32.721200
5.200460	 5.114650	 31.848000
6.350230	 4.480120	 32.056700
5.698560	 5.008570	 33.280100
22.335100	 8.643960	 31.722900
22.727800	 9.745160	 32.644600
23.784100	 8.709220	 32.680800
23.015200	 7.202060	 32.603800
23.624800	 8.131150	 33.705500
23.463600	 9.436810	 31.366500
23.561800	 8.128200	 31.483500
24.079000	 10.089700	 32.506000
24.425000	 7.567260	 32.818200
23.395800	 9.401910	 33.868000
24.966700	 8.567320	 33.672100
22.736100	 8.564270	 30.572900
23.084000	 9.853980	 30.232900
24.299700	 10.077900	 30.810300
24.793000	 9.831810	 31.151300
24.062700	 10.615100	 31.656200
25.308800	 11.056900	 31.151100
23.243200	 8.861730	 29.149900
23.728900	 7.696710	 29.965200
23.557800	 11.251600	 30.473900
22.574600	 7.485570	 31.197700
24.997700	 7.509970	 34.005800
23.817200	 6.578660	 33.727000
25.201400	 6.381390	 33.159900
10.666500	 7.909380	 23.277300
12.563300	 8.217350	 32.136100
13.429600	 6.014030	 32.080800
18.966000	 10.064000	 33.864300
17.978100	 10.390400	 32.879000
18.702000	 10.084400	 31.491400
18.422700	 11.399500	 31.964900
18.707700	 11.730500	 33.447300
17.260300	 10.786100	 31.433900
18.431200	 11.285900	 30.498900
19.667900	 11.113000	 31.289600
17.155900	 11.307500	 32.548000
19.724700	 12.041700	 32.373100
17.947600	 9.173590	 33.600200
17.259300	 12.063300	 31.333200
17.895700	 12.722400	 32.415200
18.545800	 12.637900	 31.023300
17.388500	 13.465900	 31.351400
16.521700	 12.960400	 32.275800
16.268000	 11.190100	 31.807400
16.612000	 11.083200	 30.387200
15.967500	 12.278400	 30.706300
16.081000	 10.091800	 31.331900
17.299400	 9.873260	 30.413800
16.998700	 12.419500	 30.133200
16.396900	 10.136700	 32.543000
14.967400	 10.887600	 30.543600
15.090500	 10.553500	 31.908400
15.983300	 11.847700	 29.360800
15.661300	 13.697600	 29.533400
6.773700	 4.270570	 31.299600
8.064170	 3.918200	 30.760200
7.999860	 4.097230	 29.263400
19.971000	 10.929100	 33.885500
12.252200	 6.840390	 32.788500
11.257800	 9.829450	 30.589300
12.698300	 9.506000	 31.446900
11.802500	 10.709600	 32.021600
10.501100	 10.146700	 31.724800
11.157000	 9.830760	 33.231300
12.717800	 9.546660	 33.258200
11.521700	 8.501970	 33.054800
11.907800	 10.801600	 33.278300
10.869700	 11.311200	 32.588000
11.035900	 11.241900	 30.986400
11.842000	 9.489240	 34.267200
10.429000	 9.141070	 34.079400
12.775800	 8.515110	 33.876700
13.507300	 10.229200	 34.084300
11.765400	 8.461570	 34.226400
11.930200	 7.329100	 33.746000
10.537000	 7.811200	 34.062400
11.080300	 7.310790	 32.701600
10.038000	 8.429060	 32.992900
13.799000	 9.129090	 33.034300
13.969000	 8.710940	 34.193100
14.705900	 10.003600	 33.765000
13.809200	 7.690460	 33.445600
12.493900	 10.792800	 30.830400
13.417000	 10.818100	 31.932400
12.612600	 9.571050	 29.925000
13.399600	 10.366900	 32.659500
15.143800	 8.681740	 33.372700
15.016500	 9.634700	 32.550400
16.046700	 9.671200	 33.285400
16.146500	 8.628690	 32.055900
16.445000	 8.443100	 33.608900
15.375600	 10.958300	 32.842600
16.675800	 10.907200	 33.624300
13.928300	 10.402000	 32.691100
13.929200	 9.643470	 31.455400
15.340300	 9.572550	 31.042100
14.496400	 11.558200	 32.174700
14.199500	 11.859800	 33.567100
15.745200	 11.895100	 33.028900
13.563100	 11.611700	 32.971900
12.757400	 10.859000	 32.786600
12.506400	 11.806300	 31.890400
12.198600	 11.898900	 33.327100
14.095200	 12.823000	 32.865500
13.212900	 12.399600	 33.935500
15.000200	 12.953900	 31.726300
15.204300	 13.704500	 32.877200
13.859900	 13.934200	 32.142500
15.529500	 14.393600	 31.655700
13.857800	 14.138500	 33.474500
14.797700	 15.069400	 32.916100
12.914500	 13.569700	 32.701500
13.069700	 15.010700	 32.526100
16.367300	 14.977400	 32.695100
13.775200	 15.284500	 31.316100
15.653200	 15.761400	 31.673700
14.439200	 16.528400	 32.177700
15.471000	 15.131300	 30.344400
12.542400	 13.957600	 33.668600
11.811500	 14.591400	 32.557400
13.282800	 15.123500	 33.681100
15.633200	 15.728300	 33.119800
15.057300	 16.630200	 30.616600
16.747900	 14.890600	 31.180200
16.124200	 16.348800	 30.442700
15.464200	 15.988800	 29.208100
16.683000	 15.226700	 29.643200
15.694800	 17.514300	 29.952200
14.311100	 16.200200	 33.619500
16.056800	 13.838100	 30.559400
15.834000	 17.198400	 31.492900
11.730400	 13.364300	 33.320300
11.016900	 14.575800	 33.775500
12.141900	 15.238400	 33.281100
12.196000	 15.499100	 31.877800
17.573800	 16.191500	 29.728900
10.869000	 15.658900	 32.304200
11.656400	 16.898000	 32.569400
10.854100	 16.420300	 33.821100
11.189100	 16.409900	 31.357200
9.904620	 15.596000	 33.293800
13.032300	 16.662800	 32.871600
10.692100	 14.099800	 32.668200
9.794070	 10.336300	 32.946500
10.618900	 11.036700	 33.910300
9.454970	 11.507900	 31.676000
9.597010	 11.725100	 33.128800
8.971020	 9.887310	 31.667000
8.449870	 10.872700	 32.652600
8.490220	 9.614030	 33.088600
7.667740	 9.927020	 31.693300
13.835400	 9.793740	 30.300500
13.280000	 10.909100	 29.516400
13.820300	 11.498200	 30.674600
11.774500	 10.803400	 29.403900
12.583300	 10.104600	 28.485400
12.588500	 11.170300	 28.757700
13.670600	 10.938400	 28.205600
13.944600	 9.711840	 28.911100
13.588400	 9.660650	 27.536700
12.150900	 10.426800	 27.416300
15.075000	 10.267300	 28.119100
11.448400	 9.508860	 29.090800
30.103700	 8.716880	 29.479000
30.967100	 9.795420	 29.344200
30.524100	 9.562330	 30.539600
31.167600	 8.638830	 28.331500
29.766600	 8.090780	 28.254300
31.418800	 8.511200	 29.719900
31.250500	 9.892590	 27.814900
30.503700	 11.166900	 28.423400
18.576100	 13.731100	 32.099900
17.569800	 14.020700	 32.805300
17.809300	 14.869100	 31.596700
18.471600	 14.070500	 30.472800
18.401100	 15.114700	 32.839500
18.747900	 13.433200	 33.291400
17.377400	 13.018300	 33.780900
19.187900	 12.808200	 32.604300
19.870000	 14.082400	 32.644900
20.103000	 13.379500	 31.567800
20.742300	 13.152400	 32.517600
19.899800	 13.102400	 33.764200
19.155300	 14.842600	 31.884400
20.920800	 14.465900	 31.895400
20.455500	 14.521500	 30.626000
21.295900	 13.410000	 31.093500
21.338100	 12.121800	 30.885700
21.721500	 12.723700	 32.105100
20.241000	 12.678900	 30.360000
20.792600	 15.648700	 31.087000
17.600100	 14.459100	 34.046800
20.231200	 15.461600	 32.668000
16.403900	 14.110000	 33.506700
15.288300	 4.777720	 32.369500
16.126900	 2.490280	 31.765700
14.972700	 3.391240	 31.442100
16.103000	 3.018480	 30.660200
15.639500	 4.495100	 30.669200
17.059200	 4.512620	 30.305900
15.954600	 4.102820	 29.285800
17.046300	 3.207630	 29.563900
15.815400	 2.588360	 29.251300
14.799400	 3.415260	 29.791700
17.260700	 4.542470	 28.906700
18.348300	 4.103120	 29.845100
18.311000	 2.853160	 29.349600
9.413470	 5.607950	 23.944400
5.986620	 11.786700	 30.611000
17.556500	 16.257800	 21.604400
26.989400	 11.532800	 27.252800
29.430400	 7.989750	 24.931200
29.028200	 12.026200	 27.434000
27.831300	 5.489810	 32.371200
28.368800	 4.941730	 33.467600
27.547300	 6.162730	 32.917900
28.957100	 6.534550	 33.730900
27.047400	 5.025440	 33.608700
27.936900	 4.093710	 33.129500
18.484400	 16.767100	 29.525800
18.621800	 15.323800	 29.761500
17.922900	 16.977700	 30.701600
18.371100	 18.090300	 29.824800
16.981600	 18.234200	 30.454200
30.019000	 10.126300	 22.457600
29.664900	 8.626550	 22.486200
5.301590	 4.804030	 28.026800
4.995920	 4.979910	 26.647900
15.508600	 16.698800	 26.307400
14.751200	 17.546800	 27.199700
13.026100	 4.939370	 28.704200
12.019700	 5.750130	 29.328400
12.769300	 4.910590	 30.004900
11.656100	 5.172780	 30.343500
12.396500	 3.969910	 30.808900
12.419800	 5.229300	 31.589500
13.410900	 3.772370	 29.835100
13.632400	 4.027940	 30.974200
14.249000	 4.562140	 29.800600
14.091300	 5.406420	 30.957200
12.398100	 6.241510	 30.623300
16.176800	 7.216640	 33.848900
17.078100	 7.922200	 32.729100
14.744000	 7.464690	 33.705900
10.251800	 10.163400	 25.689800
14.673100	 6.378170	 32.528000
13.828400	 6.206560	 33.362100
29.239000	 11.150700	 26.923500
30.360500	 11.567500	 27.629900
30.857200	 10.741000	 26.538300
30.250000	 10.301700	 27.529200
29.292900	 10.847300	 28.267700
29.682200	 11.996900	 28.843200
29.514300	 12.710000	 27.616700
28.273900	 11.898400	 28.582000
28.762500	 12.674600	 29.643800
24.167300	 6.138390	 32.312700
25.427400	 6.949200	 31.735700
25.284600	 5.403540	 32.217400
24.279800	 7.340230	 31.439900
26.516500	 6.152240	 32.492700
25.913000	 5.082230	 33.496900
24.410600	 5.108200	 33.393400
26.427800	 6.455640	 33.916400
23.961000	 4.820140	 31.957900
25.189500	 4.002800	 32.593000
23.589300	 3.964450	 32.932000
24.698500	 3.943500	 34.143500
23.736400	 3.631360	 32.172500
25.006300	 4.165590	 31.057500
23.375900	 4.214400	 30.754800
26.339200	 4.400140	 32.476900
26.440400	 3.649000	 33.436300
6.900470	 4.772130	 27.976700
16.803800	 16.587400	 32.379300
29.376300	 6.405060	 27.589100
29.357600	 4.770450	 28.263200
28.257300	 5.792530	 27.990300
28.495900	 5.382650	 26.736000
28.126100	 4.322380	 27.693100
29.287100	 6.780130	 26.298900
29.197700	 7.692840	 27.325300
29.827900	 5.503170	 26.330400
28.577500	 7.003650	 24.431200
29.928200	 8.982950	 24.255600
17.198300	 8.766310	 20.485800
29.646400	 7.567590	 23.597900
30.032100	 6.657120	 24.796400
30.823300	 7.599090	 24.562000
30.741200	 6.665870	 23.646800
21.362400	 14.423600	 33.297600
19.816300	 14.798600	 33.970400
6.932620	 5.010120	 33.377900
6.224020	 6.078420	 33.715600
20.293600	 10.712300	 31.034400
21.347400	 10.410500	 29.966000
21.807000	 11.187100	 31.088300
19.812100	 10.616300	 29.660300
20.287100	 11.521800	 30.925500
9.404700	 6.137210	 22.545400
15.142600	 16.563800	 24.219800
14.858200	 17.614400	 25.190600
14.786200	 17.934200	 23.887900
15.908900	 17.116000	 23.207200
14.479100	 17.147300	 22.973300
15.639000	 18.840800	 24.981600
13.748400	 18.636100	 24.688200
14.622100	 18.798100	 26.038800
24.477000	 11.691200	 26.020300
14.301500	 5.177930	 32.928800
15.037300	 6.001940	 33.836700
13.921300	 5.264870	 34.130600
12.631800	 5.123290	 33.329800
13.038100	 5.880360	 34.298200
12.843200	 4.894320	 34.430400
12.809300	 7.233560	 34.115400
18.775100	 18.277600	 24.288700
7.329380	 6.254310	 33.559700
10.270500	 12.339900	 32.238900
10.889700	 12.481900	 33.396800
9.593340	 13.240900	 33.112400
8.862570	 12.779600	 32.101500
8.492600	 12.736700	 33.529700
9.648560	 13.820500	 31.791700
29.652800	 4.366550	 33.557800
30.708200	 4.933160	 34.033500
31.141400	 5.980300	 32.980800
21.570600	 15.541400	 32.538600
23.700000	 10.818000	 33.007200
12.587400	 16.954300	 31.630100
12.674600	 17.949200	 32.582800
11.514800	 17.824600	 31.653000
13.910400	 17.592200	 31.800800
14.075300	 17.622000	 33.949600
6.364820	 3.770450	 33.058800
7.744630	 4.035920	 32.520900
20.096200	 15.200800	 1.175670
19.394900	 14.014300	 1.903870
20.608600	 14.556200	 2.255090
19.561400	 14.348100	 3.159200
21.000100	 15.869800	 2.010990
20.438000	 15.467600	 3.546280
19.644500	 16.792800	 2.883880
21.785100	 15.214700	 3.054890
21.142400	 14.234000	 3.945250
19.115400	 15.766800	 3.763560
21.257600	 16.689400	 3.375720
20.289400	 16.431100	 4.335770
21.375900	 17.225200	 4.456590
21.586000	 15.934900	 4.507040
22.443000	 16.695100	 3.918840
22.251200	 16.619000	 5.525570
20.989000	 16.397100	 5.765610
22.897600	 15.533800	 4.714830
21.901700	 15.313500	 5.805540
20.433900	 15.207400	 5.357090
20.309500	 13.066400	 2.706940
18.748600	 13.314000	 2.765620
19.518000	 12.919500	 4.021050
18.245600	 13.737700	 3.976990
19.477500	 12.580400	 1.623110
18.413400	 13.223900	 1.423660
18.175500	 11.983400	 1.984720
17.298700	 13.316100	 2.497480
18.194700	 12.436300	 3.947420
21.579400	 14.503000	 4.793300
21.646100	 13.627100	 2.670730
22.562500	 14.394600	 4.015880
18.690300	 13.108100	 5.188260
17.229300	 13.250200	 4.752120
19.479600	 14.213600	 4.764330
18.448700	 14.740100	 3.982420
18.156100	 14.643000	 5.415470
17.276200	 14.599700	 4.086030
17.896500	 15.802000	 5.026790
19.057300	 15.589700	 5.395830
18.350200	 15.294900	 6.578990
18.359100	 16.744500	 5.832080
16.973700	 16.398300	 5.996910
17.888100	 16.639600	 7.146720
16.848800	 15.083300	 5.860130
16.627000	 15.760300	 4.603460
17.421400	 17.245200	 4.923360
16.596100	 15.437500	 7.121610
17.340400	 14.089600	 6.735780
15.667100	 15.893300	 6.168980
16.187100	 16.749700	 7.275570
17.304700	 17.805000	 6.157980
18.353900	 18.256800	 5.379850
18.573600	 17.796000	 6.841560
17.744400	 17.592000	 7.587860
17.182900	 18.601800	 7.115810
18.731600	 16.795000	 4.670540
19.560700	 17.317300	 5.466060
19.578100	 18.111800	 4.386830
17.594300	 16.468400	 3.692100
16.610300	 17.563500	 3.803560
16.247600	 17.647400	 5.528800
17.894700	 15.009900	 7.700450
16.601500	 14.359000	 7.942130
16.867700	 15.654700	 8.533650
17.481100	 14.521800	 9.001890
15.526500	 15.339200	 7.937160
18.507400	 15.763800	 8.925040
17.220700	 12.387800	 1.346090
16.755500	 11.871000	 2.603300
15.874500	 12.857000	 2.191230
16.355900	 12.596200	 3.632490
15.937200	 11.116900	 1.528080
17.190200	 11.301500	 1.295920
15.398200	 11.692700	 2.836250
19.053500	 16.099900	 6.909340
17.114500	 15.800700	 9.677230
17.569000	 16.847100	 8.991390
18.385400	 16.624800	 10.108100
18.713800	 17.423700	 8.732600
19.592200	 16.250700	 9.601250
19.477200	 17.435400	 9.979750
20.183700	 17.305400	 8.688950
18.199400	 18.006000	 9.781310
19.448500	 16.468400	 7.750230
23.161500	 15.109700	 2.508800
23.175600	 13.278600	 3.210630
23.083300	 13.697400	 1.873170
24.237500	 13.783400	 2.365150
23.580500	 12.088200	 2.478730
23.958900	 14.401100	 3.596420
24.502400	 12.793500	 3.176600
23.579000	 14.652200	 1.302810
22.109400	 12.421100	 2.467480
23.360300	 11.631800	 3.450210
22.201300	 12.612700	 3.922550
23.089800	 10.887400	 2.259450
24.416200	 11.195700	 2.662920
23.401400	 12.873000	 4.556260
24.286500	 14.042200	 1.128520
25.207700	 12.819100	 2.006600
24.455600	 11.387700	 1.375960
24.635100	 10.091300	 2.217080
25.612900	 10.710300	 1.999520
25.568600	 9.922020	 3.042910
24.955900	 10.062300	 0.949431
25.612600	 11.338600	 1.115560
23.326300	 10.361700	 0.857011
26.321400	 10.188800	 0.888834
25.811300	 11.324500	 3.302640
25.416900	 9.313120	 1.790230
23.630900	 10.062000	 3.334800
24.665200	 11.105800	 0.482571
24.079800	 8.980340	 1.161740
22.989600	 9.605130	 1.891150
23.985500	 8.714220	 2.478990
24.758600	 10.933100	 4.327410
24.414200	 9.461670	 4.547830
25.677300	 10.137500	 4.344300
25.722200	 8.697020	 3.617070
24.403000	 8.915390	 3.229690
24.637400	 8.190690	 4.429520
25.239300	 7.423610	 3.303670
23.247700	 8.821820	 3.961680
23.830800	 7.460780	 3.423190
23.325700	 7.733230	 4.708710
23.869000	 8.676000	 5.548540
22.980700	 8.748760	 2.773760
24.072900	 8.183900	 2.241060
22.301400	 7.860780	 3.704710
22.540000	 7.470260	 2.629850
22.713500	 6.659970	 3.394100
21.385800	 6.907680	 2.986770
23.713000	 6.538860	 2.436610
22.381900	 5.946840	 2.289820
23.281200	 5.133470	 3.206600
25.521800	 8.819690	 5.207570
25.995200	 7.463560	 4.703690
21.845300	 5.390680	 3.564360
22.743100	 5.046450	 4.395860
21.777400	 6.355310	 4.674250
22.246600	 4.646750	 2.426620
21.191600	 5.286670	 2.517660
21.252900	 4.412730	 3.062620
20.515600	 5.411820	 3.540870
24.521600	 7.328640	 5.482160
21.517700	 4.920590	 4.930510
22.349500	 5.994730	 5.696990
21.186600	 5.717310	 5.466950
21.707200	 5.561010	 6.514400
20.511600	 4.746000	 6.040950
24.932700	 10.360500	 5.525460
25.799700	 11.421500	 5.043450
23.406600	 7.576600	 6.457730
22.987000	 15.609300	 3.715550
18.644800	 17.544500	 11.125400
19.225700	 18.752500	 10.514600
17.800500	 18.782800	 11.005600
17.379100	 17.255700	 10.787000
17.440600	 17.859800	 12.002900
18.832500	 18.521500	 12.012700
16.976900	 18.417700	 10.232200
16.520600	 18.481700	 11.334000
17.793000	 18.389400	 8.601870
17.550000	 19.193300	 12.260700
19.083500	 17.231300	 12.322100
17.997900	 18.489000	 13.541500
16.768800	 18.328700	 13.107500
17.427700	 16.671300	 11.721900
16.640900	 17.338600	 12.878800
19.581000	 18.868600	 21.425400
18.794400	 19.527400	 22.611300
20.253900	 19.326100	 22.870100
19.364700	 19.218200	 23.960500
19.745700	 19.969200	 22.080300
19.615200	 20.060200	 22.890000
19.227500	 20.030400	 24.072300
21.033200	 19.592800	 21.495300
26.833400	 14.674500	 24.436300
26.824600	 15.983400	 23.521400
27.399500	 15.854900	 25.453600
29.092500	 13.199800	 28.332300
29.355700	 13.403500	 28.995400
27.980900	 13.852900	 29.121400
29.069500	 14.503100	 28.328200
28.043900	 13.743600	 27.569000
27.905600	 15.242000	 28.358100
27.399700	 15.865800	 29.401800
13.985000	 19.484300	 22.434100
15.339800	 19.855200	 22.702600
22.954300	 7.441280	 24.209600
22.175200	 7.558810	 23.149700
11.877500	 18.895900	 20.108900
28.478800	 5.706100	 25.135500
25.610500	 16.303200	 20.998700
30.446500	 6.793990	 26.784800
29.849000	 7.775450	 25.864500
30.863500	 8.197770	 23.123000
30.930800	 9.012070	 23.918800
17.948400	 12.521100	 5.729780
14.767400	 4.384050	 10.114700
26.083000	 17.376400	 24.352600
21.254200	 5.513030	 26.923600
20.926400	 5.303330	 28.075600
19.950700	 5.563310	 27.106100
10.698700	 9.087820	 7.382630
18.990800	 10.997800	 1.053290
22.556700	 10.889400	 33.694300
15.304700	 3.781880	 11.005300
16.286700	 3.355090	 10.118400
16.446100	 3.280770	 11.483600
15.862300	 4.295900	 12.206700
14.315600	 4.135990	 12.124200
15.273900	 4.221290	 13.334500
23.554700	 6.685100	 10.241400
24.444600	 3.758790	 18.607400
25.748600	 7.343990	 14.736800
6.481520	 4.513610	 26.876300
19.829000	 19.424900	 15.442300
13.225000	 15.842000	 8.443750
12.492400	 14.692400	 8.466640
13.569100	 16.371300	 7.718360
9.026310	 9.289520	 14.123100
30.842400	 10.834200	 25.497400
10.426200	 8.856330	 3.014430
18.370900	 15.226100	 21.445200
25.507300	 13.518300	 11.403200
31.361300	 8.089990	 31.608000
11.960000	 10.141700	 25.966000
19.686800	 5.587120	 2.370180
26.538100	 8.247980	 23.927300
27.889000	 7.814910	 23.484500
26.552600	 6.935220	 23.822100
25.348600	 7.290440	 24.483000
6.724550	 5.643640	 1.144440
11.151300	 10.172900	 7.687610
11.132200	 10.829800	 6.393920
13.037100	 9.881420	 25.632100
21.735500	 6.977430	 24.582600
7.399420	 5.072510	 4.407050
24.605700	 6.348160	 2.153130
16.375800	 10.053400	 22.774800
14.298800	 19.510400	 15.769000
14.405500	 9.243710	 1.284710
17.592200	 3.566950	 13.035000
20.002100	 15.413600	 29.704600
19.876900	 14.178300	 29.658800
18.659400	 17.841100	 33.635600
17.995600	 4.555900	 2.658300
24.219600	 11.590500	 6.485540
10.132800	 8.899180	 12.423400
14.437700	 18.695500	 27.697500
12.005200	 17.889300	 15.463400
13.034600	 18.367500	 15.241300
13.277100	 18.742000	 16.470100
15.282000	 4.665360	 27.125400
11.968100	 17.583800	 28.801900
13.146200	 17.613800	 27.559700
12.706700	 18.776200	 28.698900
13.617600	 17.403500	 28.851600
12.530400	 18.224600	 29.888800
12.594600	 16.653000	 29.803000
13.398400	 17.495400	 30.285400
12.070600	 18.108200	 26.638000
6.358230	 4.401860	 22.091300
23.766600	 17.467400	 31.891600
11.639500	 14.867500	 9.775590
24.745200	 8.087530	 25.113300
25.298600	 12.510100	 0.815634
19.827200	 8.338540	 20.999200
7.635880	 14.985900	 29.400500
18.958800	 10.176600	 22.193800
25.098300	 12.068900	 4.365850
14.040000	 4.267800	 26.969700
23.505100	 6.388160	 24.653400
21.021600	 17.966100	 28.634100
13.813000	 3.036340	 31.150300
9.416640	 5.829170	 12.193900
20.863800	 4.350910	 9.189360
17.716800	 9.611000	 2.071900
14.665000	 3.163970	 29.442200
13.339900	 5.768050	 24.996100
23.472400	 18.825800	 22.630800
24.412300	 17.672400	 22.213500
23.068300	 18.186900	 21.399400
23.140300	 16.782300	 21.680900
24.066600	 17.467400	 20.689400
24.577000	 16.337100	 21.596100
20.190900	 16.720800	 6.548680
24.579700	 10.945100	 24.959800
11.140500	 9.731670	 1.277460
20.573900	 9.717900	 22.770900
7.032570	 4.713670	 2.724990
9.443250	 10.134600	 28.044600
17.609700	 10.875000	 2.520530
23.260300	 9.910800	 4.925570
8.177930	 13.532000	 30.793100
19.585100	 18.280000	 13.202000
11.300600	 6.019080	 31.635500
5.995710	 9.102590	 31.126100
5.844530	 10.612700	 31.227200
6.392330	 9.881320	 32.510900
5.483920	 9.867440	 31.857800
5.133490	 9.880260	 30.811600
5.668990	 8.777420	 32.543200
15.639000	 15.037100	 5.082360
26.221400	 11.357600	 29.762900
27.165000	 12.553100	 29.100300
25.810300	 12.285300	 29.135000
7.737460	 7.783380	 23.022400
9.235830	 7.479640	 22.346600
14.648900	 3.894900	 32.740400
31.364400	 6.676520	 32.186100
8.900690	 9.198210	 33.682300
23.499700	 15.615500	 5.844150
9.691770	 6.185890	 10.935600
9.921890	 7.242690	 10.683400
13.687800	 18.759800	 23.424600
23.064900	 14.181100	 33.646900
10.735400	 6.171760	 11.351600
10.492100	 6.353300	 9.992730
10.965200	 7.681460	 11.827000
20.073400	 18.260300	 29.708100
10.068700	 17.037400	 29.352100
9.845770	 16.678500	 30.521500
22.791300	 19.519800	 24.090600
26.048200	 9.089360	 13.202800
9.105400	 4.053370	 32.684800
5.490800	 8.098850	 22.607900
6.373900	 7.778660	 22.242400
6.119060	 7.089430	 23.223900
10.496400	 4.974070	 33.815300
23.835500	 6.668400	 31.084600
27.609800	 6.386190	 14.662800
12.288400	 8.915880	 26.012000
13.172800	 8.810110	 24.812400
10.963300	 9.343230	 25.816600
8.114430	 6.456670	 1.815650
12.064500	 6.644600	 8.482250
22.706900	 6.659030	 25.178000
16.854700	 19.439100	 16.561100
24.882000	 12.307800	 5.697730
6.235740	 10.417700	 26.621500
30.838200	 10.298200	 24.390600
14.802700	 2.728460	 33.734600
12.968500	 6.201740	 4.421230
22.579300	 11.423600	 32.334600
12.849900	 4.740240	 13.104300
14.233800	 17.459900	 7.545390
14.799300	 16.491300	 8.321910
14.739100	 16.234400	 6.987500
12.238000	 9.578470	 4.317900
10.368500	 6.224860	 8.734630
16.583200	 17.703800	 33.901100
22.938300	 5.956030	 7.101170
9.087090	 14.936300	 33.053700
23.926600	 7.497200	 25.433300
12.150400	 8.590980	 24.370600
21.871300	 10.721600	 1.298250
14.340500	 3.814780	 28.455500
29.682400	 12.075800	 31.457400
19.094500	 16.859600	 19.951400
17.498200	 11.731900	 33.648900
22.842700	 5.176750	 12.081500
10.840300	 6.506690	 2.349330
12.081700	 6.507650	 2.288960
11.338100	 6.717040	 3.627010
11.406100	 7.728000	 2.516560
10.171200	 7.432730	 3.365720
10.045100	 7.787500	 1.974250
11.177700	 7.357150	 1.243450
10.047500	 6.368000	 1.450150
11.099200	 8.720100	 1.588650
12.807000	 8.347580	 1.648750
12.264200	 8.876400	 2.745130
12.818000	 7.795980	 3.052520
13.415700	 8.705160	 2.360780
13.569600	 7.446040	 1.947630
11.691200	 8.445320	 3.990350
12.701400	 9.584270	 1.406850
13.336000	 10.436300	 2.594030
11.578400	 10.239500	 2.201400
12.688700	 10.864100	 1.323470
11.731300	 10.269600	 3.686840
12.495200	 11.275300	 2.711540
13.715200	 9.425330	 3.067600
11.248700	 9.649720	 3.091560
13.684300	 10.172100	 1.340580
11.271700	 11.545500	 1.777740
9.821280	 9.143980	 1.508440
13.727200	 6.760700	 3.270930
10.944100	 11.679300	 7.344960
19.504900	 16.293600	 31.694600
20.878900	 16.711300	 32.501200
19.713000	 16.797200	 33.230800
19.842600	 17.700600	 32.128600
20.459100	 17.149900	 30.914500
19.183400	 17.155700	 31.075200
18.473400	 17.067200	 32.263800
18.588500	 6.626540	 1.227280
19.475200	 18.462000	 14.212300
20.590300	 18.655900	 13.825300
18.829100	 3.643230	 13.426500
19.651100	 18.205900	 28.593500
17.192100	 19.430500	 24.474200
20.728300	 8.038440	 22.775500
21.435900	 4.506450	 7.346720
18.866900	 3.848020	 7.163290
19.695800	 5.165780	 1.078950
27.102600	 13.561200	 30.769200
21.020600	 11.186500	 1.419640
20.040800	 6.952240	 1.154840
21.075800	 7.431500	 1.736750
27.457600	 8.253450	 14.045700
21.247200	 8.711430	 0.609978
21.645300	 9.637490	 0.742462
22.420100	 9.554760	 1.530350
20.239800	 16.898000	 29.053500
28.559700	 11.993000	 30.992400
11.952500	 11.978700	 1.483000
21.797600	 18.409800	 30.015500
14.945200	 19.304400	 17.679700
15.995600	 19.335200	 18.495700
11.577900	 13.822300	 1.604350
25.821200	 11.630300	 2.299560
11.329800	 5.486440	 11.119600
7.367080	 6.496270	 16.390000
17.039400	 2.707210	 16.827200
30.876600	 7.292460	 21.353400
24.744500	 18.595500	 24.571000
14.939200	 20.172400	 24.336000
19.255800	 19.700300	 25.345300
5.344960	 3.971630	 28.265100
16.835200	 1.932840	 28.905000
6.803680	 3.546980	 33.766900
23.654000	 18.396700	 33.584000
15.190000	 17.865900	 33.645300
31.980500	 5.888920	 33.758500
30.962900	 9.145580	 33.946700
22.995200	 3.279600	 34.105800
24.154300	 16.455200	 17.498500
10.559800	 9.848270	 11.704200
16.662600	 5.951210	 22.050300
21.491200	 6.504390	 23.379000
28.622900	 7.393660	 23.007100
22.048100	 6.445160	 23.451100
12.743700	 10.147800	 24.662700
12.564500	 10.071600	 26.642200
14.897100	 13.492200	 26.344700
7.949340	 12.697000	 26.957600
23.219500	 16.061400	 31.929900
17.547100	 13.851100	 9.824980
17.357600	 13.213600	 11.056500
16.127800	 20.018700	 14.590000
14.383000	 20.038900	 23.425900
16.435000	 2.082220	 20.731400
14.350300	 14.386700	 0.653029
15.569800	 3.964790	 0.525670
6.885490	 10.087900	 16.245500
20.729900	 4.094000	 3.518070
14.403600	 8.441980	 20.705100
4.660170	 7.786500	 29.225000
11.636000	 19.064800	 17.418100
23.026500	 16.857800	 2.047790
17.091400	 13.666700	 24.440100
27.925900	 7.347560	 22.187600
23.131800	 4.494930	 26.993900
11.702500	 18.629500	 28.444300
26.475500	 12.615100	 13.950600
10.989500	 14.305200	 10.147000
17.788000	 11.966900	 24.976600
5.361620	 10.571100	 23.470900
20.896200	 16.433600	 9.146910
19.557300	 19.828600	 17.661500
23.374200	 3.518920	 27.714100
25.898200	 11.580400	 32.343200
17.819600	 3.157660	 30.775100
17.981900	 8.024700	 23.744500
19.002000	 7.838430	 28.805200
20.440100	 9.112850	 30.156700
16.886600	 18.817100	 9.169590
18.381300	 15.415400	 25.082200
10.578800	 3.446640	 26.480400
9.036190	 6.869650	 30.238400
9.565320	 8.061860	 28.016100
29.089700	 11.302200	 29.054600
11.428600	 7.920140	 24.299100
8.354850	 5.425910	 29.575400
14.775500	 10.778400	 32.657300
14.138300	 10.592500	 31.235500
14.863400	 9.588020	 29.822200
19.112300	 12.075400	 31.575700
19.022300	 17.507200	 25.589400
18.014200	 19.105800	 8.345120
23.892200	 7.561540	 9.998690
21.423300	 5.499010	 1.215020
16.763900	 6.745560	 21.848900
4.846620	 9.605160	 24.862100
7.337760	 3.878300	 22.033200
20.300900	 4.102250	 1.125290
25.323100	 11.549200	 28.150100
14.951500	 14.629000	 5.324470
18.075800	 10.636700	 0.925221
11.913100	 15.564000	 30.628400
10.458000	 9.422210	 10.058200
11.394500	 7.261630	 10.561800
25.527800	 13.409400	 7.367880
5.962450	 4.486030	 1.209230
12.871200	 9.702350	 3.571320
28.514700	 6.719270	 32.168000
20.658100	 18.145700	 21.512200
22.099800	 3.603890	 33.549600
17.516600	 19.576700	 23.941300
21.015200	 3.551990	 33.393500
9.632360	 3.551160	 33.594800
15.596600	 19.673500	 13.256000
26.715000	 7.281880	 3.810010
18.814500	 9.339580	 25.287700
19.046500	 9.588660	 21.618600
18.076600	 15.731800	 12.018800
11.095100	 10.189900	 26.580000
15.354400	 3.362130	 13.492700
4.972500	 6.102810	 33.710500
6.377320	 3.865210	 26.176800
28.962000	 6.649740	 0.164769
13.284900	 18.152900	 15.320900
12.101000	 14.081400	 6.985790
18.114500	 2.952330	 33.884100
10.027000	 8.699790	 10.842900
12.611000	 14.561200	 1.532460
12.998000	 3.508320	 21.897600
12.921000	 17.638200	 13.914800
23.223000	 4.821030	 33.534800
17.527600	 6.292980	 1.624720
14.966700	 17.613200	 28.285300
19.984000	 18.204700	 31.221400
19.834700	 7.139830	 22.894100
27.606000	 7.120030	 1.448580
19.827100	 8.896450	 3.088230
15.764100	 8.869310	 3.522380
16.159800	 9.106060	 4.372770
14.733700	 8.778730	 4.823060
20.811800	 9.216420	 4.304870
20.860400	 9.719150	 5.726990
15.710300	 9.224080	 5.448750
19.313300	 10.361300	 6.673070
16.980200	 9.670530	 6.880790
14.686400	 8.769730	 5.721070
14.650800	 7.504820	 6.749630
20.878500	 10.042600	 6.329470
17.946400	 10.545300	 8.128760
15.965100	 9.407620	 7.201470
14.974300	 8.908370	 6.975190
20.289500	 11.054000	 7.721540
15.560200	 6.380020	 7.951540
15.092800	 7.352840	 7.831970
19.198500	 10.957400	 7.602640
15.167800	 8.818730	 7.656650
16.348500	 9.614820	 8.459860
21.442000	 10.908800	 8.306640
15.683300	 8.073820	 9.211440
16.370500	 5.927280	 9.003300
15.749300	 7.113480	 8.874790
22.547300	 10.571500	 9.683010
16.005800	 9.044220	 9.185040
18.188200	 10.625300	 9.293300
17.008500	 10.194200	 9.434550
19.792900	 11.096900	 9.255170
21.537400	 10.938800	 9.718300
16.673900	 8.055340	 10.305200
17.381500	 7.190270	 10.364300
19.405700	 10.320500	 10.261700
21.018700	 10.661600	 10.310400
17.302800	 8.417610	 10.357900
19.810100	 9.686770	 10.650600
18.638800	 9.068270	 10.717300
17.016200	 9.195710	 10.294400
20.308900	 6.986760	 11.271700
17.849500	 10.064400	 10.476500
21.537100	 9.674070	 10.898900
18.830400	 7.884430	 10.890900
21.799000	 8.820740	 11.201000
20.318000	 8.818150	 11.129600
20.921100	 7.686060	 11.403800
20.590100	 7.467900	 9.731090
21.651200	 9.642410	 9.560620
17.361300	 6.852060	 3.692760
17.471800	 8.406800	 5.867050
21.976500	 8.678710	 10.043500
17.136200	 8.515170	 9.167610
16.585800	 6.339670	 7.891820
16.358300	 7.219010	 7.452500
22.218800	 9.540880	 9.145280
15.638400	 7.378910	 5.850460
17.326200	 8.036150	 4.876820
16.573400	 7.868790	 4.296360
18.732500	 6.528050	 9.295800
21.329700	 8.906790	 8.788000
20.285000	 8.992760	 9.624400
21.316300	 8.706040	 7.028680
17.728700	 6.743060	 9.146660
19.408500	 7.828580	 3.737610
18.303100	 6.599610	 4.563700
20.547700	 7.669320	 6.397670
19.522500	 9.538580	 7.849950
17.316300	 6.397480	 5.695490
20.262900	 7.025510	 8.924750
18.526700	 8.464080	 9.532930
18.410600	 6.301800	 7.279420
19.871000	 8.187420	 9.078960
18.324100	 7.345960	 6.010550
17.954800	 8.456940	 8.021050
16.033100	 8.337890	 8.783250
20.330200	 6.910710	 10.519400
18.978000	 6.199180	 9.536400
19.397100	 15.322100	 15.567600
20.130000	 16.180500	 15.317400
20.974600	 15.369100	 15.557200
20.746400	 15.101400	 15.823500
21.365800	 15.913400	 15.624200
22.412300	 13.722500	 15.792500
21.890300	 14.551900	 15.811000
23.468700	 12.902100	 16.639000
18.071600	 14.774200	 16.483200
21.821600	 13.464000	 16.384200
24.287600	 12.034900	 16.603000
24.757400	 10.963300	 17.421900
17.614200	 15.276900	 16.449400
21.958600	 12.511400	 17.488800
19.741700	 14.568700	 17.068800
25.666900	 10.618900	 17.820400
17.984000	 14.473300	 17.381100
23.341100	 11.776500	 17.296700
27.018400	 10.071300	 18.165800
24.650900	 10.460600	 18.002900
27.719800	 10.633300	 18.214200
17.639000	 15.545000	 18.144600
23.554100	 10.111300	 18.232700
25.675300	 9.891420	 18.344700
26.292000	 8.596220	 19.059800
24.450300	 8.760760	 18.738100
23.159900	 8.979430	 18.822900
21.335700	 13.689200	 19.137000
28.095200	 9.552670	 18.994500
26.821700	 7.856740	 19.949000
27.743100	 8.832900	 19.139000
27.729700	 7.966520	 20.190500
25.478700	 7.714600	 20.023100
23.766100	 7.837840	 20.020600
22.280200	 12.676200	 20.341900
22.292400	 14.204200	 20.198000
25.326600	 7.407470	 20.711200
22.776800	 13.352400	 21.340500
19.492200	 16.184300	 16.933500
25.216900	 11.762100	 18.525100
23.299000	 12.130600	 19.145800
23.379500	 9.924530	 19.745800
24.704600	 13.524000	 21.162900
22.339200	 16.100300	 17.609500
26.676900	 8.578150	 21.429900
21.512000	 15.534000	 16.622600
18.632100	 15.571100	 17.177900
23.456500	 9.102360	 20.505200
27.800600	 10.647700	 19.920500
24.346100	 12.983200	 17.742300
24.094800	 14.916800	 18.820600
23.084100	 15.272400	 17.691600
23.451900	 10.695900	 19.222900
22.234800	 13.977500	 18.183000
24.747900	 8.338360	 21.385300
22.982400	 10.982400	 20.342300
24.165800	 10.133500	 20.659200
24.279800	 9.501270	 19.449200
24.025500	 10.366700	 21.547700
27.033400	 11.365500	 19.108000
26.404300	 11.185900	 21.677300
25.386400	 13.944000	 19.161200
24.947500	 10.972400	 19.835900
25.428900	 9.659780	 20.590900
25.124300	 10.803200	 21.032700
24.704400	 9.420720	 21.486100
26.516800	 10.436800	 20.231700
25.417600	 12.516700	 20.789400
26.436600	 10.036000	 21.467000
26.699300	 9.460700	 20.260600
27.533100	 10.425500	 20.986200
26.860800	 11.786400	 20.568000
26.933400	 12.341700	 19.824300
24.057500	 13.052100	 20.582200
27.541200	 8.684130	 20.889800
25.564200	 8.767150	 20.445700
22.257100	 14.630800	 17.191200
24.696000	 11.295500	 21.990900
18.265700	 15.626900	 16.501500
24.159300	 8.007880	 21.484600
25.099000	 10.336300	 21.875500
24.055800	 9.504870	 22.309000
15.933900	 8.467710	 10.575400
21.145900	 11.226600	 10.563800
14.789200	 8.705470	 10.682900
20.184900	 10.659800	 10.479200
22.641500	 12.379000	 11.111200
17.043900	 10.488400	 11.124100
23.499600	 11.093200	 11.347400
14.259100	 7.945630	 10.910100
18.846300	 11.142900	 10.957700
21.392000	 12.955400	 10.911100
16.417900	 11.383200	 10.919900
15.361600	 6.836990	 10.828000
13.386000	 9.403570	 10.973800
15.623300	 9.799400	 10.793300
15.224300	 11.422300	 10.963800
19.960700	 12.231700	 10.799000
20.665700	 13.868500	 11.012300
14.286000	 9.889310	 10.977300
18.232800	 12.382800	 11.127100
14.168900	 11.012500	 11.269000
14.104100	 6.531230	 11.681300
15.501700	 12.286900	 11.100000
22.849500	 13.678900	 11.482400
13.860000	 12.537900	 11.617100
19.303500	 13.747100	 11.295800
19.388100	 14.260900	 11.698100
12.917100	 10.049000	 11.610900
23.420500	 9.382370	 12.006800
13.159000	 7.807740	 11.748600
12.284400	 8.792970	 12.093500
11.584600	 10.816600	 12.468700
15.373600	 12.808500	 11.895300
12.702500	 11.539000	 11.520400
12.106100	 12.994100	 12.361200
12.725100	 13.745800	 12.222100
14.391800	 13.833300	 12.393200
11.594100	 9.891350	 12.586700
15.361000	 14.417900	 13.071000
11.239200	 13.704300	 20.777700
10.089400	 14.327400	 20.861000
8.761900	 14.268900	 22.285300
12.491400	 13.536600	 20.904900
12.441000	 12.888400	 21.823400
13.908500	 13.412900	 21.778700
9.841310	 13.384800	 21.752000
10.992900	 12.689600	 22.153600
12.515300	 12.281900	 23.102000
9.396770	 12.733100	 23.120500
13.672600	 12.680500	 22.899800
9.461640	 12.255400	 24.406700
8.264530	 14.292800	 23.545200
8.435750	 13.120000	 24.787400
10.996300	 12.101300	 23.598600
7.899480	 14.629100	 24.727900
13.453700	 12.097700	 24.545900
10.821500	 11.847200	 24.785500
12.340200	 11.907300	 24.447000
9.731140	 9.935850	 21.489800
20.769200	 6.983540	 12.470000
18.528400	 5.992970	 12.884200
10.793200	 14.150400	 15.513400
24.178700	 6.060920	 21.267300
28.086300	 6.585460	 21.410700
8.982420	 10.193100	 17.387700
24.944400	 14.247400	 15.536000
24.952100	 9.818330	 17.057800
25.865200	 11.649300	 16.367000
27.488300	 6.584910	 19.674100
8.977750	 13.174800	 18.392500
21.087600	 10.289700	 11.740700
6.994750	 12.457300	 21.724200
21.983800	 9.554180	 12.225200
15.349200	 15.002700	 14.265400
18.302700	 5.482890	 20.415500
21.082400	 13.684500	 12.075700
19.563800	 11.841700	 17.625300
14.607100	 10.960300	 20.553200
27.154100	 6.434120	 20.627800
9.656690	 15.494800	 19.433400
16.775600	 8.375730	 11.548400
17.296100	 15.933000	 18.142000
17.413200	 15.782700	 19.228000
10.675200	 8.426550	 17.130600
12.910100	 10.166100	 21.044900
21.194200	 13.596900	 15.273000
16.503900	 15.025000	 18.494100
7.166640	 12.175200	 20.838900
20.895500	 12.364100	 21.046800
20.480800	 10.794700	 17.245000
9.685010	 6.172600	 19.036900
10.361400	 5.212830	 20.233800
15.552100	 12.083000	 24.478300
16.916600	 15.225500	 17.149600
13.483100	 7.663710	 12.834200
20.470100	 14.677100	 14.808900
17.932700	 14.175300	 13.307200
23.549300	 4.839960	 21.402400
17.046500	 13.932800	 16.612200
22.418500	 14.398200	 14.588300
24.901700	 12.754400	 15.063900
26.975400	 9.556250	 17.422200
20.358600	 14.575500	 12.883400
9.451270	 11.407900	 17.019300
22.842000	 6.766700	 20.059100
14.904100	 4.891450	 17.444400
15.758100	 11.519600	 12.146100
21.102400	 15.789600	 14.344200
22.084000	 12.348200	 21.852100
10.586300	 14.915500	 16.978300
23.272100	 11.993400	 16.034600
7.564610	 13.202600	 23.709600
7.068190	 10.803700	 20.999900
15.651500	 14.454600	 21.001000
14.461900	 11.633300	 23.148300
17.854500	 6.437980	 11.924500
10.920100	 6.099190	 18.146200
17.595400	 14.709100	 15.264800
25.307700	 5.275300	 22.043900
13.855600	 6.027110	 15.830200
22.246500	 12.466300	 15.739900
26.845900	 10.674200	 16.988300
9.615390	 14.436800	 17.807500
22.655300	 8.183740	 13.822100
11.996400	 13.321700	 19.767300
10.068800	 12.213700	 16.388500
22.004100	 15.977600	 14.909700
13.540600	 7.280990	 14.475300
19.974300	 12.583800	 18.840700
16.476900	 12.607500	 20.791400
21.007600	 4.565090	 18.933700
10.508900	 6.966660	 17.669900
18.448100	 13.598000	 16.480300
16.398200	 15.204800	 15.911400
7.254560	 14.541900	 22.383500
11.142100	 13.574600	 14.595300
21.326500	 4.033080	 24.115400
14.014000	 4.937180	 18.449300
19.312100	 12.259600	 20.630800
14.851100	 9.381340	 12.093500
7.861090	 6.294970	 19.865200
9.179330	 5.079800	 20.260600
13.531400	 6.263400	 18.407800
22.622300	 6.888180	 15.311700
20.677600	 14.738800	 19.430800
27.285500	 7.672510	 18.184800
15.472200	 10.452100	 17.910200
16.521200	 3.999680	 20.725300
17.934400	 10.162900	 16.879900
17.389400	 9.037410	 17.124900
10.526100	 13.392400	 16.420300
9.869040	 13.486400	 17.078000
11.716400	 15.198200	 15.528700
11.766400	 7.546800	 17.430100
9.366930	 7.938980	 17.862600
17.812300	 14.824700	 18.627600
16.618400	 14.673600	 19.813700
17.401900	 13.211300	 17.480500
20.803600	 12.411100	 17.702900
18.534500	 12.463100	 18.490200
11.993300	 13.906100	 16.469100
7.779780	 10.793000	 19.450200
20.844200	 12.536800	 16.011200
20.941100	 12.035400	 14.758600
24.071400	 12.252900	 14.094700
17.287900	 12.691900	 16.194500
10.930800	 7.754470	 18.500700
19.084200	 12.240300	 19.705600
19.912800	 13.550000	 16.687700
23.264000	 8.517380	 15.125900
21.307600	 7.082470	 14.424300
12.060800	 13.988100	 14.876700
11.398600	 12.912700	 15.724100
11.763400	 12.275900	 14.670400
11.549600	 13.664100	 13.719300
12.264900	 15.319900	 16.721700
21.708400	 8.475590	 14.996400
15.939900	 15.917700	 19.457700
21.464800	 8.562940	 13.530800
21.234100	 11.253300	 15.965100
18.323000	 12.182600	 17.033100
20.061000	 13.071900	 14.750300
16.092800	 13.212400	 17.144500
13.033900	 13.211100	 15.510700
13.196600	 13.639800	 13.893500
12.444600	 11.859100	 15.527800
13.433700	 12.268800	 14.778500
11.837600	 8.933180	 17.701200
19.032100	 13.816700	 19.107800
20.206600	 13.199900	 20.123100
15.381800	 14.522900	 19.286400
11.749600	 14.347900	 17.651500
13.080000	 14.830800	 15.822500
23.991900	 5.170390	 20.336000
22.912600	 4.454390	 19.972500
22.902200	 5.472980	 20.840000
23.257000	 5.512540	 19.168200
21.972800	 5.427550	 19.574400
22.540800	 4.439680	 18.694700
21.353900	 7.128770	 15.654200
16.731000	 11.749200	 17.150900
16.225800	 13.379500	 15.567100
17.958400	 13.595100	 18.804800
22.008000	 8.319320	 16.324200
20.478100	 7.890860	 14.670900
15.170100	 15.617600	 18.369800
10.422900	 8.928930	 17.985300
12.231600	 7.767100	 18.521200
20.815300	 13.278800	 13.883100
20.024800	 11.558600	 15.280500
12.921000	 8.069430	 17.664900
20.115400	 11.947600	 13.814700
12.828200	 16.086500	 15.821000
12.930000	 15.459200	 14.685700
13.085300	 14.010000	 17.102500
22.415500	 11.661000	 14.676800
21.042000	 10.771100	 14.596300
11.809600	 9.234520	 19.161400
18.566200	 12.379200	 15.678100
17.499900	 11.252000	 16.215600
10.859500	 9.694130	 17.011400
15.952100	 12.166200	 16.007900
15.684300	 14.450400	 16.380000
22.112300	 6.533310	 16.277500
17.390300	 12.071100	 14.864000
16.158800	 12.775100	 18.308800
13.744000	 15.487900	 16.757700
20.617400	 8.760430	 16.131100
21.227900	 11.876900	 13.232600
19.221700	 13.393000	 13.593700
22.048800	 10.035700	 15.159500
12.916200	 9.253350	 18.608700
11.573200	 7.839660	 19.879100
15.166600	 12.956700	 16.069400
9.625680	 9.365340	 17.067800
11.321400	 10.257200	 18.196000
12.404600	 9.909230	 16.986500
20.408500	 6.511200	 14.768900
22.054200	 5.737050	 18.045400
19.882900	 7.074630	 15.966000
20.352400	 7.722800	 13.588600
10.114900	 10.588100	 17.855300
9.202230	 9.582730	 18.421500
22.211900	 9.401230	 14.229700
20.998200	 9.648060	 14.580800
15.546300	 12.225400	 17.472100
17.518600	 12.181500	 18.495900
19.139100	 11.282000	 16.443900
14.289000	 14.309800	 16.287300
13.009400	 15.441700	 18.010300
12.897100	 6.775770	 18.023000
19.086100	 7.499960	 14.844000
19.457200	 8.435520	 13.602800
21.713200	 9.346060	 16.251900
15.316600	 12.561200	 14.837300
18.586600	 11.220200	 15.053200
20.117000	 12.840900	 12.639400
18.852000	 12.402400	 14.503400
23.558400	 7.611630	 16.323900
22.540300	 7.553530	 17.526700
10.566700	 8.307020	 19.333900
22.118000	 10.239600	 13.916500
20.668400	 10.245000	 15.723000
19.623200	 10.144100	 14.804300
19.782000	 9.050620	 15.389500
20.343700	 10.102200	 13.450700
19.553600	 9.037690	 14.292100
18.483400	 9.715860	 14.830200
19.360500	 10.215900	 16.091200
21.451700	 8.996160	 17.310800
18.928000	 13.872400	 14.899100
18.742800	 12.367900	 13.089600
14.470500	 14.457800	 17.669000
14.648600	 15.355500	 15.631700
23.442900	 10.475400	 14.778900
12.908800	 16.475100	 17.389200
23.083300	 8.539210	 17.170800
14.971800	 13.874700	 15.032500
14.699000	 11.737400	 15.499900
18.919600	 11.198800	 13.956700
15.083600	 15.458000	 16.118100
14.136700	 14.285300	 14.713200
17.762800	 13.299400	 13.912200
14.188300	 13.057600	 17.254400
13.994000	 12.816400	 15.049800
16.122000	 11.333000	 15.131800
23.372800	 6.227620	 17.020300
11.790600	 15.887800	 18.083900
14.195100	 16.159000	 17.985600
23.051600	 10.953200	 13.053200
15.395000	 14.645600	 15.178900
14.292600	 16.384300	 16.377600
11.550900	 11.024100	 16.857000
12.698300	 11.068100	 17.982300
19.286100	 6.132310	 13.899600
18.945300	 7.199040	 12.933800
19.236200	 6.009580	 15.234400
24.004200	 7.698960	 17.628300
12.770900	 16.230500	 18.785900
12.802400	 11.134400	 16.362400
16.093700	 13.500300	 13.814800
14.226200	 11.707500	 14.336200
13.662000	 12.536900	 16.555200
18.073900	 6.323000	 14.097900
14.334300	 13.166000	 13.818200
15.673500	 10.793500	 16.045700
19.569600	 11.214300	 12.674600
18.842200	 11.967200	 11.783800
13.307500	 11.569800	 15.226300
18.037400	 6.802000	 15.156100
11.430000	 11.695400	 18.054000
12.206500	 12.075400	 16.856500
11.731900	 11.826500	 15.736500
12.992800	 12.448300	 15.808800
10.905700	 12.387400	 16.729600
12.442100	 13.015000	 16.714600
17.816000	 7.691510	 14.264700
13.556900	 10.249400	 17.310900
18.962400	 8.505600	 15.205200
14.510000	 10.430700	 15.487800
14.157100	 10.739800	 16.491000
14.920200	 9.517100	 16.402700
15.924100	 9.797140	 15.275200
13.655000	 13.730500	 18.549200
19.090200	 10.637000	 11.573700
14.904000	 13.517300	 18.109800
15.017000	 10.091200	 13.573300
17.602400	 12.329500	 12.451400
16.792400	 11.012000	 12.421500
17.632400	 10.002700	 12.072400
11.785000	 11.292200	 19.008400
13.388300	 9.807130	 15.936200
12.823000	 12.437600	 18.629300
13.067600	 11.125600	 14.009800
10.222700	 10.407700	 19.030500
9.883000	 9.295810	 19.293500
9.061670	 10.178200	 19.849000
8.327770	 8.782430	 19.309700
9.070740	 11.142300	 18.404000
10.459200	 11.672500	 18.373500
9.862090	 11.778000	 19.723600
8.404170	 8.855020	 17.673300
8.975290	 9.129180	 20.503300
9.969280	 9.962470	 20.490200
9.189410	 7.920270	 19.773700
8.548540	 10.191200	 21.351000
8.156560	 7.657040	 18.881400
7.702440	 9.837320	 20.139100
17.210300	 6.517550	 14.446100
17.095500	 6.875660	 13.175500
16.187600	 7.814650	 13.927200
16.932000	 5.349840	 13.838100
16.966000	 8.122750	 14.992300
15.790100	 6.504820	 13.639100
16.007300	 5.692600	 14.783200
15.367700	 7.005970	 14.857800
16.294300	 6.455900	 15.879500
14.800400	 5.991170	 14.410600
14.931500	 5.958450	 15.663600
14.066600	 7.053130	 15.162100
14.735700	 7.282580	 13.805400
14.947600	 7.240470	 16.038300
14.719800	 8.379710	 15.128800
16.187400	 8.023440	 15.774400
13.743000	 8.158590	 16.065400
14.961300	 8.710720	 16.459800
14.031400	 9.395130	 15.584700
17.382700	 8.264310	 12.917400
17.400400	 8.854780	 14.172500
16.310600	 9.179100	 13.121000
17.531100	 9.728270	 12.932800
16.576800	 10.178700	 13.747000
15.909600	 9.229400	 14.241000
16.297400	 10.147900	 12.212300
15.662800	 12.148400	 13.566800
14.295000	 7.875380	 17.392200
13.935800	 8.866840	 16.976700
13.910900	 8.831060	 18.194200
13.708000	 6.776480	 16.666700
15.012800	 6.609170	 17.353300
15.809500	 7.780420	 17.275600
14.646200	 9.197030	 14.909300
14.029000	 9.736300	 14.234200
9.962740	 11.260200	 21.061100
11.052500	 10.245800	 21.665800
9.072670	 10.907000	 22.407900
8.875550	 11.826400	 21.536200
10.925600	 11.114900	 20.000200
11.470900	 9.667330	 20.113700
11.264900	 11.619900	 21.492600
12.333900	 10.837300	 20.556900
16.196500	 7.585450	 12.551900
15.030600	 8.213790	 13.492300
12.086500	 17.060900	 18.201000
12.973100	 17.120300	 18.265500
12.601600	 17.323800	 18.982500
13.060300	 17.124800	 17.617400
16.227800	 6.707220	 16.737200
16.393700	 6.478120	 17.958600
15.845500	 5.240030	 17.221200
15.093100	 5.691630	 18.661600
17.356300	 7.331250	 17.294200
17.033600	 5.792970	 17.168000
16.664400	 5.259080	 18.372600
16.434300	 5.309610	 16.311400
17.311300	 6.410960	 15.991600
17.989200	 5.053370	 16.445500
18.382000	 6.134440	 16.793500
17.873700	 6.717860	 18.607400
16.358900	 6.302170	 19.350500
17.975200	 4.996030	 18.004500
16.904700	 4.609410	 17.385800
17.231900	 4.007360	 18.727400
17.503000	 5.201640	 19.469900
13.432500	 11.187400	 18.994500
18.642100	 4.197810	 19.110700
13.646000	 12.067500	 17.624100
14.005200	 11.698300	 18.023900
14.198400	 12.619600	 18.739100
15.008900	 11.434400	 18.798900
13.975100	 11.658400	 19.922300
14.236900	 10.278800	 19.597600
18.877000	 5.600130	 18.931600
18.876900	 4.968380	 20.222200
19.354400	 4.759380	 17.970600
19.886700	 4.587340	 19.375000
18.868400	 6.120520	 17.580200
20.114400	 5.946260	 18.409600
20.134800	 5.532610	 17.086300
19.202300	 6.858180	 18.751100
19.980400	 6.292340	 19.721200
20.634800	 7.400210	 18.856500
18.588300	 6.606300	 19.759700
21.256900	 5.881490	 19.275700
20.079200	 7.082240	 17.593400
20.877900	 4.999890	 20.095600
21.562100	 6.161090	 20.526700
19.124900	 4.643350	 21.420800
18.723300	 4.991990	 16.756800
15.926100	 4.069290	 18.288500
16.184400	 4.471590	 19.561200
16.381300	 3.698660	 19.204700
17.141100	 3.724410	 19.875600
15.755100	 3.678020	 20.143000
12.254400	 10.728300	 22.143700
12.795000	 11.809000	 21.564900
11.953200	 11.887900	 22.360000
19.588400	 9.202660	 12.548600
9.844730	 12.125700	 22.327900
10.274700	 12.229700	 20.970200
15.292100	 12.463000	 19.885500
14.200900	 13.197500	 20.102500
15.092900	 12.195600	 21.510700
13.535200	 12.427600	 21.128200
15.412800	 13.423500	 20.633600
14.967300	 13.467500	 19.606200
19.144500	 9.167210	 16.921800
18.626000	 7.852510	 18.115400
18.641900	 7.969100	 16.573800
18.136100	 9.149650	 15.748400
19.664000	 7.989910	 17.054500
17.166000	 8.274230	 15.857700
21.466900	 4.563650	 21.940600
9.993690	 14.831900	 19.390300
8.925570	 15.081200	 20.239900
21.601500	 13.341600	 21.080900
24.452800	 4.601770	 24.160300
12.273600	 11.341100	 23.856500
16.476200	 12.564100	 19.363100
12.881500	 12.768400	 13.132100
28.179800	 9.524470	 17.570400
15.367000	 3.464530	 21.970100
18.069700	 4.160540	 23.103300
12.920800	 10.054100	 12.693400
13.334900	 11.365200	 12.268600
13.846000	 10.420900	 13.237600
13.759200	 9.048840	 13.291000
13.294600	 8.794710	 14.688400
12.451600	 8.479870	 13.544900
23.300100	 13.937000	 12.735400
16.542300	 3.393880	 23.449800
9.180220	 13.560800	 20.008700
8.761850	 14.056300	 21.222900
7.884290	 14.182100	 20.100000
7.874980	 15.156400	 21.194000
8.192470	 12.812900	 20.740900
10.559100	 13.479600	 19.743900
9.704730	 13.543000	 18.648400
11.407000	 14.298200	 18.948800
10.982000	 12.827800	 18.710800
10.608700	 13.594000	 17.478100
11.993000	 13.483600	 17.801000
12.486900	 14.262100	 18.790000
24.225500	 8.736820	 16.140300
24.943700	 7.807070	 16.854100
25.432500	 8.934290	 16.873200
24.041400	 8.729290	 17.423800
25.141300	 8.201930	 18.258000
25.040300	 6.752660	 17.855900
23.745500	 8.356860	 18.618800
24.439200	 8.871080	 18.299000
25.283700	 9.301810	 17.564200
26.034800	 9.784020	 17.080700
26.319600	 8.705120	 17.850500
26.168200	 7.571060	 17.479500
25.987000	 7.374270	 18.646300
16.349600	 14.074500	 20.942400
24.087600	 13.971700	 14.390900
23.520600	 9.759760	 16.651000
22.996900	 9.466330	 17.612100
24.567300	 10.253300	 15.556700
23.464000	 9.449590	 15.300000
24.283000	 10.660500	 16.670300
22.080000	 8.752420	 18.134800
24.998000	 6.026270	 19.139200
17.456400	 10.308400	 15.289800
26.209400	 5.902580	 20.298200
21.512900	 13.140000	 12.659600
14.409200	 6.494440	 13.015900
20.240300	 15.769800	 13.693600
22.478000	 6.565100	 21.019100
23.227300	 12.195800	 12.611800
11.898700	 5.344510	 19.011900
15.104100	 7.682210	 12.108400
19.097500	 16.000300	 14.641800
18.182800	 15.055600	 14.807000
7.866860	 11.797200	 21.452500
7.852530	 11.332800	 20.172500
18.368600	 8.822250	 11.932300
16.960300	 12.877500	 12.304700
15.930300	 6.080280	 12.213800
18.868000	 6.011720	 11.744900
22.295300	 7.014850	 14.081000
16.740800	 14.726300	 13.730100
11.543600	 14.745600	 14.328900
24.612500	 15.123500	 15.756300
25.763000	 5.152020	 23.230200
12.797600	 11.455100	 13.465000
17.497200	 11.594900	 11.785600
10.547600	 10.617100	 14.291300
20.018300	 13.683500	 12.362300
13.358900	 11.428600	 23.585000
20.465600	 6.426650	 13.923400
14.035100	 17.123600	 18.509100
16.646200	 5.763700	 15.630500
11.666700	 11.358800	 22.807500
14.928600	 12.938200	 18.818200
15.997100	 3.806430	 22.169400
27.470800	 8.521100	 17.184300
11.750000	 9.265150	 13.366800
21.808400	 14.955700	 12.198800
8.400950	 14.304100	 19.718700
19.891600	 6.825920	 12.784400
24.505000	 7.321030	 19.656800
23.558200	 10.058200	 17.852100
6.966540	 14.670200	 24.937600
8.918730	 6.772220	 19.811000
28.048700	 5.798500	 21.595100
21.117400	 8.061010	 16.901700
12.815200	 12.101000	 20.176300
21.438100	 7.815910	 19.438500
25.486700	 4.821280	 20.439000
22.757200	 10.487300	 17.222100
26.749900	 5.201700	 22.009200
7.162220	 13.565500	 25.366300
28.351800	 7.698080	 19.080600
18.043600	 10.419200	 13.675000
15.828000	 11.592300	 22.752400
6.422630	 11.924500	 21.944700
9.169880	 15.073000	 23.929500
25.381900	 16.183800	 27.329200
24.912400	 16.326800	 26.531300
22.113600	 13.372600	 27.555700
24.569100	 15.246300	 30.195400
21.174000	 16.552200	 23.112800
12.360700	 15.394900	 25.813700
22.269300	 14.437400	 29.527400
21.525600	 15.592000	 23.097000
11.686800	 16.694300	 22.858700
19.993900	 13.805400	 24.374500
22.571800	 13.820200	 29.704800
21.702300	 15.019700	 27.261500
13.206700	 14.421300	 26.093300
23.423500	 15.496400	 30.144900
9.465760	 13.318900	 25.700700
25.418200	 14.409700	 27.378200
21.154400	 16.337300	 24.103000
11.899800	 14.562000	 21.667900
9.257580	 15.586200	 24.596100
9.653500	 16.209000	 25.239800
20.635400	 13.509800	 25.401500
11.057200	 16.701100	 23.755400
22.390400	 16.951400	 25.677800
13.592500	 14.264200	 22.745100
24.528800	 16.295200	 25.113900
23.301700	 13.675800	 26.690900
9.339890	 14.577000	 27.687900
12.630700	 13.321700	 29.196400
21.850000	 13.222700	 24.568000
9.769660	 13.448500	 28.392100
11.190900	 15.579200	 27.653900
24.330800	 14.971400	 24.799400
22.725500	 16.390900	 27.472000
25.667900	 14.653400	 28.200700
22.719200	 16.924500	 23.968700
10.801700	 16.100500	 22.090900
12.778100	 12.735200	 27.480600
9.581740	 15.992000	 26.470400
10.560900	 15.279000	 28.367900
11.337200	 16.061700	 26.317900
11.683200	 13.170200	 24.610500
10.177000	 14.373300	 29.122400
23.879900	 16.226400	 29.314200
10.750800	 14.104400	 27.677800
9.650520	 13.227500	 26.947400
9.903370	 14.803600	 26.054300
10.695300	 12.874400	 26.630000
10.685200	 14.531900	 25.070300
11.492300	 14.463800	 26.165100
10.403900	 15.559500	 27.449200
25.040100	 15.576600	 25.621900
23.629000	 15.569400	 25.848200
23.294500	 16.272800	 24.613700
22.609000	 14.930100	 24.575500
22.921600	 15.546600	 23.439300
21.837200	 15.995700	 24.190800
21.815800	 14.435600	 23.885000
21.260600	 14.929300	 25.136300
21.675400	 16.326200	 23.527700
23.916700	 14.283700	 25.275700
22.640600	 14.571400	 26.255800
22.435300	 13.554100	 25.180100
23.911300	 14.744900	 28.910800
22.635000	 15.710600	 28.872800
25.145100	 15.510500	 28.702200
23.700800	 15.807100	 27.800800
25.350100	 14.141700	 29.083000
24.588000	 14.295300	 27.881900
25.347300	 15.486100	 27.107300
24.531400	 14.564700	 26.369300
25.679500	 14.618400	 26.452600
23.143800	 14.529900	 27.961400
12.349000	 14.556900	 27.893100
13.719100	 13.851900	 24.226700
20.872200	 14.119400	 22.948200
10.814700	 13.952200	 22.369500
11.037400	 15.606700	 24.987200
12.387400	 14.916600	 24.548200
12.571100	 15.761100	 21.873900
11.602900	 15.155800	 22.793200
10.401900	 16.217500	 23.400200
9.896540	 14.983000	 22.463400
12.836500	 14.614300	 22.773400
22.780900	 17.809400	 24.049200
11.348800	 17.251400	 24.392100
12.431100	 13.196300	 26.002300
24.343200	 16.110300	 30.643300
9.450580	 15.408400	 28.651000
23.762700	 16.081300	 23.638700
22.470800	 11.662500	 10.359000
14.795700	 10.034800	 7.584270
16.568500	 10.728500	 10.010700
12.849200	 12.737500	 9.958290
14.551000	 10.017300	 5.349140
22.026900	 13.550800	 7.871530
15.671900	 10.888300	 5.704190
13.802700	 8.973030	 7.567490
20.908000	 10.983900	 4.581860
15.705000	 11.998600	 9.856760
16.210400	 11.376000	 9.709670
22.536000	 13.389600	 9.604070
14.269200	 7.631610	 10.017800
20.879900	 11.950100	 9.633790
14.723600	 9.718690	 9.882480
21.411400	 11.216000	 5.554630
16.240700	 10.757200	 8.497230
15.419800	 10.578000	 9.476410
14.636800	 9.354630	 8.814010
13.557600	 10.219000	 8.341450
14.838800	 10.895600	 8.789740
13.277700	 9.681180	 7.470900
15.372200	 11.866500	 8.628140
14.104200	 11.392900	 9.650670
13.910800	 10.099500	 9.510920
13.943000	 11.700700	 8.318010
15.268200	 11.268000	 7.540420
14.401500	 12.745200	 9.293410
14.727200	 12.746200	 7.806780
13.924100	 8.836020	 9.529760
12.884400	 11.973800	 9.195640
13.283700	 12.918600	 8.188280
13.826500	 12.526900	 10.482300
13.026700	 13.507100	 9.506380
15.592000	 13.078200	 8.876400
14.209200	 13.772800	 10.277400
19.809800	 12.406000	 7.323290
19.347500	 13.279600	 9.963150
18.903800	 11.720200	 9.372520
18.800200	 12.204000	 8.295060
20.260800	 12.888300	 8.621620
20.080500	 11.895200	 8.347710
21.122100	 12.385900	 7.357310
19.444000	 11.514600	 9.492890
15.689200	 13.409600	 9.897110
14.044500	 11.775700	 6.850120
12.764800	 13.442400	 11.043800
20.760000	 13.865600	 9.835060
20.420700	 9.939560	 3.888820
14.873700	 14.793300	 10.843300
20.528300	 11.363500	 10.123100
14.623200	 12.808600	 10.330400
13.855400	 12.736000	 7.127750
14.677800	 11.191700	 9.939570
29308
1	 2003	 1625	 1755	 1691
1	 1177	 1148	 1251	 1155
1	 1148	 1251	 1155	 1191
1	 1741	 1909	 1831	 1819
1	 569	 559	 475	 564
1	 1801	 1626	 1681	 1648
1	 1648	 1626	 1741	 1801
1	 1741	 1792	 1648	 1801
1	 1660	 1681	 1626	 1648
1	 1755	 1691	 1649	 1909
1	 1820	 1909	 2003	 1755
1	 747	 813	 711	 724
1	 711	 724	 707	 747
1	 1946	 2003	 1628	 1777
1	 1946	 2003	 1777	 1961
1	 745	 739	 691	 738
1	 559	 569	 603	 564
1	 377	 326	 390	 342
1	 549	 463	 475	 506
1	 2003	 1628	 1777	 1625
1	 1103	 1107	 1094	 1086
1	 1147	 1226	 1290	 1183
1	 1920	 1777	 1961	 1946
1	 739	 738	 698	 691
1	 2003	 2153	 2036	 1968
1	 747	 610	 681	 707
1	 711	 707	 610	 747
1	 403	 426	 454	 466
1	 632	 564	 603	 569
1	 2089	 2041	 2153	 2003
1	 2003	 1961	 2089	 2041
1	 2186	 2153	 2089	 2041
1	 1300	 1238	 1250	 1259
1	 762	 716	 763	 738
1	 763	 762	 738	 817
1	 1754	 1814	 1815	 1739
1	 1786	 1825	 1811	 1886
1	 1790	 1816	 1789	 1647
1	 1816	 1659	 1647	 1790
1	 1415	 1414	 1483	 1489
1	 1447	 1483	 1489	 1415
1	 1230	 1242	 1271	 1163
1	 2004	 2036	 2187	 2153
1	 183	 82	 162	 80
1	 610	 518	 681	 615
1	 681	 610	 615	 707
1	 1251	 1132	 1279	 1185
1	 1754	 1816	 1647	 1789
1	 796	 921	 824	 830
1	 1648	 1742	 1616	 1660
1	 1660	 1661	 1632	 1742
1	 1691	 1502	 1628	 1625
1	 1158	 1175	 1132	 1202
1	 86	 68	 55	 169
1	 905	 922	 951	 888
1	 1831	 1909	 2036	 1819
1	 1739	 1829	 1814	 2072
1	 1829	 1739	 1764	 2072
1	 1814	 1739	 2072	 1815
1	 817	 752	 763	 762
1	 719	 775	 746	 766
1	 1741	 1819	 1992	 1909
1	 1741	 1792	 1909	 1992
1	 1649	 1441	 1691	 1755
1	 1442	 1755	 1439	 1441
1	 1441	 1375	 1502	 1439
1	 1439	 1556	 1438	 1502
1	 1643	 1689	 1502	 1556
1	 1765	 1678	 1556	 1689
1	 1643	 1689	 1556	 1678
1	 1678	 1715	 1565	 1643
1	 1678	 1565	 1556	 1643
1	 1678	 1765	 1845	 1689
1	 1678	 1715	 1643	 1740
1	 1643	 1740	 1689	 1678
1	 1845	 1715	 1678	 1740
1	 1678	 1845	 1740	 1689
1	 1689	 1740	 1967	 1845
1	 1676	 1740	 1643	 1715
1	 1984	 1906	 1845	 1967
1	 2051	 2011	 1967	 1984
1	 1501	 1502	 1417	 1438
1	 1643	 1556	 1502	 1438
1	 1501	 1438	 1565	 1643
1	 1502	 1501	 1643	 1438
1	 1984	 2075	 1991	 2051
1	 1984	 2075	 2051	 2011
1	 1984	 1920	 2075	 2011
1	 1946	 1967	 2011	 1920
1	 1967	 2011	 1920	 1984
1	 1984	 1845	 1920	 1967
1	 1438	 1556	 1565	 1643
1	 2051	 2120	 2011	 2075
1	 1317	 1271	 1309	 1211
1	 2003	 1625	 1691	 1628
1	 2074	 1958	 1813	 1729
1	 1946	 1628	 1689	 1765
1	 1556	 1625	 1765	 1628
1	 1502	 1628	 1625	 1556
1	 1689	 1628	 1502	 1556
1	 1765	 1556	 1628	 1689
1	 1556	 1439	 1625	 1502
1	 1705	 1754	 1647	 1789
1	 1467	 1705	 1647	 1789
1	 1168	 1396	 1289	 1276
1	 1616	 1583	 1648	 1660
1	 1577	 1616	 1660	 1583
1	 1626	 1577	 1660	 1583
1	 1660	 1616	 1577	 1630
1	 1742	 1629	 1616	 1630
1	 1660	 1616	 1630	 1742
1	 1583	 1626	 1648	 1660
1	 1661	 1660	 1630	 1742
1	 1864	 1615	 1646	 1706
1	 1646	 1893	 1864	 1706
1	 1706	 1504	 1615	 1646
1	 3	 179	 180	 213
1	 1286	 1320	 1438	 1417
1	 1374	 1417	 1333	 1286
1	 1301	 1374	 1333	 1286
1	 1417	 1374	 1501	 1286
1	 1554	 1374	 1307	 1501
1	 1286	 1438	 1565	 1501
1	 1501	 1438	 1417	 1286
1	 1374	 1501	 1286	 1307
1	 1438	 1320	 1439	 1417
1	 749	 707	 724	 747
1	 824	 921	 781	 830
1	 824	 781	 749	 830
1	 1681	 1801	 1648	 1792
1	 1792	 1742	 1648	 1681
1	 1742	 1648	 1681	 1660
1	 1660	 1632	 1681	 1742
1	 1715	 1727	 1601	 1676
1	 1601	 1727	 1674	 1676
1	 59	 162	 54	 3000
1	 278	 32	 241	 3001
1	 1813	 2074	 1729	 1817
1	 1813	 2074	 1817	 1945
1	 1945	 2035	 2074	 1817
1	 180	 167	 16	 200
1	 1614	 1576	 1583	 1616
1	 1576	 1583	 1616	 1577
1	 1646	 1614	 1616	 1576
1	 1615	 1504	 1576	 1646
1	 1615	 1614	 1646	 1576
1	 1631	 1576	 1504	 1646
1	 1616	 1576	 1577	 1631
1	 1631	 1630	 1577	 1616
1	 1646	 1616	 1629	 1631
1	 1616	 1629	 1631	 1630
1	 1661	 1630	 1631	 1629
1	 1742	 1629	 1630	 1661
1	 1742	 1629	 1661	 1865
1	 632	 603	 666	 569
1	 1100	 1158	 1062	 1138
1	 2225	 2075	 2175	 2120
1	 2120	 2146	 2076	 2175
1	 2064	 2175	 2075	 2076
1	 2064	 2077	 2175	 2076
1	 2239	 2077	 2154	 2186
1	 2076	 2120	 2175	 2075
1	 2120	 2076	 2011	 2075
1	 75	 87	 86	 173
1	 1756	 1832	 1820	 1909
1	 1756	 1755	 1909	 1820
1	 1909	 1691	 2003	 1755
1	 1756	 1909	 1755	 1649
1	 1439	 1438	 1417	 1502
1	 1375	 1502	 1439	 1417
1	 1276	 1289	 1334	 1396
1	 2012	 1907	 1960	 1985
1	 1623	 1656	 1974	 1624
1	 1974	 1623	 1624	 1688
1	 1974	 1623	 1688	 1957
1	 1623	 1688	 1957	 1753
1	 1628	 1777	 1625	 1765
1	 1609	 1701	 1622	 1841
1	 480	 565	 518	 514
1	 1628	 1777	 1765	 1946
1	 1765	 1777	 1845	 1946
1	 1689	 1946	 1765	 1845
1	 1967	 1946	 1689	 1845
1	 1845	 1920	 1967	 1946
1	 1777	 1845	 1946	 1920
1	 1739	 1754	 1705	 1815
1	 1985	 1830	 1864	 1960
1	 1715	 1676	 1601	 1594
1	 1594	 1565	 1601	 1715
1	 1715	 1643	 1676	 1594
1	 1565	 1594	 1643	 1715
1	 1394	 1554	 1565	 1601
1	 1526	 1394	 1601	 1554
1	 1565	 1594	 1554	 1501
1	 1394	 1307	 1565	 1554
1	 1565	 1643	 1594	 1501
1	 1332	 1554	 1374	 1307
1	 1565	 1554	 1307	 1501
1	 1286	 1501	 1565	 1307
1	 1728	 1800	 1729	 1788
1	 615	 681	 707	 643
1	 2158	 2181	 2208	 3002
1	 2208	 2158	 3002	 2263
1	 2181	 2208	 3002	 2244
1	 2158	 2181	 3002	 2349
1	 1888	 1798	 1871	 3003
1	 1796	 1588	 1670	 1620
1	 790	 843	 809	 836
1	 790	 809	 843	 757
1	 1297	 1203	 1280	 3005
1	 49	 68	 52	 182
1	 1919	 1859	 2001	 3006
1	 141	 154	 153	 3007
1	 2748	 2746	 2747	 3008
1	 1406	 1414	 1415	 1489
1	 1461	 1415	 1483	 1447
1	 1461	 1415	 1447	 1406
1	 1406	 1447	 1489	 1415
1	 1406	 3103	 1489	 1447
1	 442	 421	 464	 390
1	 2591	 2653	 2607	 3009
1	 912	 963	 861	 3010
1	 1048	 1184	 1085	 1101
1	 1240	 1211	 1184	 1101
1	 1184	 1085	 1101	 1211
1	 1101	 1067	 952	 1048
1	 1291	 1156	 1101	 1240
1	 1295	 1291	 1101	 1240
1	 1101	 1212	 1295	 1211
1	 1101	 1295	 1240	 1211
1	 1295	 1240	 1211	 1309
1	 1211	 1295	 1309	 1317
1	 1317	 1309	 1384	 1295
1	 1317	 1384	 1311	 1295
1	 1243	 1323	 1295	 1311
1	 1243	 1323	 1311	 1230
1	 2729	 3345	 2801	 2804
1	 2804	 2801	 2808	 3345
1	 637	 635	 664	 3011
1	 2070	 2133	 2115	 3012
1	 741	 830	 749	 781
1	 1762	 1825	 1786	 3013
1	 1825	 1786	 3013	 1886
1	 1786	 1886	 1826	 3013
1	 1884	 1901	 1824	 3014
1	 1745	 1746	 1809	 1604
1	 1935	 2106	 1922	 3015
1	 1002	 1125	 3070	 1041
1	 417	 3016	 3403	 386
1	 1871	 1798	 1772	 3003
1	 1594	 1676	 1601	 1526
1	 1674	 1601	 1676	 1526
1	 1593	 1594	 1554	 1526
1	 1565	 1554	 1594	 1601
1	 1601	 1594	 1526	 1554
1	 1394	 1436	 1464	 1526
1	 1464	 1526	 1554	 1394
1	 1804	 1633	 1881	 3017
1	 2484	 2527	 2557	 3018
1	 42	 49	 52	 182
1	 182	 149	 52	 42
1	 481	 545	 488	 605
1	 545	 605	 565	 488
1	 1112	 1182	 1222	 3019
1	 1099	 1043	 1129	 3020
1	 2068	 1915	 1807	 3021
1	 3021	 1913	 3361	 1807
1	 2132	 2028	 1913	 3021
1	 1807	 2068	 3021	 2028
1	 2068	 3021	 2028	 2070
1	 2068	 2070	 1915	 3021
1	 2217	 2070	 2133	 2028
1	 2068	 2028	 2078	 2133
1	 2133	 2078	 2217	 2028
1	 2028	 2078	 2017	 2068
1	 1836	 1971	 2068	 2017
1	 1896	 1821	 2017	 1836
1	 3022	 3007	 133	 141
1	 1397	 1450	 1505	 3023
1	 2482	 2473	 2440	 3024
1	 1901	 1884	 2033	 3014
1	 2212	 2211	 2245	 2370
1	 1091	 1043	 999	 3020
1	 1129	 1084	 3020	 1091
1	 1091	 1129	 1157	 1131
1	 1099	 1043	 3020	 1042
1	 3089	 1162	 1176	 1296
1	 1161	 1127	 1259	 3026
1	 1464	 1554	 1526	 1593
1	 1580	 1526	 1593	 1464
1	 1555	 1656	 1655	 1624
1	 2132	 2028	 3021	 2070
1	 1107	 1094	 1086	 1061
1	 1086	 1003	 1061	 1094
1	 1003	 1061	 1094	 3027
1	 1540	 1424	 1456	 3028
1	 1456	 1540	 3028	 1475
1	 1315	 1409	 1475	 3028
1	 1424	 1456	 3028	 1357
1	 1540	 1424	 3028	 1422
1	 2244	 2181	 2139	 2274
1	 2362	 2450	 2396	 2296
1	 2168	 2272	 2169	 3029
1	 2168	 2272	 3029	 2279
1	 3029	 2356	 2281	 2249
1	 296	 257	 270	 3030
1	 2372	 2246	 4931	 2301
1	 2239	 2226	 2154	 2304
1	 122	 116	 113	 3031
1	 874	 788	 831	 3032
1	 547	 528	 596	 3033
1	 2153	 1968	 2041	 2014
1	 2014	 2155	 2041	 2153
1	 2014	 2155	 2153	 2004
1	 2155	 2014	 2053	 2004
1	 2155	 2004	 2205	 2153
1	 2004	 2187	 2205	 2153
1	 2226	 2153	 2155	 2205
1	 2053	 2155	 2004	 2205
1	 2053	 2214	 2155	 2205
1	 2004	 2036	 2153	 2014
1	 2036	 2004	 1992	 2014
1	 1912	 1969	 2014	 1992
1	 1969	 2014	 1992	 2004
1	 2036	 2153	 2014	 1968
1	 2041	 2155	 2154	 2153
1	 2186	 2153	 2041	 2154
1	 2155	 2154	 2153	 2226
1	 2154	 2153	 2226	 2186
1	 2187	 2153	 2226	 2205
1	 2041	 2186	 2154	 2077
1	 2239	 2154	 2226	 2186
1	 2167	 2205	 2258	 2053
1	 2261	 2214	 2053	 2258
1	 2205	 2258	 2053	 2214
1	 2205	 2214	 2387	 2258
1	 1911	 1992	 2167	 1969
1	 1969	 2055	 2053	 2167
1	 1992	 2167	 1969	 2004
1	 2167	 1969	 2004	 2053
1	 2053	 2014	 1969	 2004
1	 2304	 2154	 2155	 2226
1	 2261	 2214	 2258	 2347
1	 197	 199	 251	 3034
1	 1288	 1209	 1333	 1201
1	 1277	 1320	 1201	 1288
1	 2547	 2586	 2465	 3035
1	 2804	 2801	 2729	 2805
1	 1560	 1506	 1663	 1520
1	 3100	 935	 3193	 1021
1	 572	 510	 534	 3037
1	 632	 564	 569	 549
1	 1409	 1475	 3028	 1537
1	 183	 67	 4590	 80
1	 1634	 1632	 3176	 1742
1	 302	 283	 312	 3038
1	 1776	 1817	 1679	 3039
1	 2550	 2454	 2455	 3040
1	 322	 273	 290	 3041
1	 2063	 1986	 1959	 3042
1	 1440	 1466	 1443	 1365
1	 864	 956	 816	 3044
1	 3002	 2158	 2349	 2263
1	 4937	 1718	 1663	 1560
1	 1723	 1699	 1747	 3045
1	 971	 1055	 1007	 1071
1	 2362	 2227	 2259	 2279
1	 2362	 2227	 2279	 2296
1	 2259	 2362	 2279	 2450
1	 2272	 2279	 2450	 2259
1	 2362	 2279	 2450	 2296
1	 2362	 2373	 2450	 2380
1	 2450	 2362	 2380	 2259
1	 2227	 2259	 2279	 2104
1	 2178	 2279	 2168	 2104
1	 2168	 2178	 2104	 2106
1	 2156	 2280	 2216	 3046
1	 2179	 2180	 1978	 2067
1	 3021	 1807	 2028	 1913
1	 2028	 1821	 1807	 2068
1	 2068	 1836	 2017	 1821
1	 2017	 1821	 2028	 2068
1	 1821	 1913	 2028	 1807
1	 1807	 1836	 2068	 1821
1	 1807	 1770	 1836	 1821
1	 1821	 1618	 1719	 1770
1	 1548	 1692	 1529	 3047
1	 1400	 1351	 1204	 1353
1	 1572	 1448	 1600	 1361
1	 421	 464	 390	 402
1	 390	 317	 421	 402
1	 390	 317	 402	 304
1	 317	 305	 402	 304
1	 317	 280	 305	 304
1	 342	 390	 402	 304
1	 304	 247	 402	 342
1	 390	 342	 326	 304
1	 247	 304	 326	 342
1	 362	 377	 492	 442
1	 442	 464	 492	 362
1	 1356	 1355	 1219	 3048
1	 414	 388	 437	 3049
1	 4709	 2760	 2719	 3004
1	 1184	 1130	 1239	 1067
1	 1541	 1703	 1737	 3051
1	 1180	 1142	 1256	 3052
1	 2233	 2136	 2307	 3053
1	 2468	 2359	 2324	 3054
1	 3055	 2767	 4921	 2702
1	 570	 600	 540	 3056
1	 570	 649	 600	 3056
1	 767	 822	 777	 3057
1	 1206	 1143	 1218	 1180
1	 1721	 1785	 1853	 3058
1	 1795	 1721	 1853	 3058
1	 196	 3536	 5011	 151
1	 3063	 257	 3030	 270
1	 13	 24	 17	 3059
1	 244	 320	 250	 3060
1	 2306	 2264	 2190	 3061
1	 1239	 1209	 1288	 1146
1	 1288	 1209	 1201	 1146
1	 1201	 1288	 1146	 1277
1	 2484	 2383	 2393	 3062
1	 1659	 1647	 1790	 1545
1	 18	 6	 10	 3063
1	 1309	 1426	 1383	 1384
1	 1309	 1240	 1383	 1291
1	 1065	 1088	 1142	 3064
1	 1960	 2012	 1985	 3065
1	 13	 3063	 24	 3059
1	 859	 907	 869	 3066
1	 859	 1044	 907	 3066
1	 907	 869	 3066	 880
1	 869	 859	 3066	 800
1	 2348	 2452	 2342	 3067
1	 346	 373	 290	 3068
1	 1317	 1271	 1211	 1163
1	 1317	 1230	 1271	 1163
1	 2565	 2608	 2597	 3069
1	 932	 977	 976	 3070
1	 1922	 4765	 1935	 3015
1	 1464	 1611	 1593	 3071
1	 1297	 1298	 1203	 3005
1	 2754	 2725	 2686	 3072
1	 290	 289	 346	 3068
1	 1560	 1506	 1520	 1453
1	 1520	 1560	 1453	 1732
1	 1732	 1520	 1560	 4937
1	 2683	 2647	 2609	 3073
1	 3022	 153	 177	 3007
1	 177	 153	 3022	 142
1	 3007	 153	 141	 3022
1	 356	 372	 439	 3074
1	 1089	 1045	 1022	 3075
1	 934	 1022	 1045	 3075
1	 3392	 645	 3403	 570
1	 1183	 1250	 1210	 1290
1	 1290	 1335	 1250	 1210
1	 1183	 1250	 1290	 1147
1	 2569	 2551	 2605	 3076
1	 1885	 1941	 1713	 3077
1	 1745	 1713	 1941	 3077
1	 866	 821	 765	 3078
1	 1065	 1143	 3064	 1180
1	 3052	 1180	 1142	 3064
1	 1137	 1084	 1076	 3079
1	 1084	 1076	 3079	 3020
1	 1084	 988	 1076	 3020
1	 1157	 1091	 999	 1084
1	 1137	 1084	 3079	 1227
1	 1076	 3079	 3020	 3080
1	 3355	 1137	 1114	 1076
1	 808	 773	 795	 753
1	 13	 147	 4	 192
1	 147	 192	 146	 4
1	 192	 146	 4	 6
1	 392	 310	 363	 3081
1	 2703	 2731	 2751	 3082
1	 2243	 2116	 2192	 3083
1	 1605	 1487	 1553	 3084
1	 1605	 1487	 3084	 3085
1	 3084	 1605	 3085	 1607
1	 1590	 1410	 1607	 3084
1	 3084	 1410	 1607	 3085
1	 1391	 1523	 1607	 3085
1	 1410	 1391	 1607	 3085
1	 3085	 1487	 3084	 1410
1	 1698	 1607	 1523	 3085
1	 1605	 1487	 3085	 1589
1	 1698	 1607	 3085	 1605
1	 1589	 1605	 1671	 1698
1	 3085	 1698	 1605	 1589
1	 1605	 3086	 3087	 3084
1	 1553	 1605	 3084	 3086
1	 1605	 1553	 1685	 3086
1	 1590	 1410	 3084	 1553
1	 1392	 1382	 1553	 1410
1	 3084	 1487	 1553	 1410
1	 1392	 1391	 1410	 1487
1	 1391	 1487	 3085	 1410
1	 956	 864	 894	 3044
1	 528	 547	 497	 3033
1	 812	 818	 690	 3088
1	 1407	 1229	 1345	 3089
1	 1978	 2138	 2179	 2067
1	 1210	 1183	 1290	 3090
1	 4937	 1520	 1663	 1618
1	 2686	 2645	 2652	 3091
1	 2746	 2774	 2747	 3008
1	 2802	 2774	 2821	 3008
1	 2802	 2774	 3008	 2747
1	 2774	 2796	 2747	 2802
1	 3008	 2802	 2747	 2748
1	 1154	 1121	 1221	 3092
1	 842	 958	 834	 3093
1	 1799	 1736	 1773	 3094
1	 2120	 2146	 2175	 2270
1	 2175	 2225	 2120	 2270
1	 2175	 2295	 2270	 2146
1	 2175	 2295	 2146	 2239
1	 2301	 2186	 2146	 2239
1	 2239	 2186	 2146	 2076
1	 2175	 2146	 2076	 2239
1	 1105	 1172	 1126	 3095
1	 1105	 1126	 1031	 3095
1	 1802	 1803	 1790	 3096
1	 167	 202	 168	 20
1	 1766	 1818	 1657	 3097
1	 1526	 1674	 1580	 1593
1	 616	 574	 558	 663
1	 574	 558	 663	 3098
1	 558	 616	 663	 552
1	 2714	 2707	 2713	 3099
1	 949	 833	 931	 3100
1	 1441	 1375	 1439	 1376
1	 1376	 1442	 1439	 1441
1	 1375	 1441	 1383	 1376
1	 1441	 1383	 1376	 1442
1	 1441	 1558	 1383	 1442
1	 1426	 1484	 1442	 1558
1	 1375	 1288	 1417	 1376
1	 1320	 1376	 1439	 1417
1	 1625	 1502	 1439	 1691
1	 1755	 1441	 1691	 1439
1	 1755	 1691	 1625	 1439
1	 1502	 1441	 1439	 1691
1	 994	 1064	 954	 3101
1	 943	 1022	 934	 3075
1	 658	 713	 660	 3102
1	 660	 658	 3102	 581
1	 713	 4748	 660	 3102
1	 658	 713	 3102	 748
1	 1968	 2003	 1820	 1909
1	 1613	 1763	 1600	 3103
1	 2675	 2665	 2768	 3104
1	 945	 966	 1002	 3070
1	 966	 975	 1041	 3070
1	 932	 976	 975	 3070
1	 1236	 1305	 1172	 1370
1	 333	 369	 383	 3105
1	 2979	 2720	 2762	 3106
1	 2979	 2971	 2970	 3106
1	 3419	 3254	 3106	 2970
1	 1991	 1984	 2051	 1860
1	 1906	 1984	 1991	 1860
1	 1967	 1860	 2051	 1984
1	 1984	 1906	 1967	 1860
1	 497	 547	 470	 3107
1	 3366	 3410	 4956	 3204
1	 3	 1	 179	 155
1	 3	 179	 213	 155
1	 1653	 1612	 1623	 1843
1	 1445	 1380	 1486	 1444
1	 1476	 1550	 1486	 1509
1	 1416	 1343	 1270	 3108
1	 2261	 2258	 2053	 2167
1	 2167	 2055	 2053	 2261
1	 2248	 2258	 2261	 2167
1	 2055	 2167	 2248	 2261
1	 574	 558	 3098	 529
1	 574	 590	 529	 3098
1	 2736	 2684	 2697	 3109
1	 2127	 2203	 2027	 3110
1	 2185	 2127	 2012	 3110
1	 609	 592	 575	 3111
1	 2048	 1931	 1887	 3112
1	 141	 154	 3007	 137
1	 137	 143	 141	 154
1	 141	 133	 137	 3007
1	 133	 136	 3022	 141
1	 154	 153	 3007	 177
1	 142	 141	 153	 3022
1	 3007	 154	 177	 184
1	 2051	 2120	 2075	 2144
1	 2225	 2075	 2120	 2144
1	 1888	 1857	 1798	 3003
1	 572	 515	 510	 3037
1	 2323	 2297	 2284	 2375
1	 2218	 2284	 2297	 2375
1	 482	 502	 546	 3114
1	 2643	 2723	 2680	 3115
1	 3101	 1141	 1110	 1245
1	 846	 731	 810	 3116
1	 2389	 2328	 2408	 3117
1	 1106	 1164	 1068	 3118
1	 3345	 2804	 2828	 2808
1	 738	 716	 691	 718
1	 1321	 1336	 1418	 1322
1	 1383	 1375	 1376	 1288
1	 1612	 1623	 1843	 1753
1	 1957	 1623	 1753	 1843
1	 1165	 1140	 1069	 3119
1	 1811	 1810	 1902	 1855
1	 1811	 1902	 1810	 1735
1	 1378	 1350	 1272	 1402
1	 2133	 2115	 3012	 2208
1	 494	 532	 577	 3120
1	 2303	 2302	 2228	 3123
1	 2539	 2599	 2650	 3124
1	 2362	 2396	 2450	 2373
1	 1666	 1835	 1897	 1721
1	 1785	 3058	 1897	 1853
1	 1897	 1785	 1853	 1838
1	 689	 588	 539	 3125
1	 970	 969	 939	 3126
1	 624	 619	 743	 3127
1	 1676	 1740	 1715	 1860
1	 1906	 1715	 1845	 1860
1	 1715	 1845	 1860	 1740
1	 1740	 1860	 1967	 1845
1	 1860	 1967	 1845	 1906
1	 2617	 2509	 2596	 3128
1	 253	 259	 260	 3129
1	 921	 906	 863	 3130
1	 1721	 1897	 1695	 1785
1	 1721	 1695	 1897	 1666
1	 1835	 1822	 1972	 3058
1	 1835	 1897	 3058	 1972
1	 4696	 652	 3011	 664
1	 1262	 1549	 1347	 3131
1	 1766	 1657	 1574	 3097
1	 2457	 2443	 2395	 3132
1	 1868	 1733	 1650	 1683
1	 1733	 1650	 1683	 1587
1	 936	 1021	 896	 3036
1	 1555	 1656	 1624	 1705
1	 571	 655	 557	 3133
1	 1251	 1294	 1185	 1279
1	 4349	 3035	 4758	 4762
1	 428	 438	 500	 451
1	 1790	 1846	 1659	 1544
1	 1790	 1659	 1545	 1544
1	 3680	 2190	 2045	 2264
1	 750	 694	 771	 3134
1	 2396	 2362	 2296	 2346
1	 1859	 2001	 3006	 2010
1	 1549	 1419	 1347	 3131
1	 1549	 1428	 1398	 1419
1	 3489	 1957	 2061	 1688
1	 434	 474	 373	 3135
1	 480	 4681	 565	 514
1	 912	 963	 3010	 972
1	 1322	 1338	 1202	 3136
1	 2562	 2514	 2576	 3137
1	 2181	 3002	 2349	 2329
1	 3002	 2181	 2244	 2329
1	 2244	 2181	 2274	 2329
1	 2181	 2274	 2329	 2349
1	 2158	 2181	 2349	 2138
1	 2108	 2349	 2138	 2158
1	 2274	 2138	 2349	 2181
1	 2131	 2181	 2158	 2138
1	 2131	 2181	 2138	 2139
1	 2274	 2138	 2181	 2139
1	 497	 3049	 528	 3033
1	 1934	 1865	 1948	 3138
1	 4113	 1872	 4170	 1888
1	 2733	 2683	 2664	 3139
1	 430	 422	 385	 3140
1	 3473	 2737	 2649	 4993
1	 2340	 2361	 2363	 3141
1	 1824	 1884	 3014	 1916
1	 2687	 2682	 2727	 3142
1	 2272	 2279	 2259	 3029
1	 2279	 2259	 3029	 2104
1	 2279	 2168	 2104	 3029
1	 2122	 2259	 2104	 3029
1	 1112	 1182	 3019	 1041
1	 1281	 4909	 1216	 1151
1	 2336	 2354	 2371	 3143
1	 1708	 1835	 1550	 1795
1	 1708	 1835	 1795	 1794
1	 1823	 1822	 1794	 1795
1	 1835	 1795	 3058	 1721
1	 1897	 1835	 3058	 1721
1	 1315	 1409	 3028	 1422
1	 2591	 2607	 2560	 3009
1	 345	 346	 303	 3144
1	 289	 303	 346	 3144
1	 289	 346	 3068	 3144
1	 1144	 1173	 1246	 3145
1	 2222	 2142	 2125	 3146
1	 2574	 2512	 2584	 3147
1	 320	 321	 250	 3060
1	 3009	 3069	 2607	 2597
1	 1025	 976	 1174	 1125
1	 1125	 1174	 1025	 1190
1	 1112	 1020	 1190	 1125
1	 1966	 1983	 1860	 3148
1	 2672	 2710	 2671	 3149
1	 1107	 1094	 1061	 3027
1	 1292	 1407	 3362	 1229
1	 1377	 1292	 1407	 1322
1	 1223	 1237	 1200	 3150
1	 1200	 1269	 1223	 3150
1	 1223	 1237	 3150	 3108
1	 1223	 1395	 1237	 3108
1	 1500	 1395	 1223	 3108
1	 1223	 1500	 3108	 1343
1	 3108	 1223	 1343	 3150
1	 1343	 3108	 3150	 1270
1	 1270	 1343	 1269	 3150
1	 1269	 1270	 3150	 3026
1	 1237	 1200	 3150	 3026
1	 1237	 1200	 3026	 1128
1	 3026	 1237	 1128	 1249
1	 1333	 1417	 1288	 1320
1	 2259	 2272	 3029	 2249
1	 2249	 2259	 2122	 3029
1	 2272	 2249	 2356	 3029
1	 3029	 2122	 2249	 2281
1	 1255	 1313	 1159	 3151
1	 1255	 1313	 3151	 1264
1	 1159	 1255	 3151	 984
1	 1313	 1159	 3151	 3152
1	 3151	 1313	 3152	 3153
1	 1303	 1282	 3152	 3153
1	 1194	 1282	 1303	 3153
1	 3153	 3152	 3151	 1282
1	 1303	 1378	 1272	 3153
1	 1303	 1272	 1194	 3153
1	 3153	 1303	 1432	 3152
1	 3151	 1313	 3153	 1264
1	 1313	 3153	 1264	 1402
1	 1159	 3151	 3152	 1282
1	 3151	 1194	 3153	 1282
1	 1378	 1272	 3153	 1402
1	 3152	 1159	 1282	 3154
1	 1354	 1197	 1159	 3154
1	 1254	 1385	 1282	 3154
1	 1385	 1282	 3154	 3152
1	 1303	 1282	 1385	 3152
1	 1159	 1354	 3154	 3152
1	 3154	 1385	 3152	 1354
1	 1313	 1354	 1159	 3152
1	 1354	 1197	 3154	 1234
1	 1197	 3154	 1234	 1254
1	 3154	 1385	 1354	 1474
1	 348	 409	 343	 3155
1	 1909	 1801	 1649	 1792
1	 1741	 1909	 1792	 1801
1	 1801	 1649	 1792	 1681
1	 1498	 1459	 1570	 3156
1	 721	 676	 625	 3157
1	 2225	 2120	 2270	 3158
1	 1410	 1391	 1392	 1358
1	 2536	 2417	 2418	 2406
1	 2536	 4805	 2418	 2503
1	 3084	 1590	 1553	 3086
1	 697	 684	 608	 3159
1	 1786	 1762	 3013	 1599
1	 1599	 1786	 1826	 3013
1	 1826	 1599	 3013	 1687
1	 330	 267	 331	 3160
1	 529	 505	 500	 3161
1	 845	 776	 759	 3162
1	 1307	 1286	 1374	 1301
1	 1374	 1332	 1307	 1301
1	 1642	 1459	 1654	 3156
1	 1459	 1490	 1654	 3156
1	 1642	 3156	 3163	 1570
1	 1570	 1459	 1642	 3156
1	 1259	 1300	 1270	 1319
1	 1250	 1300	 1259	 1319
1	 1214	 1298	 1366	 3164
1	 2120	 2146	 2270	 3158
1	 1219	 1356	 3048	 1552
1	 1523	 1455	 3048	 1219
1	 968	 871	 926	 3165
1	 1270	 3150	 3026	 1237
1	 3108	 3150	 1270	 1237
1	 485	 479	 562	 3166
1	 479	 485	 471	 3166
1	 213	 262	 200	 3167
1	 113	 122	 3031	 111
1	 2075	 1991	 2051	 2144
1	 3403	 3056	 540	 509
1	 2063	 1986	 3042	 2102
1	 1799	 3810	 1736	 3094
1	 1003	 1061	 3027	 1013
1	 3027	 1003	 1013	 1149
1	 1161	 1127	 3026	 3169
1	 2462	 2339	 2384	 2309
1	 2677	 2720	 2696	 3170
1	 788	 4644	 831	 3032
1	 361	 295	 412	 3171
1	 3536	 3022	 136	 142
1	 142	 177	 198	 3536
1	 1320	 1277	 1376	 1288
1	 782	 784	 675	 3134
1	 784	 782	 769	 3134
1	 1927	 1722	 1954	 1809
1	 1809	 1784	 1927	 1722
1	 223	 214	 7	 3172
1	 11	 7	 148	 3172
1	 7	 148	 3172	 214
1	 1378	 1350	 1402	 1429
1	 199	 198	 3536	 197
1	 1833	 1596	 1665	 1806
1	 2060	 2082	 2194	 3173
1	 1726	 1676	 1593	 1674
1	 1726	 1676	 1674	 1727
1	 689	 588	 3125	 613
1	 1223	 1343	 3150	 1269
1	 1200	 1223	 1269	 1172
1	 1776	 1817	 3039	 1945
1	 1776	 1817	 1945	 1813
1	 1945	 1776	 1813	 1921
1	 2001	 1919	 3006	 1959
1	 1919	 1859	 3006	 1844
1	 2146	 2270	 3956	 2295
1	 898	 872	 939	 889
1	 3126	 872	 889	 939
1	 1182	 1222	 3019	 1208
1	 1662	 3047	 1529	 1692
1	 288	 272	 294	 3174
1	 1426	 1291	 1295	 1309
1	 1309	 1384	 1295	 1426
1	 1291	 1295	 1309	 1240
1	 1384	 1295	 1426	 1558
1	 1470	 1426	 1295	 1558
1	 1426	 1484	 1558	 1470
1	 1528	 1311	 1558	 1470
1	 1295	 1470	 1558	 1311
1	 1295	 1323	 1470	 1311
1	 1558	 1295	 1311	 1384
1	 812	 818	 3088	 853
1	 3160	 382	 3248	 3030
1	 1864	 1830	 1706	 1893
1	 1818	 1919	 3006	 1766
1	 3070	 977	 3308	 932
1	 983	 853	 911	 3175
1	 1682	 1595	 1707	 3176
1	 2071	 2000	 1944	 3177
1	 2564	 2599	 2505	 3178
1	 807	 833	 735	 3100
1	 807	 833	 3100	 931
1	 1468	 1493	 1492	 3179
1	 4726	 832	 883	 861
1	 861	 912	 3010	 895
1	 225	 334	 4894	 205
1	 1188	 1206	 1266	 3052
1	 1188	 1206	 3052	 3064
1	 1266	 1188	 3052	 3064
1	 1206	 1266	 3052	 3180
1	 1256	 1180	 3052	 3180
1	 1196	 1180	 1256	 3180
1	 1196	 1256	 1444	 3180
1	 1206	 1380	 1266	 3180
1	 664	 637	 3011	 690
1	 3011	 635	 4836	 637
1	 1484	 1558	 1470	 1559
1	 1203	 1280	 3005	 1150
1	 1280	 1297	 3005	 1324
1	 1642	 1570	 3163	 1609
1	 1025	 1075	 1020	 1190
1	 1041	 1112	 1125	 1020
1	 1885	 1941	 3077	 3181
1	 1885	 1941	 3181	 2022
1	 69	 51	 40	 253
1	 2591	 2653	 3009	 2634
1	 2748	 2746	 3008	 2709
1	 1530	 1471	 1585	 3182
1	 2604	 2627	 2495	 3183
1	 1240	 1288	 1383	 1277
1	 1291	 1376	 1383	 1426
1	 1309	 1383	 1426	 1291
1	 1762	 1825	 3013	 1870
1	 844	 913	 843	 3184
1	 913	 843	 3184	 1010
1	 2527	 2557	 3018	 2651
1	 1633	 1692	 4766	 1804
1	 1692	 1633	 3047	 1548
1	 1570	 1498	 3163	 1411
1	 3156	 1498	 3163	 1570
1	 1464	 1611	 3071	 1590
1	 1590	 1553	 3086	 3071
1	 1553	 1580	 1685	 3071
1	 1094	 1107	 1162	 3027
1	 2745	 2761	 2862	 2860
1	 1935	 2106	 3015	 1910
1	 2106	 1922	 3015	 2042
1	 2301	 2186	 2239	 2226
1	 3225	 2551	 2507	 2569
1	 1671	 1589	 1698	 1840
1	 1808	 2047	 1852	 2005
1	 388	 485	 3049	 471
1	 2225	 2268	 2144	 3185
1	 2225	 2120	 3158	 3185
1	 2122	 2104	 2013	 3015
1	 36	 17	 24	 3059
1	 2936	 2781	 2780	 3186
1	 2781	 2780	 3186	 2695
1	 2931	 2781	 2936	 3186
1	 2780	 3186	 2695	 2725
1	 2725	 2779	 2780	 3186
1	 2936	 2905	 3186	 2779
1	 2936	 3186	 2905	 2931
1	 2707	 3273	 2713	 3099
1	 2468	 2359	 3054	 2480
1	 816	 956	 942	 3044
1	 3105	 369	 4850	 333
1	 895	 745	 773	 703
1	 3084	 1607	 1590	 3087
1	 3086	 3084	 1590	 3087
1	 1607	 1605	 3087	 3084
1	 2440	 2482	 3024	 2424
1	 2675	 2665	 3104	 2630
1	 140	 144	 139	 3187
1	 1187	 1083	 1040	 1008
1	 2354	 2371	 3143	 2415
1	 834	 794	 729	 3188
1	 729	 818	 842	 3188
1	 842	 729	 3188	 834
1	 3188	 842	 834	 3093
1	 1065	 1088	 3064	 955
1	 2739	 2764	 4284	 2773
1	 312	 302	 3038	 351
1	 1144	 1173	 3145	 1058
1	 1106	 1164	 3118	 1228
1	 906	 863	 3130	 891
1	 222	 188	 208	 3189
1	 3557	 188	 178	 222
1	 1041	 1125	 3070	 1025
1	 975	 1041	 3070	 1025
1	 1002	 3070	 1125	 1113
1	 1002	 966	 1041	 3070
1	 3070	 1125	 1113	 976
1	 1025	 1041	 1125	 1020
1	 1025	 975	 976	 3070
1	 2751	 2703	 3082	 2658
1	 4997	 3365	 841	 788
1	 3079	 3020	 3080	 1099
1	 3020	 1099	 1042	 3080
1	 1099	 1042	 3080	 1127
1	 3080	 3079	 1099	 1127
1	 434	 474	 3135	 551
1	 3153	 1378	 1402	 1432
1	 3153	 1378	 1432	 1303
1	 1402	 3153	 1432	 1313
1	 3152	 1385	 1432	 1354
1	 1453	 1432	 1402	 1378
1	 1378	 1560	 1429	 1453
1	 1453	 1432	 1378	 1506
1	 1453	 1432	 1506	 1520
1	 1378	 1453	 1506	 1560
1	 1520	 1508	 1432	 1506
1	 1758	 1618	 1520	 4937
1	 1429	 1560	 1586	 1453
1	 1506	 1618	 1508	 1472
1	 1586	 1429	 1453	 1454
1	 1429	 1453	 1454	 1352
1	 1560	 1586	 1453	 1732
1	 1718	 1664	 1586	 1732
1	 1560	 1586	 1732	 1718
1	 1597	 1732	 1453	 1586
1	 1618	 1508	 1472	 1719
1	 1618	 1508	 1719	 1770
1	 1561	 1508	 1770	 1719
1	 1770	 1561	 1719	 1839
1	 1719	 1472	 1535	 1508
1	 1561	 1719	 1535	 1508
1	 1695	 1561	 1839	 1719
1	 1618	 1508	 1770	 1758
1	 1618	 1896	 1805	 1758
1	 1896	 1805	 1758	 1937
1	 1758	 1896	 1937	 1836
1	 1977	 1924	 1805	 1937
1	 1896	 1977	 1805	 1937
1	 1718	 1732	 4937	 1937
1	 1978	 1977	 2138	 2067
1	 1977	 2138	 2067	 2131
1	 1758	 1896	 1836	 1770
1	 1618	 1896	 1758	 1770
1	 1896	 1836	 1770	 1821
1	 3121	 740	 774	 730
1	 1161	 1127	 3169	 1019
1	 3024	 2440	 4733	 2473
1	 2482	 2473	 3024	 2538
1	 743	 624	 3127	 634
1	 3110	 2027	 2127	 1985
1	 2012	 1907	 1985	 2127
1	 2127	 2073	 2012	 1907
1	 1907	 2027	 2127	 2073
1	 572	 573	 3634	 534
1	 437	 414	 3049	 499
1	 460	 414	 499	 3049
1	 414	 388	 3049	 3105
1	 1881	 1778	 4765	 1633
1	 4764	 1804	 1922	 1881
1	 1024	 3092	 4704	 1154
1	 1901	 1824	 3014	 1725
1	 1599	 1687	 1512	 1608
1	 48	 62	 66	 3190
1	 273	 290	 3041	 240
1	 2576	 2562	 3137	 2619
1	 1468	 1493	 3179	 1364
1	 2673	 2634	 2621	 3191
1	 4446	 3065	 2012	 1960
1	 1397	 1450	 3023	 3192
1	 1074	 1020	 1145	 3019
1	 1817	 3039	 1945	 2083
1	 1945	 2035	 1817	 2083
1	 3039	 1776	 1945	 1921
1	 386	 294	 4494	 3174
1	 386	 509	 3016	 3403
1	 1266	 3064	 1142	 3075
1	 1266	 1142	 3064	 3052
1	 1217	 1142	 3075	 1266
1	 1256	 3052	 1266	 3180
1	 1142	 1217	 1256	 1266
1	 3075	 1142	 1217	 1045
1	 1021	 896	 3036	 3100
1	 3036	 3100	 3193	 1021
1	 949	 993	 3036	 3100
1	 1094	 1003	 3027	 1149
1	 1505	 1397	 3023	 1516
1	 1397	 3023	 1516	 1427
1	 1450	 1505	 3023	 1631
1	 992	 874	 4935	 4997
1	 3072	 2686	 2754	 2652
1	 2652	 2670	 2754	 3072
1	 3072	 2686	 3091	 2616
1	 3072	 2686	 2616	 2725
1	 2686	 3091	 2616	 2645
1	 703	 718	 636	 695
1	 2334	 2403	 2310	 3194
1	 4038	 2184	 4109	 2334
1	 1183	 1290	 3090	 1226
1	 557	 571	 3133	 535
1	 1514	 1612	 1653	 3195
1	 1196	 1180	 3180	 1206
1	 1180	 3180	 1206	 3052
1	 1196	 1180	 1206	 1218
1	 1172	 1126	 3095	 1200
1	 1490	 1498	 3156	 1459
1	 1490	 1459	 1654	 1602
1	 3156	 1490	 1654	 1527
1	 1775	 1527	 1499	 3156
1	 3156	 1654	 1642	 4370
1	 3697	 3054	 2468	 2324
1	 3054	 3378	 4100	 2324
1	 609	 592	 3111	 665
1	 1773	 1799	 3094	 1737
1	 834	 958	 916	 3093
1	 1377	 1557	 1546	 1407
1	 1860	 1983	 1991	 3148
1	 1991	 1983	 2034	 3148
1	 1860	 1991	 1983	 2051
1	 1906	 2034	 3148	 1991
1	 1906	 2034	 1982	 3148
1	 1860	 1906	 3148	 1991
1	 1991	 1983	 2051	 2144
1	 1991	 1983	 2144	 2034
1	 3148	 1906	 1860	 1727
1	 1727	 1906	 1982	 3148
1	 3127	 621	 3196	 667
1	 667	 621	 3196	 577
1	 1060	 1059	 998	 3169
1	 2216	 2156	 3046	 2065
1	 1900	 1855	 1811	 1902
1	 2363	 2340	 3141	 2278
1	 1379	 1367	 1399	 1403
1	 32	 39	 38	 3001
1	 38	 241	 32	 3001
1	 38	 32	 241	 203
1	 39	 38	 3001	 58
1	 217	 5019	 26	 3001
1	 3001	 32	 39	 26
1	 217	 32	 278	 3001
1	 2373	 2450	 2380	 2493
1	 2373	 2380	 2543	 2493
1	 3150	 1269	 3026	 1200
1	 1172	 1269	 1200	 3095
1	 1269	 1270	 3026	 1259
1	 3026	 1269	 1259	 1161
1	 1064	 954	 3101	 1070
1	 1860	 1966	 3148	 1727
1	 1966	 1860	 1726	 1727
1	 1613	 1763	 3103	 1675
1	 1613	 1714	 1763	 1675
1	 3041	 322	 4941	 290
1	 3068	 373	 290	 4941
1	 290	 3068	 3041	 289
1	 3041	 290	 289	 240
1	 322	 273	 3041	 261
1	 1486	 1380	 1316	 1444
1	 1400	 1430	 1351	 1353
1	 2156	 2280	 3046	 2188
1	 2280	 2216	 3046	 2341
1	 2222	 3515	 2142	 3146
1	 3139	 2683	 2664	 2609
1	 2609	 2618	 2664	 3139
1	 1595	 3238	 1707	 3176
1	 2115	 2070	 3012	 3197
1	 2070	 2133	 3012	 2217
1	 2070	 2028	 2068	 2133
1	 2338	 2078	 2217	 2133
1	 2217	 2338	 2133	 3012
1	 3012	 2070	 2217	 3198
1	 296	 257	 3030	 332
1	 645	 526	 3403	 570
1	 346	 3068	 3144	 3199
1	 3144	 346	 3199	 345
1	 393	 434	 346	 3199
1	 346	 3199	 345	 393
1	 393	 434	 3199	 503
1	 1069	 1165	 3119	 1195
1	 3040	 2454	 2455	 4914
1	 1022	 1089	 3075	 1066
1	 1722	 1941	 1940	 1954
1	 1927	 1954	 1722	 1940
1	 1745	 1941	 1722	 1809
1	 1604	 1537	 1746	 1809
1	 1722	 1941	 1954	 1809
1	 4813	 2731	 2717	 2703
1	 2731	 2751	 3082	 2809
1	 1376	 1288	 1277	 1383
1	 1277	 1291	 1376	 1383
1	 822	 844	 3057	 944
1	 3057	 822	 944	 937
1	 844	 944	 3184	 3057
1	 3184	 3057	 3201	 844
1	 944	 844	 3184	 913
1	 3033	 590	 3159	 547
1	 528	 596	 3033	 585
1	 842	 958	 3093	 1039
1	 842	 853	 1039	 3093
1	 2085	 2147	 2129	 3200
1	 2147	 2170	 2129	 3200
1	 2189	 2172	 2289	 2242
1	 2172	 2289	 2242	 2275
1	 2351	 2172	 2330	 2275
1	 2172	 2289	 2275	 2351
1	 2330	 2351	 2275	 2427
1	 394	 354	 438	 428
1	 428	 438	 451	 354
1	 3540	 3034	 251	 199
1	 251	 197	 3034	 245
1	 1127	 1259	 3026	 1210
1	 1210	 1249	 1319	 3026
1	 3026	 1270	 1237	 1249
1	 955	 996	 1088	 3064
1	 3129	 253	 259	 51
1	 51	 259	 3324	 40
1	 1541	 1653	 3051	 3195
1	 558	 663	 3098	 552
1	 663	 574	 3098	 710
1	 574	 3098	 710	 590
1	 777	 767	 3057	 3201
1	 767	 822	 3057	 848
1	 822	 3057	 848	 937
1	 2582	 2535	 2475	 3202
1	 3961	 2194	 2238	 2082
1	 914	 900	 715	 3203
1	 914	 900	 3203	 923
1	 2307	 2233	 3053	 3204
1	 116	 113	 3031	 100
1	 935	 896	 1021	 3100
1	 2116	 2192	 3083	 1988
1	 2192	 1988	 2096	 3083
1	 2680	 2594	 3115	 2711
1	 2564	 2599	 3178	 2654
1	 59	 54	 43	 3000
1	 1480	 1477	 1488	 1479
1	 1466	 3043	 3351	 1443
1	 1443	 1440	 1566	 1466
1	 1443	 1466	 3043	 1365
1	 1321	 1365	 3043	 1466
1	 1466	 3043	 1321	 1418
1	 2830	 2771	 4471	 2831
1	 1671	 1605	 1700	 1607
1	 1700	 1607	 4092	 1671
1	 1607	 1605	 1700	 3087
1	 192	 6	 4	 18
1	 13	 4	 18	 192
1	 2683	 2647	 3073	 2688
1	 2455	 2550	 3040	 2595
1	 3040	 2455	 2595	 2382
1	 2550	 2454	 3040	 2604
1	 372	 439	 3074	 465
1	 2664	 2733	 3139	 2657
1	 898	 939	 969	 889
1	 872	 889	 826	 3126
1	 889	 969	 3126	 939
1	 939	 3126	 872	 888
1	 905	 939	 872	 888
1	 3126	 872	 888	 826
1	 905	 939	 888	 951
1	 2010	 2234	 2223	 3205
1	 2234	 2223	 3205	 2308
1	 855	 837	 3121	 3206
1	 855	 838	 3206	 925
1	 865	 855	 3121	 3044
1	 1443	 1365	 3043	 3207
1	 3191	 3009	 2677	 2634
1	 1529	 1548	 3047	 1451
1	 3973	 1610	 4942	 1773
1	 1156	 1101	 1240	 1184
1	 1101	 1067	 1048	 1184
1	 1048	 1130	 1184	 1067
1	 1184	 1239	 1240	 1156
1	 1146	 1067	 1156	 1239
1	 1067	 1101	 1156	 1184
1	 1889	 1800	 1788	 3208
1	 1800	 1788	 3208	 1877
1	 1800	 1729	 1788	 1877
1	 1800	 1729	 1877	 3208
1	 48	 3190	 4616	 4615
1	 4375	 2430	 4739	 2302
1	 4537	 534	 490	 510
1	 959	 1053	 985	 3209
1	 3158	 2225	 3185	 2268
1	 2270	 2225	 3158	 2360
1	 331	 330	 3160	 411
1	 392	 310	 3081	 287
1	 2090	 1963	 2105	 3210
1	 1052	 3216	 1040	 1083
1	 2650	 2539	 3124	 2581
1	 3075	 1045	 934	 3064
1	 3064	 1088	 1142	 1045
1	 809	 836	 795	 790
1	 186	 42	 25	 149
1	 186	 25	 42	 14
1	 1026	 1047	 1098	 1113
1	 3070	 1026	 1047	 977
1	 1174	 976	 1113	 1125
1	 1217	 1265	 1355	 3211
1	 1265	 1355	 3211	 1119
1	 3211	 1265	 1119	 3075
1	 1045	 1089	 1265	 3075
1	 1265	 1045	 3075	 1217
1	 1089	 1265	 3075	 1119
1	 2115	 2070	 3197	 2007
1	 2765	 3230	 2792	 2987
1	 302	 283	 3038	 222
1	 3038	 312	 4534	 283
1	 1585	 1530	 3182	 1568
1	 2538	 2585	 2623	 3212
1	 1050	 1169	 1186	 3213
1	 1397	 1450	 3192	 1310
1	 4907	 864	 789	 816
1	 1416	 1343	 3108	 1490
1	 1343	 3108	 1490	 1500
1	 3108	 1490	 1500	 1491
1	 1491	 1395	 1500	 3108
1	 1490	 1500	 1491	 1527
1	 1491	 1395	 3108	 1363
1	 1395	 3108	 1363	 1287
1	 1395	 1287	 1249	 3108
1	 1249	 1395	 3108	 1237
1	 989	 1078	 980	 3214
1	 1078	 980	 3214	 3215
1	 1078	 980	 3215	 1093
1	 1093	 1044	 980	 3215
1	 973	 1052	 997	 3216
1	 4907	 730	 629	 3121
1	 697	 684	 3159	 789
1	 2012	 1985	 3065	 3110
1	 1985	 1907	 2027	 2127
1	 3110	 2127	 2012	 1985
1	 1985	 1960	 3065	 1830
1	 1650	 1683	 1587	 1636
1	 2582	 4067	 2535	 3202
1	 1817	 1679	 3039	 1861
1	 1679	 1776	 3039	 1645
1	 1062	 1100	 1138	 3027
1	 1100	 1138	 3027	 1149
1	 1013	 3027	 1149	 1100
1	 2790	 2762	 3218	 3106
1	 3106	 2979	 2971	 2790
1	 3106	 2762	 2979	 2790
1	 2971	 2790	 3218	 3106
1	 2738	 2762	 2677	 3218
1	 3218	 2762	 2790	 2738
1	 2677	 2738	 3218	 3191
1	 2677	 2634	 2738	 3191
1	 2634	 2738	 3191	 2673
1	 1747	 1928	 3045	 1869
1	 1723	 1699	 3045	 1641
1	 2452	 2342	 3067	 2419
1	 2754	 3072	 4920	 2725
1	 2725	 2778	 2779	 4920
1	 1201	 1090	 1174	 1301
1	 1190	 1301	 1224	 1332
1	 2355	 2226	 2239	 2304
1	 2355	 2239	 2226	 2301
1	 1524	 1496	 1684	 3219
1	 1113	 1047	 3070	 1026
1	 765	 866	 3078	 845
1	 774	 3121	 855	 837
1	 3121	 629	 740	 730
1	 3121	 865	 3044	 854
1	 3121	 835	 730	 774
1	 3121	 774	 740	 837
1	 1674	 1593	 3240	 1685
1	 547	 505	 470	 3107
1	 2672	 2710	 3149	 2687
1	 1229	 1345	 3089	 1176
1	 500	 529	 3161	 451
1	 500	 428	 451	 3161
1	 1338	 3164	 1202	 3136
1	 2164	 2088	 2200	 3221
1	 1931	 1887	 3112	 1725
1	 1108	 1186	 1261	 3222
1	 3222	 1108	 1186	 1050
1	 4734	 3213	 1050	 3222
1	 1261	 1108	 3222	 1230
1	 3587	 2905	 3186	 2931
1	 2503	 2490	 2575	 3223
1	 3418	 3009	 2612	 2597
1	 2085	 2113	 3200	 1936
1	 1953	 1936	 2085	 3200
1	 2401	 2441	 2507	 3225
1	 1803	 1790	 3096	 1846
1	 3096	 1467	 1545	 1802
1	 1790	 1647	 1802	 1545
1	 1790	 1802	 1647	 1789
1	 2643	 2723	 3115	 2685
1	 2680	 3115	 2811	 2711
1	 577	 604	 494	 3120
1	 546	 502	 508	 3114
1	 1807	 1770	 1913	 1839
1	 2391	 2250	 2284	 2233
1	 479	 562	 3166	 592
1	 926	 968	 3165	 998
1	 2127	 2203	 3110	 2336
1	 2336	 2256	 2127	 2203
1	 2127	 2254	 2203	 2256
1	 3112	 2048	 4680	 1887
1	 2048	 1931	 3112	 1990
1	 1653	 1612	 1843	 3051
1	 1843	 1653	 3051	 1703
1	 1541	 3051	 1653	 1703
1	 1653	 1612	 3051	 3195
1	 223	 214	 3172	 261
1	 1388	 1463	 1531	 3226
1	 3399	 3226	 1388	 1531
1	 57	 47	 51	 3129
1	 51	 57	 3129	 253
1	 57	 47	 3129	 65
1	 47	 51	 3129	 36
1	 2348	 2452	 3067	 2388
1	 2342	 2348	 3067	 2195
1	 4006	 2266	 4010	 2393
1	 2597	 2565	 3069	 2561
1	 2597	 2565	 2561	 2521
1	 2565	 2608	 3069	 3099
1	 3973	 4431	 1541	 3051
1	 4374	 3123	 4447	 2228
1	 2228	 2303	 3123	 3046
1	 2303	 2228	 2229	 3046
1	 2229	 2303	 3046	 2317
1	 4273	 2585	 2523	 2538
1	 1487	 1369	 1392	 1391
1	 1391	 1392	 1358	 1369
1	 1487	 1392	 1553	 1410
1	 1392	 1358	 1369	 1267
1	 1358	 1369	 1267	 1285
1	 1270	 1300	 1416	 1425
1	 2136	 2307	 3053	 2163
1	 2087	 2162	 3475	 3053
1	 3053	 2233	 2136	 2087
1	 3400	 669	 3392	 649
1	 1514	 1612	 3195	 1572
1	 280	 305	 304	 247
1	 247	 304	 402	 305
1	 532	 494	 467	 3120
1	 1290	 1210	 3090	 1335
1	 1210	 1183	 3090	 1129
1	 1718	 1664	 1732	 1848
1	 3188	 3088	 3459	 690
1	 729	 690	 818	 3188
1	 3088	 818	 3188	 853
1	 842	 853	 3093	 3188
1	 818	 842	 3188	 853
1	 3088	 812	 853	 3381
1	 940	 950	 1008	 3227
1	 4694	 950	 851	 940
1	 4829	 3227	 3216	 1008
1	 1959	 2063	 3042	 2001
1	 1986	 1959	 3042	 1908
1	 3536	 3228	 3022	 177
1	 3022	 3007	 3228	 3229
1	 3022	 3007	 3229	 133
1	 136	 141	 142	 3022
1	 810	 846	 3116	 884
1	 866	 821	 3078	 943
1	 821	 765	 3078	 722
1	 1353	 1433	 3280	 1340
1	 1128	 3026	 3355	 1060
1	 3169	 1060	 1059	 3355
1	 2987	 2984	 2980	 3230
1	 2395	 2457	 3132	 2308
1	 1033	 938	 960	 919
1	 600	 540	 3056	 571
1	 2004	 2167	 2053	 2205
1	 299	 314	 268	 3231
1	 314	 268	 3231	 300
1	 2407	 2364	 2341	 3232
1	 346	 373	 3068	 3199
1	 373	 346	 434	 3199
1	 373	 3068	 3199	 3135
1	 4645	 594	 4962	 625
1	 2634	 2621	 3191	 2591
1	 1197	 1159	 3154	 1254
1	 1159	 1282	 3154	 1254
1	 1427	 3089	 1407	 1345
1	 2139	 2244	 2274	 2366
1	 2274	 2366	 2180	 2139
1	 2139	 2244	 2366	 2265
1	 2366	 2139	 2265	 2134
1	 2265	 2134	 2219	 2366
1	 2366	 2180	 2139	 2134
1	 2366	 2180	 2134	 2109
1	 2134	 2069	 2219	 2109
1	 2134	 2219	 2366	 2109
1	 2330	 2109	 2366	 2219
1	 2172	 2109	 2330	 2219
1	 2330	 2172	 2219	 2275
1	 2172	 2219	 2275	 2242
1	 2285	 2219	 2275	 2330
1	 2366	 2219	 2265	 2285
1	 3329	 2265	 2285	 2426
1	 2180	 2134	 2109	 2021
1	 2134	 2021	 2069	 2109
1	 2109	 2180	 2021	 2044
1	 2021	 1979	 2069	 2044
1	 2180	 2021	 2044	 1978
1	 2069	 2021	 2044	 2109
1	 2044	 2069	 2109	 2114
1	 2180	 2021	 1978	 2067
1	 2219	 2123	 2189	 2069
1	 2114	 2109	 2172	 2219
1	 1171	 1111	 1207	 3233
1	 1207	 1171	 3233	 1304
1	 2747	 2796	 2748	 2802
1	 6	 10	 3063	 2
1	 10	 18	 3063	 34
1	 1649	 1756	 1909	 1832
1	 4537	 3634	 534	 3037
1	 1443	 1365	 3207	 1364
1	 759	 845	 3162	 885
1	 2389	 2328	 3117	 2327
1	 31	 159	 21	 3234
1	 236	 159	 181	 3234
1	 21	 31	 3234	 53
1	 3565	 3187	 140	 139
1	 1731	 1951	 1847	 3235
1	 1865	 1948	 3138	 1779
1	 1707	 1950	 1779	 3138
1	 2547	 2586	 3035	 2626
1	 2586	 2465	 3035	 2598
1	 262	 200	 3167	 299
1	 56	 55	 37	 3236
1	 244	 4636	 320	 3060
1	 2561	 4669	 2472	 2522
1	 2513	 2472	 2561	 2521
1	 2565	 2561	 2521	 2513
1	 853	 911	 3175	 828
1	 3248	 484	 387	 393
1	 361	 295	 3171	 263
1	 2727	 2687	 3142	 2742
1	 439	 356	 3074	 329
1	 356	 372	 3074	 307
1	 2551	 2605	 3076	 2620
1	 2605	 2569	 3076	 2661
1	 2117	 2135	 2023	 3237
1	 799	 825	 798	 801
1	 799	 720	 801	 798
1	 825	 798	 801	 873
1	 1768	 1584	 1568	 3238
1	 1584	 1568	 3238	 1462
1	 1568	 1717	 1768	 3238
1	 1447	 1406	 3103	 1600
1	 1600	 1461	 1613	 1447
1	 1613	 1447	 3103	 1600
1	 1406	 1461	 1600	 1447
1	 1600	 1461	 1406	 1460
1	 1447	 1461	 1613	 1542
1	 1447	 1461	 1542	 1483
1	 1613	 1447	 1542	 1714
1	 1600	 1460	 1406	 3103
1	 1361	 1600	 3103	 1460
1	 3272	 3255	 3127	 743
1	 3196	 3127	 619	 624
1	 1163	 1242	 4734	 1230
1	 590	 641	 3159	 608
1	 608	 697	 3159	 596
1	 547	 596	 608	 3159
1	 1918	 1876	 1904	 3239
1	 1800	 1876	 1878	 3208
1	 3239	 3208	 1878	 1876
1	 731	 723	 3389	 846
1	 3458	 699	 3300	 810
1	 200	 213	 3167	 3
1	 180	 3	 213	 200
1	 213	 232	 3167	 155
1	 213	 3167	 3	 155
1	 3154	 1354	 1234	 1474
1	 363	 392	 3081	 427
1	 310	 363	 3081	 311
1	 769	 784	 3134	 888
1	 1611	 1593	 3071	 3240
1	 1611	 1593	 3240	 1774
1	 3071	 1382	 1580	 1464
1	 1436	 1526	 1580	 1464
1	 3080	 1076	 3079	 3355
1	 3020	 1076	 3080	 978
1	 978	 1076	 988	 3020
1	 422	 488	 4681	 3140
1	 488	 403	 3140	 430
1	 288	 272	 3174	 208
1	 755	 679	 3241	 3201
1	 3201	 777	 767	 755
1	 767	 755	 3241	 3201
1	 755	 767	 3241	 712
1	 680	 712	 755	 3241
1	 755	 680	 3241	 679
1	 679	 777	 3201	 755
1	 2276	 2286	 2202	 3242
1	 2276	 2286	 3242	 3243
1	 2276	 2286	 3243	 2309
1	 3175	 3209	 911	 954
1	 853	 1039	 3175	 983
1	 3164	 1214	 4955	 1366
1	 2990	 2994	 2988	 3244
1	 2144	 2225	 3185	 2120
1	 2268	 2144	 3185	 2151
1	 2665	 2768	 3104	 3245
1	 2665	 2768	 3245	 2716
1	 2768	 2675	 3104	 2729
1	 3064	 1221	 1188	 1121
1	 1154	 1121	 3092	 986
1	 4373	 3402	 2432	 2243
1	 2243	 2116	 3083	 2160
1	 402	 390	 342	 362
1	 390	 342	 362	 377
1	 402	 390	 362	 464
1	 464	 442	 390	 362
1	 390	 377	 362	 442
1	 3068	 3199	 3135	 3246
1	 3199	 3135	 3246	 3247
1	 3135	 3246	 3247	 459
1	 459	 504	 447	 3247
1	 4889	 503	 552	 447
1	 3199	 3135	 3247	 434
1	 3199	 3135	 434	 373
1	 3248	 399	 3247	 3199
1	 3144	 3199	 3246	 399
1	 3246	 3247	 459	 399
1	 399	 459	 447	 3247
1	 447	 399	 3247	 3248
1	 399	 447	 382	 3248
1	 3199	 3144	 3248	 399
1	 3247	 399	 3246	 3199
1	 3068	 3199	 3246	 3144
1	 2720	 2762	 3106	 3218
1	 2720	 2677	 2762	 3218
1	 3106	 2720	 3218	 3170
1	 2720	 3218	 3170	 2677
1	 3218	 3170	 2677	 3191
1	 2979	 2720	 3106	 2713
1	 1912	 1909	 1992	 1968
1	 1909	 1968	 2036	 1992
1	 1968	 1820	 1912	 1909
1	 1832	 1820	 1909	 1912
1	 2014	 1912	 1992	 1968
1	 2036	 1968	 2014	 1992
1	 1819	 1992	 1909	 2036
1	 1909	 1832	 1912	 1992
1	 1832	 1912	 1992	 1767
1	 1909	 1832	 1992	 1792
1	 1909	 1649	 1832	 1792
1	 1948	 1934	 3138	 2052
1	 1934	 3138	 3495	 1865
1	 1865	 1629	 1661	 3495
1	 2094	 2191	 2124	 2159
1	 1523	 1391	 1455	 1369
1	 1219	 1369	 1552	 1523
1	 1523	 1369	 1455	 1219
1	 1369	 1552	 1523	 1487
1	 1487	 1369	 1391	 1523
1	 1391	 1523	 3085	 1487
1	 1455	 1510	 1523	 3048
1	 1455	 1510	 3048	 1445
1	 3142	 2727	 4468	 2682
1	 2687	 2682	 3142	 3149
1	 2687	 2682	 3149	 2672
1	 3610	 675	 3134	 694
1	 1355	 1219	 3048	 3211
1	 1119	 1285	 1219	 3211
1	 1219	 1119	 3211	 1355
1	 1356	 1355	 3048	 1421
1	 1356	 1538	 3048	 1552
1	 1632	 1681	 1742	 1634
1	 1617	 1559	 1634	 1681
1	 1681	 1742	 1634	 1792
1	 1634	 1617	 1681	 1792
1	 1617	 1559	 1681	 1558
1	 1617	 1559	 1558	 1484
1	 1559	 1681	 1558	 1528
1	 1832	 1617	 1792	 1756
1	 1559	 1681	 1528	 1632
1	 1632	 1681	 1634	 1559
1	 3188	 3093	 834	 794
1	 829	 794	 916	 3093
1	 794	 834	 916	 3093
1	 829	 3093	 3188	 794
1	 2669	 2694	 2758	 3250
1	 4084	 4069	 3250	 2694
1	 7	 223	 3172	 189
1	 3172	 7	 189	 11
1	 235	 274	 285	 3251
1	 1105	 1172	 3095	 1171
1	 2408	 3977	 2389	 3117
1	 2328	 2408	 3117	 2273
1	 2596	 2617	 3128	 2646
1	 2509	 2596	 3128	 2502
1	 146	 192	 235	 6
1	 1788	 3208	 1877	 1905
1	 4494	 4492	 3174	 294
1	 3174	 272	 294	 4492
1	 2000	 1944	 3177	 1999
1	 1795	 1550	 1721	 1835
1	 4974	 3210	 2090	 2105
1	 2441	 2507	 3225	 2551
1	 2496	 2507	 2569	 3225
1	 2842	 2847	 2840	 3252
1	 4471	 3252	 2840	 2847
1	 2159	 2124	 2250	 2191
1	 2250	 2159	 2191	 2231
1	 1768	 1584	 3238	 1707
1	 1595	 1707	 3238	 1584
1	 2577	 2571	 2645	 4311
1	 931	 3100	 3193	 993
1	 1007	 993	 931	 3193
1	 3193	 3036	 993	 3100
1	 949	 833	 3100	 941
1	 1079	 1150	 1203	 3005
1	 1203	 1079	 3005	 1298
1	 1952	 2129	 2137	 3253
1	 1590	 1410	 1553	 1382
1	 3199	 3144	 345	 3248
1	 108	 116	 3334	 4901
1	 871	 926	 3165	 987
1	 968	 871	 3165	 811
1	 1558	 1383	 1442	 1384
1	 1426	 1558	 1442	 1384
1	 546	 482	 3114	 599
1	 482	 3552	 502	 3114
1	 2813	 2784	 4916	 2799
1	 2730	 2799	 2783	 2813
1	 470	 497	 3107	 400
1	 497	 547	 3107	 3033
1	 3218	 3106	 3170	 3254
1	 86	 173	 169	 55
1	 86	 173	 55	 75
1	 985	 959	 3209	 936
1	 3058	 1897	 1853	 1972
1	 1897	 1853	 1972	 2020
1	 3196	 667	 3255	 3127
1	 659	 621	 3127	 667
1	 3196	 3127	 3255	 619
1	 3255	 3196	 619	 3256
1	 619	 555	 682	 3256
1	 619	 3255	 3256	 682
1	 555	 682	 3256	 642
1	 619	 742	 743	 3255
1	 3263	 624	 3127	 3196
1	 1298	 1366	 3164	 1387
1	 1355	 1217	 3211	 1328
1	 1217	 1265	 3211	 3075
1	 453	 423	 450	 3257
1	 423	 450	 3257	 487
1	 2091	 1911	 2167	 2055
1	 2055	 2016	 2091	 1911
1	 2091	 2167	 2248	 2055
1	 1969	 2016	 2055	 1911
1	 2138	 2067	 2131	 2139
1	 2138	 2067	 2139	 2179
1	 2067	 2139	 2179	 2180
1	 2067	 2139	 2180	 2134
1	 2180	 2134	 2021	 2067
1	 4540	 288	 350	 294
1	 2495	 2526	 4202	 2627
1	 1165	 1140	 3119	 1253
1	 1140	 1069	 3119	 993
1	 49	 68	 182	 37
1	 68	 182	 37	 169
1	 68	 55	 169	 37
1	 182	 49	 37	 27
1	 182	 49	 27	 42
1	 1163	 1034	 1085	 1212
1	 1457	 1404	 1497	 3258
1	 1496	 1598	 3219	 3258
1	 3258	 1497	 1457	 1496
1	 1478	 3219	 3258	 1524
1	 2684	 2697	 3109	 2619
1	 2736	 2684	 3109	 2715
1	 1734	 1711	 1640	 3259
1	 3336	 3131	 4674	 1549
1	 3323	 260	 332	 259
1	 4725	 3129	 57	 253
1	 2457	 2443	 3132	 2529
1	 2443	 2395	 3132	 2445
1	 1068	 1106	 3118	 3215
1	 1068	 1016	 1106	 3215
1	 3215	 1078	 1093	 3118
1	 1078	 1185	 1093	 3118
1	 1185	 1093	 3118	 1228
1	 3215	 1078	 3118	 3214
1	 1106	 3118	 3215	 1093
1	 1093	 3118	 1228	 1106
1	 1164	 1068	 3118	 1150
1	 3118	 1068	 3215	 3214
1	 422	 385	 3140	 362
1	 422	 385	 362	 464
1	 362	 422	 464	 480
1	 464	 362	 480	 492
1	 385	 430	 3140	 359
1	 4918	 2994	 3244	 2655
1	 2988	 2990	 3244	 2982
1	 2971	 3106	 3218	 3254
1	 2971	 3218	 2790	 2953
1	 3110	 2027	 4946	 2203
1	 274	 285	 3251	 3160
1	 274	 285	 3160	 330
1	 3160	 274	 330	 267
1	 1853	 1838	 1760	 3260
1	 1760	 1853	 3260	 1854
1	 1838	 1760	 3260	 3261
1	 1838	 1760	 3261	 1771
1	 1853	 1838	 3260	 2018
1	 4413	 2807	 2825	 2798
1	 231	 135	 219	 3262
1	 135	 134	 165	 3262
1	 135	 219	 3262	 165
1	 3120	 3263	 3282	 577
1	 699	 3519	 794	 3458
1	 704	 729	 794	 3519
1	 3458	 829	 3188	 794
1	 1397	 3089	 3192	 1427
1	 1427	 1407	 3089	 3372
1	 2751	 2740	 2660	 3264
1	 267	 331	 3160	 339
1	 1322	 1338	 3136	 3265
1	 3043	 1365	 1321	 1338
1	 3265	 1322	 1338	 1321
1	 1202	 1322	 3136	 1138
1	 765	 776	 845	 3162
1	 776	 759	 3162	 706
1	 694	 771	 3134	 785
1	 771	 750	 3134	 769
1	 792	 823	 779	 3266
1	 939	 970	 3126	 888
1	 970	 969	 3126	 3267
1	 970	 969	 3267	 1061
1	 196	 197	 245	 3034
1	 1380	 1266	 3180	 1328
1	 3180	 1380	 1328	 1444
1	 1256	 1328	 1444	 3180
1	 1266	 3180	 1328	 1256
1	 2341	 2407	 3232	 2319
1	 505	 428	 3161	 3107
1	 505	 3161	 428	 500
1	 517	 428	 505	 3107
1	 3161	 505	 3107	 470
1	 470	 590	 547	 579
1	 3107	 470	 400	 3161
1	 470	 374	 400	 3161
1	 529	 470	 505	 3161
1	 2767	 4414	 2702	 3055
1	 303	 345	 3144	 285
1	 994	 1064	 3101	 1030
1	 954	 994	 3101	 941
1	 804	 806	 695	 703
1	 1270	 1416	 3108	 1425
1	 1416	 3108	 1425	 1602
1	 3108	 1490	 1491	 1602
1	 3108	 1490	 1602	 1416
1	 1459	 1416	 1602	 1490
1	 5005	 3061	 2306	 2190
1	 2306	 2264	 3061	 2305
1	 1331	 1307	 1394	 1332
1	 1332	 1360	 1554	 1394
1	 1332	 1331	 1360	 1394
1	 1311	 1317	 1295	 1243
1	 1317	 1295	 1243	 1212
1	 1311	 1317	 1243	 1230
1	 2539	 2599	 3124	 2516
1	 2599	 2650	 3124	 2654
1	 1230	 1419	 3131	 1261
1	 1347	 1261	 4944	 3131
1	 1323	 1261	 1347	 1419
1	 1549	 1347	 1419	 1398
1	 1230	 1419	 1346	 3131
1	 1419	 1347	 3131	 1261
1	 1419	 1347	 1323	 1398
1	 1230	 1419	 1323	 1311
1	 1419	 1470	 1311	 1528
1	 1419	 1311	 1470	 1323
1	 1230	 1261	 1323	 1419
1	 1323	 1419	 1398	 1470
1	 639	 623	 578	 3268
1	 639	 623	 3268	 3269
1	 3268	 639	 3269	 674
1	 674	 720	 639	 3269
1	 674	 720	 3269	 3270
1	 720	 3269	 3270	 3271
1	 720	 3269	 3271	 3272
1	 720	 3269	 3272	 639
1	 701	 639	 720	 3272
1	 701	 639	 3272	 659
1	 659	 760	 3255	 701
1	 720	 701	 3272	 3271
1	 639	 623	 3269	 659
1	 3269	 3272	 639	 659
1	 3268	 639	 674	 647
1	 3268	 639	 647	 578
1	 3106	 3170	 3254	 3273
1	 3106	 3170	 3273	 2720
1	 4502	 371	 4504	 343
1	 343	 348	 3155	 239
1	 2265	 2285	 2222	 3274
1	 1357	 1284	 1359	 3275
1	 562	 485	 3166	 554
1	 485	 3166	 554	 499
1	 1638	 1651	 1640	 3276
1	 1640	 1638	 3276	 1711
1	 3276	 1640	 1711	 3259
1	 1995	 2009	 1916	 3181
1	 843	 844	 3184	 3277
1	 1798	 1702	 1772	 3003
1	 1818	 1657	 3097	 1730
1	 922	 951	 888	 769
1	 412	 361	 3171	 441
1	 2261	 2318	 2347	 2248
1	 2248	 2258	 2312	 2347
1	 3127	 659	 3255	 3272
1	 856	 701	 742	 3255
1	 3127	 659	 3272	 3269
1	 623	 3269	 659	 3127
1	 667	 659	 3255	 3127
1	 1966	 1983	 3148	 3278
1	 1359	 1357	 3275	 1475
1	 1359	 1357	 1475	 1456
1	 1357	 1475	 1456	 3028
1	 3275	 1359	 1475	 1318
1	 1274	 1318	 1207	 3275
1	 1475	 3275	 1318	 1274
1	 1475	 1359	 1456	 1479
1	 1475	 1359	 1479	 1477
1	 1359	 1475	 1318	 1477
1	 2424	 2491	 2523	 3279
1	 3976	 2424	 3279	 3977
1	 4782	 4354	 2542	 2672
1	 1367	 1253	 1179	 3280
1	 1253	 1341	 3280	 1367
1	 1403	 1367	 1433	 3280
1	 1253	 1179	 3280	 3119
1	 3119	 1165	 1253	 1179
1	 1340	 1403	 3280	 1341
1	 3280	 1340	 1341	 1233
1	 3280	 1340	 1233	 1273
1	 1179	 1367	 3280	 1351
1	 2194	 2060	 3173	 1983
1	 2060	 2082	 3173	 1956
1	 3138	 1865	 1779	 1682
1	 1682	 1595	 3176	 1634
1	 623	 578	 3268	 3281
1	 623	 578	 3281	 3282
1	 623	 578	 3282	 621
1	 578	 3282	 621	 532
1	 532	 533	 621	 578
1	 1397	 3023	 1427	 3192
1	 369	 383	 3105	 388
1	 3231	 383	 3105	 340
1	 2371	 2336	 3143	 2384
1	 2336	 2354	 3143	 2185
1	 3143	 2336	 2185	 3110
1	 3269	 674	 3270	 3268
1	 674	 720	 3270	 801
1	 1446	 1329	 1513	 1405
1	 1393	 1405	 1329	 1446
1	 3085	 1698	 1589	 1523
1	 3039	 1945	 2083	 2002
1	 2002	 4661	 2083	 3039
1	 577	 532	 621	 3282
1	 532	 3120	 3282	 577
1	 577	 621	 3263	 3282
1	 843	 844	 3277	 757
1	 823	 779	 3266	 847
1	 2340	 2294	 2404	 3283
1	 3141	 2340	 2361	 2404
1	 4727	 2361	 2404	 3141
1	 3141	 2340	 3283	 2278
1	 2340	 3283	 2278	 2294
1	 3767	 3210	 1963	 2090
1	 3746	 3210	 4963	 2105
1	 2070	 2217	 3198	 2132
1	 2217	 3198	 2132	 2290
1	 2028	 2217	 2070	 2132
1	 2217	 3198	 2290	 2390
1	 2296	 2450	 2396	 2316
1	 2472	 2450	 2316	 2396
1	 2450	 2373	 2396	 2472
1	 2521	 2396	 2373	 2472
1	 1696	 1761	 1639	 3284
1	 1639	 1696	 3284	 3219
1	 274	 235	 192	 3251
1	 787	 841	 3365	 788
1	 621	 3196	 577	 3263
1	 2142	 2125	 3146	 1973
1	 2125	 2222	 3146	 3285
1	 2125	 2222	 3285	 2265
1	 2222	 2265	 3274	 3285
1	 1656	 1655	 1624	 1623
1	 3170	 2696	 3418	 2720
1	 2713	 2714	 3099	 2722
1	 2714	 2707	 3099	 2656
1	 3069	 2565	 3099	 2656
1	 2707	 3099	 2656	 3069
1	 2635	 2707	 2656	 3069
1	 2656	 2561	 3069	 2565
1	 2656	 3069	 2561	 2635
1	 1283	 1315	 1274	 3286
1	 1283	 1315	 3286	 1342
1	 3286	 1283	 1342	 1152
1	 1558	 1528	 1470	 1559
1	 1528	 1470	 1559	 1428
1	 140	 144	 3187	 207
1	 144	 3187	 207	 166
1	 3187	 207	 166	 188
1	 3557	 3189	 3187	 188
1	 3187	 188	 166	 3557
1	 188	 3189	 3187	 207
1	 188	 3189	 207	 208
1	 1236	 1305	 1370	 1381
1	 1305	 1381	 1500	 1370
1	 2150	 2235	 2210	 3287
1	 2210	 2150	 3287	 2071
1	 3430	 2286	 3744	 2235
1	 2489	 2355	 2431	 3288
1	 2417	 2406	 2489	 2431
1	 2355	 2431	 3288	 2311
1	 2372	 2416	 2311	 3288
1	 2355	 2304	 2387	 2311
1	 2431	 2355	 2387	 2311
1	 2304	 2387	 2311	 2205
1	 2347	 2214	 2258	 2387
1	 2304	 2387	 2205	 2214
1	 2205	 2304	 2214	 2155
1	 2205	 2226	 2311	 2304
1	 2155	 2304	 2226	 2205
1	 2489	 2355	 3288	 2422
1	 2813	 2835	 4809	 4481
1	 1581	 1512	 1687	 1579
1	 1581	 1512	 1579	 1437
1	 1053	 985	 3209	 1110
1	 959	 1053	 3209	 1010
1	 75	 4854	 4871	 56
1	 592	 575	 3111	 479
1	 575	 609	 3111	 598
1	 268	 299	 3231	 200
1	 299	 314	 3231	 365
1	 1652	 1750	 3259	 1640
1	 1606	 1651	 1652	 1640
1	 2604	 4200	 2627	 3183
1	 2495	 2604	 3183	 3040
1	 2495	 2604	 3040	 2454
1	 1371	 1344	 1330	 3289
1	 1514	 1362	 1344	 3289
1	 1362	 1330	 1344	 3289
1	 1371	 1329	 3289	 1330
1	 1904	 1933	 1932	 3290
1	 2397	 2338	 2343	 3291
1	 2338	 2343	 3291	 3012
1	 2217	 2338	 3012	 2390
1	 2338	 2343	 3012	 2390
1	 2217	 3198	 2390	 3012
1	 1477	 1488	 1479	 1475
1	 1944	 4723	 2071	 3177
1	 2071	 3745	 2000	 3177
1	 2088	 2200	 3221	 2174
1	 625	 721	 3157	 662
1	 4643	 727	 4639	 676
1	 1640	 1651	 1652	 1750
1	 1810	 1902	 1855	 1942
1	 520	 524	 519	 3292
1	 524	 519	 3292	 513
1	 1173	 1246	 3145	 3095
1	 3145	 1173	 3095	 3293
1	 1173	 1246	 3095	 1269
1	 3095	 3145	 3293	 1031
1	 1246	 3145	 3233	 1144
1	 1189	 1246	 1304	 3233
1	 1246	 1304	 3233	 1171
1	 1246	 3145	 3095	 3233
1	 655	 557	 3133	 662
1	 4563	 600	 3056	 3133
1	 3133	 571	 655	 600
1	 666	 679	 719	 3294
1	 2984	 2980	 3230	 2975
1	 978	 920	 946	 3295
1	 988	 933	 920	 978
1	 2562	 2514	 3137	 2545
1	 2543	 2579	 2613	 2576
1	 2985	 2995	 2996	 3296
1	 2985	 2995	 3296	 2977
1	 1904	 3239	 3290	 1932
1	 2940	 2944	 2935	 3297
1	 2940	 2944	 3297	 2957
1	 55	 37	 3236	 169
1	 56	 20	 4853	 37
1	 2505	 2564	 3178	 2580
1	 2599	 2505	 3178	 2516
1	 3178	 2599	 2516	 3124
1	 3178	 2599	 3124	 2654
1	 2548	 2602	 2603	 3298
1	 2548	 3862	 2602	 3298
1	 3389	 3241	 3201	 767
1	 679	 3241	 3201	 3299
1	 3201	 679	 3299	 3294
1	 3201	 679	 3294	 719
1	 679	 3299	 3294	 666
1	 3299	 3201	 3294	 3300
1	 3294	 3299	 3300	 3301
1	 3294	 3299	 3301	 666
1	 863	 921	 3130	 781
1	 921	 906	 3130	 898
1	 3130	 921	 898	 889
1	 3156	 1490	 1527	 1500
1	 1499	 1527	 1500	 3156
1	 248	 3348	 356	 329
1	 1259	 1250	 1319	 1210
1	 1250	 1319	 1210	 1335
1	 2062	 2145	 3302	 2061
1	 1173	 3095	 3293	 1269
1	 3145	 1173	 3293	 1058
1	 1173	 3293	 1058	 1161
1	 3147	 2584	 4336	 2512
1	 2499	 3137	 4902	 3147
1	 3147	 2574	 2512	 2499
1	 2441	 2314	 4086	 2401
1	 3237	 3515	 3710	 2117
1	 3012	 2070	 3198	 3197
1	 3139	 2683	 3073	 2721
1	 3139	 2683	 2721	 2733
1	 740	 629	 3217	 563
1	 1173	 3293	 1161	 1269
1	 1141	 1160	 1070	 3303
1	 1160	 1070	 3303	 1039
1	 2944	 2935	 3297	 2945
1	 3578	 3297	 3503	 2940
1	 165	 195	 219	 3262
1	 1052	 997	 3216	 986
1	 997	 3044	 973	 3216
1	 2979	 2981	 2992	 2713
1	 3106	 2979	 2713	 2981
1	 2981	 2979	 2970	 3106
1	 3173	 1983	 2060	 1966
1	 1966	 1956	 2060	 3173
1	 1315	 1274	 3286	 1475
1	 3286	 1315	 1475	 3028
1	 1357	 1475	 3028	 3286
1	 1274	 1283	 3286	 1104
1	 1283	 3286	 1104	 1152
1	 1575	 1644	 1543	 3304
1	 1449	 1543	 1627	 3304
1	 1603	 1627	 1730	 3304
1	 1603	 1449	 1627	 3304
1	 3304	 1543	 1575	 1449
1	 1543	 1627	 3304	 1644
1	 1575	 1644	 3304	 3305
1	 3304	 1575	 3305	 1603
1	 1644	 1645	 3305	 1575
1	 1644	 3304	 3305	 3306
1	 1644	 3304	 3306	 1657
1	 1657	 3097	 1730	 3306
1	 1730	 1657	 3306	 3304
1	 1627	 1657	 1730	 3304
1	 3304	 3305	 3306	 1730
1	 3305	 3304	 1603	 1730
1	 1657	 3097	 3306	 1644
1	 1657	 3097	 1644	 1574
1	 3305	 1644	 3306	 1704
1	 3097	 3306	 1644	 1704
1	 3097	 3306	 1704	 3307
1	 3306	 1704	 3307	 3305
1	 3307	 3306	 3305	 1730
1	 3097	 1730	 3306	 3307
1	 4041	 3307	 3097	 1704
1	 1704	 1861	 1891	 4041
1	 1704	 3097	 1891	 1677
1	 1704	 3097	 1677	 1644
1	 3307	 1704	 1861	 1679
1	 3307	 1704	 1679	 3305
1	 1644	 3305	 1679	 1704
1	 810	 3458	 3382	 3300
1	 1829	 1814	 2072	 2026
1	 1958	 2026	 2072	 1814
1	 2490	 4742	 2575	 3223
1	 1048	 1130	 1067	 960
1	 960	 952	 1067	 1048
1	 1026	 960	 1067	 1130
1	 1048	 1130	 960	 1033
1	 1047	 1130	 1033	 960
1	 847	 932	 975	 3070
1	 966	 975	 3070	 847
1	 3070	 966	 847	 945
1	 847	 3070	 945	 3308
1	 945	 847	 3308	 3266
1	 847	 3308	 3266	 823
1	 3308	 977	 823	 932
1	 847	 823	 932	 3308
1	 966	 759	 4704	 847
1	 823	 797	 918	 3266
1	 3266	 791	 797	 918
1	 3266	 823	 797	 792
1	 823	 3308	 918	 977
1	 3070	 847	 932	 3308
1	 3070	 938	 3308	 977
1	 1684	 1524	 3219	 1696
1	 1496	 1684	 3219	 1771
1	 2345	 2400	 2251	 3309
1	 3499	 2251	 4948	 3522
1	 540	 526	 570	 3403
1	 1788	 1889	 3208	 1875
1	 3208	 1788	 1875	 1905
1	 1788	 1905	 1812	 1875
1	 1876	 1800	 1889	 3208
1	 1800	 3208	 1878	 1729
1	 1653	 1514	 3195	 1362
1	 1514	 3195	 1362	 3289
1	 3195	 1653	 1362	 1571
1	 1362	 3195	 1571	 1513
1	 1514	 3195	 3289	 1572
1	 2129	 3253	 3200	 2170
1	 1886	 1826	 3013	 3310
1	 1826	 3013	 3310	 3311
1	 4673	 1687	 1812	 3013
1	 3013	 1825	 1886	 3310
1	 1385	 1354	 1474	 1561
1	 1711	 3276	 3259	 3312
1	 3276	 3259	 3312	 3313
1	 3276	 3259	 3313	 1750
1	 3276	 3259	 1750	 1640
1	 3276	 1651	 1640	 1750
1	 2135	 2023	 3237	 1955
1	 2117	 2135	 3237	 2209
1	 2740	 4826	 2660	 3264
1	 2575	 2503	 3223	 2618
1	 2503	 4805	 2490	 3223
1	 673	 693	 792	 748
1	 535	 446	 489	 3314
1	 2400	 2345	 2410	 3309
1	 1351	 1204	 1353	 1179
1	 1216	 1204	 1353	 1400
1	 1400	 1353	 1454	 1521
1	 1204	 1352	 1400	 1216
1	 3256	 555	 642	 519
1	 4823	 524	 344	 520
1	 1302	 1335	 1290	 3090
1	 1226	 1302	 1290	 3090
1	 1705	 1739	 1815	 1624
1	 3274	 2222	 3285	 3315
1	 3285	 3274	 3315	 3316
1	 3285	 3274	 3316	 3317
1	 3285	 3274	 3317	 2244
1	 2265	 3274	 3285	 2244
1	 3285	 2265	 2244	 2125
1	 1951	 1847	 3235	 1895
1	 1731	 1951	 3235	 1923
1	 450	 453	 3257	 544
1	 4576	 423	 370	 453
1	 3255	 3196	 3256	 667
1	 1642	 1654	 1828	 4370
1	 2621	 2673	 3191	 2676
1	 1794	 2019	 1822	 1823
1	 3058	 1972	 1853	 1823
1	 1835	 1795	 1794	 1822
1	 2019	 1794	 1797	 1823
1	 1585	 1743	 3398	 3182
1	 3182	 1530	 1471	 1348
1	 3120	 3196	 3256	 620
1	 3196	 620	 619	 3256
1	 531	 477	 507	 3318
1	 507	 531	 3318	 581
1	 507	 433	 5008	 477
1	 531	 477	 3318	 410
1	 1316	 1434	 1486	 1368
1	 1316	 1486	 1444	 1368
1	 1316	 1434	 1368	 1401
1	 1368	 1316	 1401	 1196
1	 1444	 1316	 1368	 1196
1	 1444	 1316	 1196	 3180
1	 1380	 1316	 1444	 3180
1	 2224	 2293	 2101	 3319
1	 937	 1032	 967	 3320
1	 967	 937	 3320	 3057
1	 937	 967	 944	 3057
1	 837	 3121	 3206	 3217
1	 3121	 855	 3206	 3044
1	 2224	 2293	 3319	 2324
1	 2000	 4817	 1999	 3177
1	 719	 666	 3294	 700
1	 2660	 2751	 3264	 2658
1	 3082	 2751	 2658	 3264
1	 3264	 2751	 2740	 3082
1	 2740	 2751	 2809	 3082
1	 2809	 2740	 2819	 2776
1	 2819	 2809	 3082	 2740
1	 2819	 3082	 3264	 2740
1	 589	 586	 636	 640
1	 3194	 2310	 4356	 2403
1	 3194	 2403	 4667	 2334
1	 466	 426	 521	 3321
1	 426	 521	 3321	 3322
1	 3802	 426	 3322	 525
1	 4899	 3141	 3690	 2363
1	 3991	 3221	 2164	 2200
1	 2164	 2088	 3221	 2096
1	 1492	 1468	 3179	 1469
1	 1493	 1492	 3179	 1503
1	 889	 3126	 969	 3267
1	 927	 969	 4651	 898
1	 3130	 889	 898	 4651
1	 906	 3130	 898	 927
1	 3129	 47	 36	 3323
1	 47	 36	 3323	 21
1	 3129	 47	 3323	 65
1	 36	 3129	 3323	 3324
1	 3240	 1590	 3071	 1611
1	 2581	 3124	 3410	 2539
1	 2980	 2987	 3230	 2974
1	 2987	 2984	 3230	 2792
1	 1918	 1876	 3239	 1878
1	 1932	 3290	 4110	 3239
1	 4639	 772	 4638	 721
1	 2298	 2198	 2118	 3325
1	 2118	 2298	 3325	 2143
1	 2198	 2118	 3325	 2252
1	 2869	 2868	 2892	 3326
1	 4126	 3326	 2875	 2869
1	 3416	 3088	 3381	 4696
1	 373	 3068	 3135	 3327
1	 3327	 3135	 373	 474
1	 474	 3135	 4628	 3327
1	 2414	 4098	 4728	 2404
1	 3288	 2311	 2431	 2406
1	 2417	 2406	 2387	 2312
1	 2999	 2728	 2757	 3328
1	 2757	 2999	 3328	 2795
1	 2998	 2795	 2995	 3328
1	 2999	 3328	 2795	 2998
1	 3249	 3328	 4729	 4876
1	 3328	 2728	 4729	 2999
1	 3328	 2995	 3296	 2996
1	 2996	 2995	 2795	 3328
1	 2265	 2285	 3274	 3329
1	 2427	 2366	 2285	 2330
1	 2285	 2222	 3274	 3315
1	 808	 895	 773	 3330
1	 773	 808	 3330	 753
1	 3330	 773	 753	 678
1	 895	 773	 3330	 703
1	 678	 773	 703	 3330
1	 808	 895	 3330	 3100
1	 808	 895	 3100	 935
1	 2364	 2341	 3232	 2318
1	 588	 539	 3125	 508
1	 539	 3609	 689	 3125
1	 2036	 2003	 1968	 1909
1	 1485	 1619	 1708	 1621
1	 1476	 1795	 1621	 1708
1	 1708	 1485	 1621	 1476
1	 1476	 1795	 1708	 1550
1	 1476	 1509	 1795	 1550
1	 1708	 1485	 1476	 1550
1	 2628	 2663	 2662	 3331
1	 48	 61	 4894	 66
1	 4897	 78	 4898	 62
1	 2137	 1952	 3253	 1993
1	 2492	 2630	 2506	 3332
1	 2506	 2492	 3332	 2427
1	 2308	 2395	 2325	 3132
1	 892	 893	 875	 3333
1	 893	 875	 3333	 962
1	 3196	 667	 577	 3256
1	 2141	 2208	 4737	 2115
1	 1553	 3086	 3071	 1685
1	 3086	 3071	 1685	 3240
1	 790	 757	 843	 3277
1	 1243	 1317	 1212	 1163
1	 1317	 1212	 1163	 1211
1	 1243	 1317	 1163	 1230
1	 1101	 1034	 1212	 1085
1	 1034	 1108	 1212	 1163
1	 1317	 1212	 1211	 1295
1	 112	 116	 3334	 108
1	 3334	 112	 108	 187
1	 1038	 1029	 982	 3335
1	 1038	 1029	 3335	 1134
1	 3289	 1344	 1514	 1361
1	 1572	 1361	 3289	 1514
1	 1344	 1448	 1514	 1361
1	 1344	 1361	 3289	 1371
1	 2996	 2985	 3296	 2974
1	 1231	 1252	 1339	 3336
1	 4903	 4736	 3336	 1252
1	 2005	 1914	 1720	 1808
1	 2005	 1914	 1808	 2047
1	 1914	 2005	 2080	 2047
1	 2005	 2080	 2047	 2030
1	 2080	 2047	 2030	 2124
1	 2080	 2030	 2110	 2124
1	 2124	 2159	 2110	 2080
1	 2124	 2159	 2080	 2094
1	 2080	 2047	 2124	 2094
1	 2047	 2030	 2124	 2046
1	 2044	 2069	 2114	 1850
1	 1979	 2069	 2044	 1850
1	 2044	 1979	 1850	 1867
1	 1850	 2044	 1867	 1848
1	 2232	 2344	 2283	 3337
1	 2232	 2093	 3337	 2283
1	 1640	 4445	 1734	 3259
1	 1734	 1711	 3259	 1760
1	 2047	 1808	 2008	 1914
1	 1808	 2008	 1914	 1796
1	 1914	 1808	 1796	 1720
1	 1784	 1927	 1940	 1796
1	 2271	 2257	 2326	 3338
1	 4043	 3338	 2257	 2271
1	 2288	 2326	 2257	 3338
1	 2585	 2623	 3212	 2690
1	 2623	 2538	 3212	 2555
1	 1983	 3148	 3278	 2034
1	 1966	 3339	 1727	 1726
1	 1966	 3339	 1726	 1956
1	 1587	 1519	 1536	 1650
1	 1650	 1536	 1668	 1519
1	 1013	 927	 4651	 906
1	 3130	 906	 891	 4651
1	 3323	 36	 3324	 3059
1	 3201	 3057	 777	 844
1	 2959	 2755	 2781	 2953
1	 571	 489	 4535	 3314
1	 535	 3133	 3314	 571
1	 4533	 490	 4537	 446
1	 1675	 1581	 1687	 3340
1	 1675	 1581	 3340	 3103
1	 1581	 1687	 3340	 1579
1	 1687	 1675	 3340	 1812
1	 1889	 3239	 4771	 1904
1	 1948	 1911	 2091	 2016
1	 2840	 2770	 4471	 2823
1	 2770	 2823	 2840	 2817
1	 2551	 2588	 2620	 3076
1	 1028	 4735	 4736	 1169
1	 181	 236	 3234	 339
1	 1209	 1239	 1098	 1146
1	 1239	 1130	 1098	 1146
1	 1029	 982	 3335	 971
1	 3170	 3218	 3254	 3191
1	 2577	 2529	 2479	 3341
1	 2529	 2479	 3341	 3132
1	 3077	 1713	 3220	 1622
1	 2293	 2101	 3319	 3342
1	 2101	 2224	 3319	 3343
1	 2101	 2224	 3343	 2100
1	 1065	 995	 955	 3216
1	 3240	 1593	 3071	 1685
1	 3071	 1580	 1685	 1593
1	 1580	 1674	 1685	 1593
1	 1593	 1726	 1674	 3240
1	 2442	 2358	 2467	 3344
1	 3344	 2467	 2442	 4785
1	 3344	 2467	 3953	 2358
1	 2442	 2358	 3344	 2393
1	 3248	 484	 382	 397
1	 2768	 3104	 3245	 3345
1	 3104	 2665	 3245	 2630
1	 2665	 3245	 2630	 2678
1	 231	 135	 3262	 191
1	 1450	 3023	 3192	 3346
1	 1450	 3023	 3346	 1631
1	 3346	 1450	 1631	 1567
1	 5009	 2782	 2716	 2768
1	 3036	 1021	 3193	 3347
1	 1096	 1021	 1118	 3347
1	 1118	 1153	 3347	 1205
1	 3193	 3036	 3347	 993
1	 3100	 931	 949	 993
1	 248	 307	 3348	 230
1	 248	 356	 3348	 307
1	 2868	 2892	 3326	 2888
1	 2869	 4463	 2868	 3326
1	 2140	 2045	 2241	 3349
1	 3603	 3349	 2140	 2241
1	 3199	 503	 3247	 3248
1	 3248	 3247	 447	 503
1	 345	 387	 393	 3248
1	 3248	 393	 503	 484
1	 3248	 503	 393	 3199
1	 3199	 345	 393	 3248
1	 1284	 1359	 3275	 1207
1	 1284	 1359	 1207	 1304
1	 1207	 1284	 1304	 3233
1	 1304	 1189	 3233	 1284
1	 1359	 3275	 1207	 1318
1	 1189	 3233	 1284	 3350
1	 1284	 1189	 3350	 1198
1	 3350	 1144	 1189	 3233
1	 3145	 1144	 3350	 3233
1	 3233	 1284	 3350	 1207
1	 1357	 1284	 3275	 3286
1	 3286	 1274	 1104	 3275
1	 3275	 1357	 3286	 1475
1	 1274	 3286	 1475	 3275
1	 1806	 1783	 1851	 1833
1	 1851	 1806	 1833	 1926
1	 1849	 1833	 1793	 1926
1	 2034	 1982	 3148	 2049
1	 3148	 2034	 2049	 3278
1	 3043	 1443	 3207	 3351
1	 1365	 1321	 1440	 1466
1	 1365	 3043	 3207	 3352
1	 1338	 3265	 1321	 3043
1	 3352	 1365	 3043	 1338
1	 3265	 1338	 3352	 3043
1	 1418	 1322	 3265	 1321
1	 3265	 1321	 3043	 1418
1	 3352	 1338	 3265	 3136
1	 1365	 1338	 3352	 1279
1	 1430	 1400	 1533	 1521
1	 1665	 1521	 1667	 1533
1	 1521	 1533	 1665	 1693
1	 1430	 1665	 1667	 1533
1	 1665	 1430	 1667	 1596
1	 1433	 1667	 1521	 1430
1	 1709	 1597	 1521	 1693
1	 1521	 1667	 1709	 1665
1	 1521	 1709	 1693	 1665
1	 1667	 1709	 1665	 1806
1	 1709	 1693	 1665	 1850
1	 1806	 1665	 1850	 1709
1	 1850	 1806	 1709	 1979
1	 1667	 1665	 1596	 1806
1	 1521	 1533	 1693	 1597
1	 1521	 1533	 1597	 1454
1	 1533	 1597	 1454	 1586
1	 1521	 1533	 1454	 1400
1	 1533	 1597	 1586	 1693
1	 3264	 4758	 4793	 2660
1	 1602	 1738	 1654	 3353
1	 1738	 1654	 3353	 1828
1	 4107	 1602	 3353	 1677
1	 285	 235	 3251	 303
1	 2222	 3146	 3285	 3315
1	 3146	 2125	 3285	 3354
1	 1021	 3193	 3347	 1096
1	 1118	 936	 3101	 1021
1	 3036	 936	 1021	 3101
1	 1127	 3026	 3169	 3355
1	 3080	 3079	 1127	 3355
1	 3079	 1137	 3355	 1076
1	 1127	 3026	 3355	 1210
1	 1210	 1127	 1099	 3079
1	 3355	 1127	 1210	 3079
1	 3169	 1127	 3355	 3080
1	 3026	 1161	 3169	 3293
1	 3293	 1161	 1269	 3026
1	 1161	 3169	 3293	 1058
1	 3169	 1161	 1019	 1058
1	 3355	 3026	 3169	 1060
1	 3355	 3026	 1128	 1249
1	 1128	 3355	 1249	 1114
1	 1249	 1137	 1114	 3355
1	 1114	 1076	 3080	 3355
1	 1403	 1379	 1367	 1341
1	 3126	 970	 3267	 3356
1	 3163	 4370	 3156	 1642
1	 3163	 3156	 1751	 1592
1	 1775	 1592	 1751	 3156
1	 1499	 1775	 3156	 1592
1	 1499	 1498	 1381	 1592
1	 3163	 1411	 1498	 1381
1	 1498	 1381	 1592	 3163
1	 1592	 3163	 1511	 1724
1	 3163	 3156	 1592	 1498
1	 2157	 2123	 2189	 2242
1	 2289	 2189	 2242	 2157
1	 2189	 2172	 2242	 2219
1	 2219	 2189	 2172	 2114
1	 2114	 2069	 2109	 2219
1	 2123	 2242	 2219	 2189
1	 1793	 2123	 2069	 2189
1	 2223	 2010	 3205	 2183
1	 2234	 4825	 3205	 2010
1	 3090	 1210	 1129	 3357
1	 3079	 1084	 3357	 1227
1	 1084	 1227	 1157	 3357
1	 1157	 1129	 1084	 3357
1	 1111	 1207	 3233	 3350
1	 1171	 1111	 3233	 1105
1	 3145	 3095	 3233	 1105
1	 3095	 1105	 1171	 3233
1	 3233	 1246	 1171	 3095
1	 3095	 3145	 1031	 1105
1	 3298	 2603	 2548	 2639
1	 4941	 4625	 3327	 405
1	 3023	 3192	 3346	 3360
1	 3270	 647	 4954	 674
1	 2125	 3285	 3354	 2141
1	 2125	 3285	 2141	 2244
1	 2582	 2500	 4070	 2475
1	 2535	 2475	 3202	 2409
1	 1941	 3077	 3181	 1916
1	 1941	 3077	 1916	 1745
1	 1760	 3312	 3260	 3261
1	 3260	 1838	 3261	 3361
1	 1838	 3261	 3361	 1771
1	 3136	 1322	 3265	 3362
1	 3242	 2202	 4952	 2286
1	 3358	 2202	 3242	 2276
1	 1961	 1920	 1946	 2064
1	 2064	 1946	 2076	 1920
1	 2075	 2011	 1920	 2076
1	 1946	 2011	 2076	 1920
1	 1920	 2064	 2075	 2076
1	 3104	 3245	 3345	 3363
1	 2768	 3104	 3345	 2729
1	 2729	 2801	 3345	 2768
1	 1638	 3276	 1711	 3312
1	 1638	 1651	 3276	 1598
1	 1680	 1516	 1830	 3364
1	 3023	 1516	 1427	 1680
1	 3465	 1427	 1680	 3023
1	 970	 3267	 3356	 3365
1	 970	 3267	 3365	 1061
1	 2351	 2425	 2289	 2400
1	 2425	 2289	 2400	 2350
1	 2289	 2351	 2400	 2275
1	 2400	 2242	 2297	 2289
1	 2289	 2242	 2275	 2400
1	 2814	 2843	 4809	 2835
1	 1510	 1523	 3048	 1538
1	 1552	 3048	 1523	 1538
1	 1356	 3048	 1538	 1421
1	 2233	 3053	 3204	 3337
1	 3053	 2233	 2162	 3337
1	 3053	 2307	 3204	 3366
1	 3053	 2307	 3366	 2163
1	 3366	 2323	 4948	 2307
1	 3204	 3053	 3366	 3367
1	 1043	 3020	 1042	 933
1	 1042	 3020	 3080	 3295
1	 3020	 978	 3295	 933
1	 3080	 3020	 978	 3295
1	 1042	 3295	 1032	 933
1	 978	 3080	 3295	 1059
1	 3295	 978	 1059	 946
1	 1194	 1282	 3151	 1159
1	 1039	 983	 1070	 3175
1	 3175	 853	 3413	 1039
1	 1322	 3265	 3362	 3368
1	 1407	 1377	 1322	 3368
1	 1546	 1377	 1407	 3368
1	 1546	 1377	 3368	 1418
1	 1377	 1546	 1336	 1418
1	 3265	 1322	 1418	 3368
1	 1322	 1418	 3368	 1377
1	 1322	 1418	 1377	 1336
1	 3043	 3207	 3352	 3369
1	 3207	 1365	 3352	 1279
1	 4768	 1364	 1493	 3351
1	 3351	 1443	 3207	 1364
1	 1544	 1493	 1566	 1443
1	 3351	 3043	 3096	 3207
1	 577	 3120	 3263	 3196
1	 3267	 3126	 3356	 3370
1	 3267	 3126	 3370	 889
1	 3126	 970	 3356	 888
1	 1977	 1937	 1896	 1836
1	 1836	 1977	 2043	 1896
1	 2017	 2043	 1971	 2078
1	 2133	 1971	 2158	 2078
1	 1971	 2158	 2078	 2108
1	 2133	 1971	 2078	 2068
1	 2108	 2078	 2349	 2158
1	 2078	 2017	 2068	 1971
1	 2078	 1971	 2108	 2043
1	 1971	 2108	 2043	 2131
1	 1977	 2043	 2138	 2131
1	 2108	 2043	 2131	 2138
1	 1256	 1217	 1328	 1266
1	 3265	 3136	 3362	 3371
1	 3136	 1322	 3362	 1138
1	 1322	 3362	 1138	 1292
1	 1138	 1229	 1292	 3362
1	 1322	 3362	 1292	 1407
1	 3362	 1322	 3368	 1407
1	 3089	 1407	 3362	 3372
1	 1407	 3362	 3372	 3368
1	 673	 644	 693	 3102
1	 673	 644	 3102	 581
1	 644	 3102	 581	 599
1	 398	 3105	 388	 414
1	 398	 388	 3105	 383
1	 398	 414	 381	 3105
1	 980	 989	 3214	 979
1	 989	 1078	 3214	 1087
1	 578	 3268	 3281	 3373
1	 3281	 578	 3373	 3374
1	 3281	 578	 3374	 3282
1	 3268	 623	 3281	 3269
1	 935	 3100	 3193	 3010
1	 3193	 935	 3010	 972
1	 935	 3010	 972	 912
1	 3193	 935	 972	 1021
1	 935	 3010	 912	 895
1	 2804	 2828	 2829	 3345
1	 5009	 2815	 2808	 3345
1	 2782	 2768	 3345	 2801
1	 2161	 2149	 2046	 2110
1	 2046	 2030	 2029	 1866
1	 1852	 2046	 1868	 1866
1	 1868	 1852	 1866	 1650
1	 3302	 2145	 3358	 3342
1	 3376	 2276	 2202	 3358
1	 2293	 2145	 2101	 3342
1	 3285	 3146	 3354	 3375
1	 3146	 2125	 3354	 1973
1	 1408	 1324	 1213	 3377
1	 3319	 2293	 3342	 3378
1	 2101	 3319	 3342	 3379
1	 45	 29	 46	 3380
1	 4853	 29	 56	 45
1	 3319	 2293	 3378	 2324
1	 2294	 2293	 2324	 3378
1	 844	 3184	 3277	 3201
1	 822	 3057	 844	 777
1	 3184	 843	 3277	 3381
1	 3184	 843	 3381	 1010
1	 843	 3381	 1010	 959
1	 3277	 3184	 3381	 3382
1	 1408	 1324	 3377	 1517
1	 2177	 2206	 2260	 3383
1	 2206	 2260	 3383	 2337
1	 3270	 3269	 3268	 648
1	 3269	 3270	 3271	 648
1	 881	 648	 815	 3271
1	 815	 881	 3271	 869
1	 3270	 720	 3271	 3384
1	 720	 3271	 3384	 849
1	 720	 3271	 849	 701
1	 3270	 720	 3384	 801
1	 3271	 3270	 3384	 3385
1	 3346	 3023	 3360	 3386
1	 3386	 3346	 3023	 1631
1	 3053	 3366	 3367	 3387
1	 2746	 2774	 3008	 2749
1	 3352	 3043	 3369	 3265
1	 1497	 1458	 3258	 1404
1	 1497	 3258	 1563	 1598
1	 1497	 1563	 1673	 1598
1	 1457	 1496	 1524	 3258
1	 1496	 1497	 1598	 3258
1	 1457	 1404	 3258	 1478
1	 3258	 1457	 1478	 1524
1	 3219	 1524	 1496	 3258
1	 3261	 3260	 3361	 3388
1	 3260	 1838	 3361	 2018
1	 1975	 1879	 3359	 3302
1	 3241	 3201	 3299	 3389
1	 3201	 3299	 3389	 3300
1	 3299	 3389	 3300	 3390
1	 3300	 3299	 3390	 3301
1	 3429	 767	 3241	 3389
1	 679	 3241	 3299	 680
1	 3299	 679	 680	 666
1	 3299	 3241	 3389	 3391
1	 3053	 3366	 3387	 2163
1	 2101	 3319	 3379	 3343
1	 3268	 3281	 3373	 3392
1	 578	 3268	 3373	 647
1	 3104	 3245	 3363	 2630
1	 1966	 3278	 3339	 1956
1	 3278	 1956	 1966	 3173
1	 1983	 3173	 3278	 1966
1	 3361	 3261	 3388	 3393
1	 3361	 3261	 3393	 1771
1	 3201	 3294	 3300	 3277
1	 3389	 3201	 3300	 3116
1	 3364	 1893	 1646	 1706
1	 2260	 2177	 3383	 2195
1	 3383	 2260	 2195	 3067
1	 2177	 2206	 3383	 2090
1	 546	 613	 612	 3394
1	 612	 546	 3394	 3114
1	 3114	 546	 599	 612
1	 546	 3394	 3114	 508
1	 3680	 3061	 2190	 2264
1	 3349	 3680	 2264	 3061
1	 2264	 3061	 2305	 2241
1	 2020	 2045	 2140	 3349
1	 1117	 1153	 1273	 3119
1	 3345	 3104	 3363	 3395
1	 3129	 36	 51	 3324
1	 253	 40	 259	 51
1	 3324	 36	 40	 24
1	 3324	 259	 51	 3129
1	 3324	 36	 24	 3059
1	 24	 3324	 3059	 3063
1	 13	 24	 3063	 18
1	 3129	 260	 3323	 259
1	 3324	 259	 3129	 3323
1	 332	 3324	 259	 257
1	 257	 3030	 332	 3324
1	 3324	 3059	 3063	 3030
1	 2285	 3274	 3329	 3396
1	 3329	 2285	 3396	 2427
1	 3329	 2427	 2426	 2285
1	 3329	 2426	 2244	 2265
1	 2366	 2330	 2219	 2285
1	 2366	 2244	 2426	 2265
1	 2265	 3274	 2244	 3329
1	 2427	 3329	 2426	 2492
1	 2426	 2525	 2492	 3329
1	 2492	 3332	 2427	 3329
1	 3396	 3329	 2427	 3332
1	 2426	 2525	 3329	 2244
1	 2265	 2366	 2285	 2426
1	 2426	 2525	 2244	 2329
1	 2274	 2426	 2366	 2244
1	 2244	 2426	 2329	 2274
1	 3192	 3346	 3360	 3182
1	 3192	 3346	 3182	 3397
1	 3346	 3182	 3397	 1568
1	 3182	 3397	 1568	 1530
1	 1530	 1348	 3397	 1462
1	 3397	 1530	 1462	 1568
1	 3346	 3360	 3182	 3398
1	 3398	 1743	 3360	 3182
1	 3182	 1743	 1471	 1585
1	 3360	 3192	 3182	 3399
1	 3182	 1471	 1743	 3399
1	 4904	 3182	 3399	 1471
1	 3397	 1325	 1348	 3182
1	 3023	 3192	 3360	 1427
1	 900	 715	 3203	 802
1	 715	 914	 3203	 3385
1	 881	 914	 715	 3385
1	 3203	 715	 3385	 3400
1	 3385	 3203	 3400	 3401
1	 3270	 3384	 3385	 3401
1	 3384	 3270	 801	 3401
1	 801	 3384	 3401	 873
1	 3384	 3401	 873	 867
1	 873	 3384	 867	 798
1	 3385	 3203	 3401	 979
1	 3401	 3385	 979	 867
1	 867	 3385	 3066	 3384
1	 3401	 867	 979	 879
1	 3401	 867	 879	 873
1	 879	 3401	 873	 801
1	 850	 879	 873	 801
1	 715	 3385	 3400	 669
1	 669	 881	 715	 3385
1	 3203	 715	 3400	 802
1	 2368	 2197	 3402	 5005
1	 2378	 2243	 3402	 2197
1	 2378	 3402	 2243	 2432
1	 2243	 2192	 2432	 4373
1	 3285	 3146	 3375	 3315
1	 3265	 3136	 3371	 3352
1	 3362	 3089	 3372	 3371
1	 3089	 1397	 1345	 1427
1	 3281	 3373	 3392	 3403
1	 3281	 3373	 3403	 3374
1	 2382	 2455	 4914	 3040
1	 4914	 3402	 2331	 4372
1	 2224	 3319	 3343	 3404
1	 2224	 3319	 3404	 2324
1	 3404	 2224	 2324	 2255
1	 3384	 3271	 3385	 3066
1	 3271	 3385	 3066	 881
1	 881	 3271	 869	 3066
1	 3271	 3385	 881	 669
1	 881	 648	 3271	 669
1	 3274	 3329	 3396	 3405
1	 2285	 3274	 3396	 3315
1	 3207	 3352	 3369	 3406
1	 4024	 1932	 4023	 3290
1	 3362	 3265	 3371	 3372
1	 3136	 3362	 3371	 3407
1	 3126	 3356	 3370	 826
1	 3126	 3356	 826	 888
1	 3370	 3126	 826	 889
1	 3356	 3267	 3370	 3408
1	 3319	 3343	 3404	 3409
1	 3480	 2100	 3343	 3404
1	 2224	 2267	 3404	 2100
1	 3345	 3104	 3395	 2729
1	 3366	 3204	 3367	 3410
1	 3204	 3053	 3367	 3337
1	 3146	 3354	 3375	 3411
1	 3354	 3285	 3375	 3412
1	 3354	 3285	 3412	 2141
1	 3271	 3270	 3385	 669
1	 3270	 3385	 669	 3400
1	 3271	 3270	 669	 648
1	 3270	 3385	 3400	 3401
1	 3184	 3381	 3382	 3413
1	 3390	 3300	 685	 3389
1	 3300	 3389	 3116	 731
1	 811	 723	 846	 3389
1	 3299	 3389	 3390	 3391
1	 3356	 3267	 3408	 3365
1	 3404	 3319	 3409	 3414
1	 3404	 3319	 3414	 2324
1	 3378	 3319	 2324	 3414
1	 3284	 1761	 3677	 1981
1	 4956	 3410	 2398	 3204
1	 2019	 2079	 2092	 3415
1	 2079	 2092	 3415	 2160
1	 2019	 2079	 3415	 1925
1	 2092	 3680	 2019	 3415
1	 3406	 3207	 3352	 1279
1	 3136	 3362	 3407	 1138
1	 3184	 3381	 3413	 1010
1	 3277	 3184	 3382	 3116
1	 3201	 3057	 3184	 3116
1	 3300	 3201	 3277	 3116
1	 3184	 3201	 3116	 3277
1	 3381	 3277	 3382	 3416
1	 3170	 3254	 3273	 3417
1	 3170	 3254	 3417	 3191
1	 3273	 3170	 3417	 3418
1	 3418	 2696	 2707	 2720
1	 2707	 2720	 3273	 3418
1	 3254	 3106	 3273	 3419
1	 2957	 3254	 3419	 2970
1	 2975	 2970	 2957	 3419
1	 3106	 2971	 2970	 3254
1	 3106	 3419	 2970	 2981
1	 3419	 2970	 2981	 2975
1	 3106	 3273	 3419	 2981
1	 3254	 3273	 3417	 3420
1	 3417	 3254	 3420	 3421
1	 3417	 3254	 3421	 3191
1	 3273	 3254	 3419	 3420
1	 2202	 3302	 3376	 3358
1	 3358	 3242	 2202	 3342
1	 2097	 2050	 2165	 3423
1	 2165	 2097	 3423	 2201
1	 2097	 2050	 3423	 2025
1	 3146	 3354	 3411	 1973
1	 319	 249	 277	 3424
1	 319	 249	 3424	 3348
1	 319	 307	 249	 3348
1	 307	 3348	 230	 249
1	 3203	 3400	 3401	 3425
1	 892	 3203	 3425	 3400
1	 802	 726	 3400	 892
1	 4638	 3425	 4563	 726
1	 3203	 802	 892	 900
1	 900	 3203	 923	 892
1	 3400	 3270	 3401	 801
1	 3400	 3401	 3425	 801
1	 3401	 3425	 801	 879
1	 1809	 1784	 1722	 1537
1	 3260	 3361	 3388	 3426
1	 3261	 3260	 3388	 3312
1	 1760	 3260	 3312	 3259
1	 3329	 3396	 3405	 3332
1	 3342	 3242	 3379	 3319
1	 3378	 3319	 3427	 3242
1	 3342	 2101	 3379	 3428
1	 3342	 2101	 3428	 2145
1	 2101	 3428	 2145	 2061
1	 3299	 3241	 3391	 680
1	 3241	 3389	 3391	 3429
1	 2286	 3242	 3243	 3430
1	 4952	 2286	 2099	 3430
1	 3716	 2099	 3430	 3489
1	 3242	 3430	 3379	 3427
1	 3378	 3342	 3319	 3242
1	 3427	 3379	 3242	 3319
1	 3242	 3430	 3427	 3431
1	 3427	 3242	 3431	 3378
1	 3430	 3427	 3431	 3432
1	 3430	 3716	 4999	 3632
1	 3242	 3430	 3431	 3243
1	 3243	 2286	 3430	 2235
1	 2235	 2150	 2286	 3744
1	 3243	 2286	 2235	 2309
1	 3430	 3431	 3243	 3433
1	 3431	 3243	 3433	 3434
1	 3431	 3243	 3434	 3435
1	 3431	 3243	 3435	 3242
1	 3427	 3431	 3432	 3436
1	 3427	 3431	 3436	 3378
1	 3431	 3430	 3432	 3433
1	 3431	 3432	 3436	 3437
1	 3432	 3427	 3436	 3409
1	 4999	 3430	 3427	 3379
1	 3436	 3431	 3437	 3438
1	 3436	 3431	 3438	 3378
1	 3242	 2276	 3243	 3435
1	 3417	 3273	 3418	 2637
1	 3170	 3417	 3418	 3009
1	 3417	 3170	 3191	 3009
1	 3191	 2677	 3009	 3170
1	 3009	 2634	 2653	 2677
1	 3191	 2634	 2591	 3009
1	 2677	 3009	 3170	 2653
1	 1185	 1280	 3005	 3377
1	 3377	 1324	 1213	 1280
1	 1213	 1408	 3377	 1185
1	 3268	 3281	 3392	 648
1	 3281	 3268	 3269	 648
1	 3201	 3057	 3389	 767
1	 3405	 3317	 4350	 3274
1	 3396	 3274	 3316	 3315
1	 3274	 3329	 3405	 3317
1	 3405	 3396	 3274	 4350
1	 3265	 3362	 3368	 3372
1	 980	 3214	 3215	 880
1	 980	 3214	 880	 979
1	 3281	 623	 3282	 3439
1	 3281	 623	 3439	 3269
1	 3269	 3281	 648	 3439
1	 3281	 648	 3439	 560
1	 623	 3282	 3439	 3263
1	 3282	 3439	 3263	 3440
1	 4796	 3282	 3120	 3263
1	 3282	 3439	 3440	 3281
1	 3439	 3440	 3281	 560
1	 606	 560	 469	 3440
1	 3439	 3440	 560	 606
1	 606	 469	 495	 3440
1	 560	 3439	 606	 634
1	 648	 3439	 560	 634
1	 648	 3269	 3439	 634
1	 3271	 3269	 648	 634
1	 815	 648	 634	 3271
1	 3120	 455	 4796	 495
1	 3439	 3440	 606	 3263
1	 3260	 3361	 3426	 2018
1	 3426	 2282	 2182	 2290
1	 2182	 3441	 3361	 3426
1	 3198	 2132	 2290	 2182
1	 2293	 3342	 3378	 3358
1	 3342	 3378	 3358	 3242
1	 2293	 2145	 3342	 3358
1	 3273	 3417	 3420	 2637
1	 208	 3038	 222	 3189
1	 3361	 3388	 3426	 3441
1	 3361	 3388	 3441	 3393
1	 3388	 3260	 3426	 3442
1	 3369	 3207	 3406	 3443
1	 3352	 3369	 3406	 3226
1	 3272	 3271	 743	 3269
1	 3271	 634	 743	 3269
1	 3363	 3345	 3395	 3444
1	 3104	 3363	 3395	 3445
1	 3104	 3363	 3445	 2630
1	 3443	 3369	 3207	 3096
1	 298	 394	 254	 332
1	 530	 522	 486	 3446
1	 486	 530	 3446	 517
1	 3204	 3367	 3410	 3447
1	 3367	 3366	 3410	 3448
1	 3367	 3366	 3448	 3387
1	 2326	 2271	 3338	 2316
1	 3375	 3146	 3411	 3449
1	 3375	 3146	 3449	 3315
1	 3354	 3375	 3411	 3450
1	 3354	 3375	 3450	 3412
1	 3379	 3319	 3427	 3409
1	 3319	 3427	 3409	 3436
1	 3319	 3409	 3414	 3436
1	 3414	 3319	 3436	 3378
1	 2101	 3379	 3428	 3451
1	 3428	 2101	 3451	 2061
1	 2101	 2061	 2072	 3451
1	 2101	 3379	 3451	 3343
1	 3342	 3428	 2202	 3302
1	 2202	 2112	 3302	 3428
1	 4952	 3489	 2099	 2112
1	 578	 3373	 3374	 583
1	 892	 803	 4642	 875
1	 892	 893	 3333	 923
1	 3363	 3245	 3452	 2630
1	 3300	 3294	 3301	 3453
1	 3300	 3294	 3453	 3277
1	 3294	 3301	 3453	 3454
1	 3294	 3301	 3454	 666
1	 3454	 3294	 666	 700
1	 3454	 700	 4976	 3294
1	 3301	 3453	 3454	 3455
1	 3454	 3301	 3455	 3456
1	 569	 632	 3456	 3301
1	 3454	 666	 3301	 632
1	 3456	 632	 3454	 3301
1	 3301	 3300	 3453	 3457
1	 3300	 3453	 3457	 3458
1	 3300	 3453	 3458	 3277
1	 3453	 3458	 3277	 3416
1	 3300	 3116	 3277	 3382
1	 3277	 3382	 3416	 3458
1	 810	 3382	 3116	 3300
1	 3453	 3458	 3416	 3459
1	 3458	 3416	 3459	 3088
1	 3458	 3416	 3088	 3382
1	 3382	 3381	 3416	 3088
1	 3416	 3453	 3459	 3011
1	 3459	 3416	 3011	 690
1	 3416	 3459	 3088	 690
1	 3416	 3011	 690	 4696
1	 812	 3381	 3088	 4696
1	 3453	 3458	 3459	 3457
1	 3459	 3453	 3457	 3455
1	 3453	 3459	 3011	 3455
1	 4696	 828	 664	 812
1	 3416	 4696	 690	 3088
1	 4696	 812	 690	 3088
1	 3453	 3301	 3457	 3455
1	 543	 3457	 685	 3390
1	 3204	 3367	 3447	 3337
1	 3267	 3370	 3408	 3460
1	 3130	 889	 4651	 3370
1	 3370	 3356	 3408	 3461
1	 3370	 3356	 3461	 826
1	 3362	 3371	 3407	 3089
1	 3376	 3712	 3358	 3422
1	 3023	 3360	 3386	 3465
1	 3386	 3023	 3465	 3364
1	 1631	 1629	 3364	 3386
1	 3364	 3023	 1631	 3386
1	 1516	 3023	 3364	 1680
1	 3360	 3023	 1427	 3465
1	 3465	 3386	 3364	 3466
1	 3364	 3465	 3466	 3467
1	 3364	 3465	 3467	 1680
1	 3467	 3364	 1680	 1830
1	 1680	 3467	 1830	 1863
1	 3360	 3346	 3386	 3398
1	 3360	 3386	 3465	 3468
1	 3386	 3360	 3398	 3468
1	 3316	 3412	 3628	 3285
1	 3375	 3285	 3315	 3628
1	 3410	 3204	 3447	 2434
1	 2313	 2391	 2434	 3204
1	 3204	 3410	 2398	 2434
1	 3410	 2398	 2434	 2516
1	 2398	 3204	 2434	 2391
1	 3367	 3410	 3447	 3469
1	 3442	 3260	 3679	 3388
1	 1431	 1666	 1495	 1522
1	 1495	 1431	 1522	 1401
1	 3007	 177	 3228	 184
1	 177	 199	 3536	 3228
1	 177	 3228	 184	 199
1	 787	 702	 3408	 3461
1	 3408	 3370	 3461	 3470
1	 3345	 3395	 3444	 2829
1	 2850	 2829	 3444	 2859
1	 3395	 3363	 3444	 3471
1	 3406	 3369	 3443	 3472
1	 3207	 3406	 3443	 3047
1	 3363	 3395	 3445	 3471
1	 3104	 3473	 3574	 3395
1	 3367	 3053	 3387	 3474
1	 3367	 3053	 3474	 3337
1	 3053	 3387	 3474	 3475
1	 3053	 3387	 3475	 2163
1	 3387	 3367	 3474	 3476
1	 1086	 1107	 1061	 970
1	 3365	 970	 1061	 1107
1	 3453	 3454	 3455	 3011
1	 3370	 3408	 3460	 3470
1	 3267	 3032	 4649	 3460
1	 3366	 3410	 3448	 3477
1	 3410	 3367	 3448	 3469
1	 3465	 3360	 3468	 3478
1	 3360	 3398	 3468	 1743
1	 3399	 3182	 3360	 1743
1	 3363	 3452	 3464	 3479
1	 3343	 3404	 3409	 3480
1	 3404	 3343	 2224	 2100
1	 3404	 3409	 3480	 3481
1	 3404	 3409	 3481	 3414
1	 3409	 3343	 3480	 3482
1	 3319	 3343	 3409	 3379
1	 3389	 3391	 3429	 653
1	 3429	 3389	 653	 723
1	 723	 732	 653	 3429
1	 618	 653	 642	 3391
1	 653	 685	 3389	 3390
1	 685	 618	 543	 3390
1	 3389	 3390	 3391	 653
1	 3389	 723	 731	 685
1	 3300	 731	 685	 3389
1	 3429	 3389	 723	 811
1	 723	 811	 732	 3429
1	 3389	 3116	 731	 846
1	 811	 846	 3116	 3389
1	 3391	 3429	 653	 642
1	 732	 642	 653	 3429
1	 3391	 3241	 3429	 642
1	 3465	 3360	 3478	 1427
1	 3375	 3411	 3450	 3483
1	 3411	 3354	 3450	 3484
1	 3411	 3354	 3484	 1973
1	 3363	 3452	 3479	 2630
1	 3479	 3363	 2630	 3445
1	 4808	 3413	 3184	 3382
1	 884	 3116	 3382	 4808
1	 810	 829	 884	 3382
1	 3382	 829	 3458	 810
1	 853	 3088	 3381	 3413
1	 3382	 3188	 3413	 3088
1	 3146	 3411	 3449	 3485
1	 3146	 3411	 3485	 1973
1	 3411	 3375	 3449	 3483
1	 3426	 3388	 3442	 3486
1	 3260	 3426	 3442	 2058
1	 2282	 2182	 2058	 3426
1	 3260	 3426	 2058	 2018
1	 2058	 2182	 2018	 3426
1	 2058	 3260	 2018	 2020
1	 3376	 3422	 3462	 3143
1	 3462	 3376	 3143	 3110
1	 3367	 3474	 3476	 3488
1	 3367	 3474	 3488	 3337
1	 3367	 3447	 3337	 3488
1	 3426	 3388	 3486	 3441
1	 3406	 3369	 3472	 3226
1	 3363	 3444	 3471	 3464
1	 3379	 3428	 3451	 3489
1	 3451	 3379	 3489	 3490
1	 3451	 3482	 3379	 3490
1	 3451	 3428	 2061	 3489
1	 3261	 3388	 3393	 3312
1	 3444	 3395	 3471	 3491
1	 3370	 3461	 3470	 3492
1	 3373	 3392	 3403	 3056
1	 3056	 570	 649	 3392
1	 3403	 3056	 3392	 570
1	 570	 645	 649	 3392
1	 3392	 3281	 3403	 645
1	 3281	 3392	 648	 645
1	 648	 3281	 645	 560
1	 3392	 648	 645	 669
1	 3410	 3447	 3469	 2581
1	 3410	 3447	 2581	 2434
1	 3124	 2539	 2516	 3410
1	 3410	 2434	 2581	 2539
1	 3447	 3367	 3469	 3488
1	 3370	 3461	 3492	 826
1	 3461	 3408	 3470	 702
1	 3343	 3480	 3482	 3493
1	 3386	 3465	 3468	 3466
1	 3398	 3386	 3468	 3494
1	 3398	 3386	 3494	 3495
1	 3398	 3386	 3495	 3346
1	 3411	 3450	 3483	 3496
1	 3450	 3375	 3483	 3497
1	 3450	 3375	 3497	 3412
1	 3387	 3367	 3476	 3448
1	 3474	 3387	 3476	 3498
1	 3474	 3387	 3498	 3475
1	 3410	 3448	 3477	 3124
1	 3448	 3366	 3477	 3499
1	 3448	 3366	 3499	 3387
1	 3452	 3245	 3463	 2678
1	 3245	 3463	 2678	 2716
1	 3452	 3245	 2678	 2630
1	 3343	 3480	 3493	 2100
1	 2267	 2100	 3480	 3404
1	 3441	 2132	 3198	 2182
1	 3441	 3021	 2132	 3361
1	 3473	 3178	 2675	 3104
1	 3445	 3104	 2630	 3574
1	 3445	 3395	 3574	 3623
1	 3473	 3502	 3599	 3395
1	 2818	 2836	 2816	 3502
1	 3395	 2859	 3491	 3444
1	 3395	 2829	 2859	 3444
1	 3254	 3420	 3421	 3503
1	 3421	 3254	 3503	 3504
1	 3421	 3254	 3504	 3191
1	 3254	 3420	 3503	 3419
1	 3420	 3417	 3421	 2629
1	 2612	 2637	 2629	 3417
1	 3420	 3421	 3503	 3505
1	 3474	 3053	 3475	 2162
1	 3474	 3053	 2162	 3337
1	 2162	 2233	 3053	 2087
1	 2136	 2087	 3475	 3053
1	 3480	 3409	 3482	 3506
1	 3409	 3343	 3482	 3379
1	 3451	 3379	 3482	 3343
1	 3431	 3432	 3437	 3433
1	 3432	 3436	 3437	 3507
1	 3432	 3436	 3507	 3409
1	 3436	 3507	 3409	 3414
1	 3436	 3437	 3507	 3508
1	 3507	 3436	 3508	 3414
1	 3436	 3437	 3508	 3438
1	 3437	 3507	 3508	 3509
1	 3508	 3437	 3509	 3510
1	 3508	 3437	 3510	 3438
1	 3437	 3432	 3507	 3511
1	 3507	 3437	 3511	 3509
1	 3432	 3507	 3511	 3512
1	 3432	 3507	 3512	 3409
1	 3437	 3432	 3511	 3433
1	 3411	 3449	 3485	 3513
1	 3485	 3411	 3513	 3514
1	 3485	 3411	 3514	 1973
1	 3484	 3411	 1973	 3514
1	 3449	 3146	 3485	 3515
1	 3449	 3146	 3515	 3315
1	 3421	 3503	 3516	 3504
1	 3462	 3422	 3487	 3517
1	 3422	 3487	 3517	 3518
1	 3422	 3487	 3518	 2278
1	 3283	 3141	 2278	 3518
1	 3480	 3409	 3506	 3481
1	 3458	 3459	 3457	 3519
1	 3459	 3457	 3519	 3520
1	 602	 591	 671	 3459
1	 671	 3459	 3519	 602
1	 591	 602	 3520	 3459
1	 602	 591	 3520	 597
1	 671	 3459	 591	 690
1	 542	 597	 602	 3520
1	 704	 631	 542	 3520
1	 602	 542	 3520	 704
1	 602	 671	 729	 3519
1	 704	 3519	 3520	 602
1	 704	 602	 729	 3519
1	 3188	 729	 3519	 794
1	 699	 704	 794	 3519
1	 3520	 3519	 3459	 602
1	 631	 704	 699	 3519
1	 704	 631	 3520	 3519
1	 542	 597	 3520	 3521
1	 3459	 3457	 3520	 3455
1	 3457	 3519	 3520	 631
1	 3520	 3457	 631	 3521
1	 3457	 3520	 3455	 3521
1	 631	 542	 3520	 3521
1	 3458	 3188	 3459	 3519
1	 3457	 3519	 631	 699
1	 699	 685	 631	 3457
1	 597	 3520	 3521	 3455
1	 597	 3520	 3455	 591
1	 3520	 3455	 591	 3459
1	 542	 597	 3521	 498
1	 543	 3301	 3457	 3390
1	 3457	 3300	 3458	 699
1	 3458	 3457	 699	 3519
1	 3366	 3477	 3499	 3522
1	 2323	 2400	 4956	 3522
1	 3366	 3387	 2163	 3499
1	 3477	 3448	 3499	 3523
1	 3448	 3499	 3523	 3524
1	 3602	 3600	 3524	 3387
1	 3477	 3499	 3522	 3309
1	 3411	 3450	 3496	 3484
1	 3354	 3450	 3484	 3525
1	 3354	 3450	 3525	 3412
1	 3526	 3616	 3486	 3682
1	 3486	 3388	 3442	 3616
1	 3442	 3426	 3486	 2282
1	 2058	 2282	 3426	 3442
1	 2058	 2282	 3442	 2140
1	 3480	 3404	 3481	 3529
1	 3678	 2255	 2267	 3529
1	 3404	 3481	 3529	 3530
1	 3404	 3481	 3530	 3414
1	 3481	 3480	 3529	 3531
1	 3480	 3529	 3531	 3532
1	 3146	 3485	 3515	 2142
1	 2222	 2142	 3515	 2209
1	 2209	 2142	 3515	 2117
1	 3485	 3449	 3515	 3533
1	 3449	 3515	 3533	 3534
1	 3449	 3515	 3534	 3315
1	 3450	 3484	 3525	 3535
1	 3484	 3354	 3525	 2059
1	 3354	 3525	 2059	 2141
1	 3412	 3354	 2141	 3525
1	 3354	 3484	 1973	 2059
1	 3484	 1973	 2059	 1883
1	 3228	 3022	 3229	 3536
1	 3536	 136	 198	 142
1	 198	 131	 136	 3536
1	 136	 133	 3536	 131
1	 142	 3536	 3022	 177
1	 136	 3536	 133	 3022
1	 3229	 125	 3536	 133
1	 131	 125	 133	 3536
1	 3536	 3022	 3229	 133
1	 3229	 3228	 3536	 3537
1	 3228	 3536	 3537	 3034
1	 3228	 3536	 3034	 199
1	 197	 196	 198	 3536
1	 177	 3536	 199	 198
1	 252	 199	 3228	 3540
1	 3536	 3537	 3034	 3538
1	 3034	 3536	 3538	 196
1	 3536	 3034	 199	 197
1	 3034	 196	 197	 3536
1	 3538	 3034	 196	 245
1	 3537	 3034	 3538	 3539
1	 3537	 3034	 3539	 3540
1	 3537	 3034	 3540	 3228
1	 251	 252	 3540	 199
1	 3536	 3537	 3538	 3541
1	 3034	 3538	 3539	 245
1	 3538	 3537	 3539	 3542
1	 3537	 3539	 3542	 3543
1	 3537	 3539	 3543	 3540
1	 3540	 3537	 3228	 3544
1	 3540	 3537	 3544	 3543
1	 3536	 3229	 3537	 3541
1	 3536	 3229	 3541	 125
1	 3034	 3539	 3540	 251
1	 3228	 199	 3034	 3540
1	 252	 310	 251	 3540
1	 3537	 3538	 3541	 3542
1	 3229	 3537	 3541	 3545
1	 3541	 3229	 3545	 118
1	 3541	 3229	 118	 125
1	 118	 3541	 125	 111
1	 3539	 3538	 3542	 3546
1	 3542	 3539	 3546	 3547
1	 3542	 3539	 3547	 3543
1	 3539	 3538	 3546	 245
1	 3538	 3542	 3546	 3548
1	 3542	 3546	 3548	 3549
1	 4983	 3549	 3321	 3547
1	 3538	 3541	 3542	 3548
1	 3542	 3537	 3543	 3545
1	 3541	 3537	 3542	 3545
1	 3539	 3546	 3547	 3550
1	 3539	 3546	 3550	 245
1	 3547	 3539	 3550	 3551
1	 3547	 3539	 3551	 3543
1	 3550	 3547	 3551	 3552
1	 3547	 3551	 3552	 3553
1	 3547	 3551	 3553	 3543
1	 3539	 3550	 3551	 287
1	 3550	 3539	 245	 287
1	 245	 3550	 287	 349
1	 3539	 245	 287	 251
1	 3550	 287	 349	 404
1	 3546	 3547	 3550	 3554
1	 3550	 3546	 3554	 3555
1	 3550	 3546	 3555	 226
1	 3546	 3550	 245	 226
1	 226	 337	 277	 3555
1	 3555	 3550	 226	 337
1	 3550	 226	 337	 349
1	 3550	 245	 226	 349
1	 337	 3550	 349	 404
1	 337	 277	 3555	 379
1	 3007	 3228	 3229	 3556
1	 3229	 3007	 3556	 3557
1	 3229	 3007	 3557	 133
1	 127	 137	 133	 3557
1	 184	 227	 3228	 3007
1	 3007	 3556	 3557	 178
1	 3556	 3229	 3557	 3558
1	 3229	 3545	 118	 3559
1	 3229	 3557	 3558	 3559
1	 3229	 3545	 3559	 3558
1	 4527	 3545	 3544	 3558
1	 3556	 3558	 4541	 3544
1	 3557	 3558	 3559	 3560
1	 3559	 3557	 3560	 139
1	 3558	 3559	 3560	 3561
1	 3558	 3559	 3561	 3545
1	 3560	 3558	 3561	 3562
1	 4519	 3562	 3561	 3558
1	 3559	 3560	 3561	 3563
1	 3559	 3560	 3563	 139
1	 3559	 4507	 3563	 3561
1	 132	 127	 119	 3563
1	 4507	 3563	 127	 3559
1	 3560	 3561	 3563	 3564
1	 3563	 3560	 3564	 3565
1	 3560	 139	 3565	 3563
1	 132	 139	 3563	 3565
1	 140	 132	 3565	 139
1	 3560	 3565	 3187	 3189
1	 3187	 3560	 3189	 3557
1	 3557	 3560	 139	 3187
1	 3565	 3187	 3189	 207
1	 3565	 3187	 207	 140
1	 3560	 3565	 139	 3187
1	 3560	 4488	 3565	 3189
1	 3557	 3558	 3560	 3556
1	 3537	 3544	 3545	 3229
1	 3544	 3229	 3556	 3558
1	 3556	 3228	 3229	 3544
1	 3537	 3229	 3228	 3544
1	 3544	 3537	 3545	 3543
1	 3525	 3450	 3535	 3566
1	 3774	 3497	 3855	 3566
1	 3507	 3508	 3509	 3567
1	 3301	 3455	 3456	 3568
1	 3455	 3457	 3521	 3568
1	 3457	 3521	 3568	 631
1	 3521	 3568	 631	 512
1	 512	 631	 543	 3568
1	 543	 3390	 3570	 3301
1	 3521	 3568	 512	 3569
1	 543	 512	 3568	 3569
1	 543	 512	 3569	 462
1	 512	 3521	 3569	 511
1	 3569	 512	 511	 462
1	 3521	 3568	 3569	 3455
1	 3301	 3455	 3568	 3457
1	 3456	 3301	 3568	 3570
1	 3456	 3301	 3570	 569
1	 3568	 3456	 3570	 3571
1	 4608	 3571	 4633	 3570
1	 3456	 3570	 506	 569
1	 3568	 543	 3570	 3301
1	 543	 631	 685	 3457
1	 3568	 631	 543	 3457
1	 3390	 3300	 3301	 3457
1	 3568	 3301	 3457	 543
1	 618	 543	 3390	 3570
1	 3568	 3570	 543	 3571
1	 3568	 543	 3569	 3571
1	 3455	 3456	 3568	 3569
1	 3568	 3456	 3571	 3569
1	 3455	 3454	 3456	 3572
1	 3454	 3456	 3572	 568
1	 3454	 3456	 568	 632
1	 666	 569	 3301	 632
1	 568	 3454	 632	 700
1	 3572	 3454	 568	 692
1	 568	 3454	 700	 692
1	 3455	 3454	 3572	 3011
1	 3456	 4627	 3455	 3572
1	 3395	 3471	 3491	 3501
1	 3471	 3444	 3491	 3573
1	 3471	 3444	 3573	 3464
1	 3445	 3104	 3574	 3395
1	 3501	 3471	 3623	 3395
1	 3503	 3420	 3505	 3575
1	 3503	 3420	 3575	 3419
1	 3420	 3421	 3505	 2629
1	 3452	 3463	 3500	 3576
1	 3463	 3500	 3576	 3577
1	 3008	 3463	 3577	 3500
1	 3500	 3463	 5009	 3008
1	 3503	 3516	 3504	 3297
1	 3254	 3503	 2957	 3419
1	 3503	 3516	 3297	 3578
1	 3297	 2940	 2957	 3503
1	 2940	 2957	 3503	 2952
1	 3575	 3503	 3419	 2952
1	 3503	 3419	 2952	 2957
1	 2957	 2952	 2975	 3419
1	 3516	 3297	 3578	 3579
1	 3589	 3581	 3587	 3516
1	 3516	 3580	 3586	 3578
1	 3578	 2914	 3580	 3586
1	 3297	 3516	 3587	 3579
1	 3297	 3578	 3579	 2935
1	 2935	 2919	 2940	 3578
1	 3579	 3297	 2935	 2931
1	 2935	 3297	 2945	 2931
1	 2935	 3579	 2931	 2915
1	 2914	 3578	 3579	 3586
1	 4957	 3580	 3516	 3578
1	 3503	 3578	 3582	 4957
1	 3516	 3580	 3583	 3581
1	 3580	 3578	 3582	 3584
1	 3578	 3582	 3584	 3585
1	 3578	 3582	 3585	 3503
1	 3579	 3516	 3587	 3586
1	 3581	 3580	 3586	 3516
1	 3516	 3581	 3587	 3586
1	 3516	 3586	 3579	 3578
1	 3579	 3586	 3587	 2890
1	 3587	 3579	 2890	 2915
1	 3586	 3581	 3587	 3588
1	 3581	 3587	 3588	 3589
1	 3589	 3516	 3504	 4900
1	 3586	 3581	 3588	 3590
1	 3586	 3581	 3590	 3580
1	 3587	 3586	 3588	 2891
1	 3586	 3587	 2890	 2891
1	 3581	 3588	 3590	 3591
1	 3581	 3588	 3591	 3589
1	 3588	 3586	 3590	 3592
1	 3586	 3590	 3592	 3593
1	 3586	 3590	 3593	 3580
1	 3588	 3590	 3591	 3594
1	 3591	 3588	 3594	 3595
1	 3591	 3588	 3595	 3589
1	 3590	 3581	 3591	 3583
1	 3483	 3411	 3496	 3513
1	 3450	 3483	 3496	 3596
1	 3450	 3483	 3596	 3497
1	 3481	 3529	 3530	 3597
1	 3530	 3481	 3597	 3598
1	 3696	 3598	 3507	 3481
1	 3529	 3404	 3530	 2255
1	 3404	 3530	 2255	 2324
1	 3530	 2255	 2324	 3697
1	 3404	 3530	 2324	 3414
1	 3530	 2324	 3414	 3054
1	 3449	 3485	 3513	 3533
1	 3411	 3449	 3513	 3483
1	 3502	 3501	 3599	 3395
1	 3473	 3574	 3395	 3599
1	 3387	 3476	 3498	 3600
1	 3474	 3651	 3498	 3476
1	 3488	 3476	 3601	 3651
1	 3498	 3387	 3600	 3602
1	 3498	 3387	 3602	 3475
1	 3388	 3486	 3526	 3616
1	 3486	 3388	 3526	 3604
1	 3486	 3388	 3604	 3441
1	 3546	 3538	 3548	 3605
1	 3548	 3546	 3605	 3606
1	 3548	 3546	 3606	 3549
1	 3546	 3538	 3605	 226
1	 3538	 3546	 245	 226
1	 3476	 3498	 3600	 3607
1	 3524	 3600	 3654	 3476
1	 3375	 3483	 3497	 3608
1	 3375	 3483	 3608	 3449
1	 3461	 3470	 3492	 3609
1	 3461	 3470	 3609	 702
1	 3492	 3461	 3609	 3610
1	 3134	 826	 784	 3461
1	 3470	 3492	 3609	 3611
1	 3470	 3370	 3492	 3612
1	 3470	 3370	 3612	 3460
1	 3492	 3470	 3612	 3611
1	 3488	 3474	 3476	 3651
1	 3498	 3475	 3613	 3651
1	 3498	 3476	 3601	 3607
1	 3370	 814	 826	 3612
1	 3492	 725	 3612	 826
1	 3482	 3480	 3506	 3615
1	 3482	 3480	 3615	 3493
1	 3603	 3442	 3616	 3486
1	 3526	 3313	 3388	 3616
1	 3487	 3462	 3517	 3527
1	 3462	 3422	 3517	 3143
1	 3452	 3464	 3479	 3617
1	 3452	 3464	 3617	 3500
1	 3479	 3452	 3617	 3618
1	 4351	 3618	 4958	 3452
1	 3464	 3479	 3617	 3619
1	 3464	 3363	 3479	 3471
1	 3363	 3479	 3471	 3445
1	 3812	 3476	 3488	 3367
1	 3469	 3367	 3448	 3812
1	 3360	 3468	 3478	 1743
1	 3478	 3360	 1743	 3399
1	 3468	 3465	 3478	 3620
1	 3468	 3465	 3620	 3466
1	 3465	 3478	 3620	 3621
1	 3465	 3478	 3621	 1427
1	 3478	 3468	 3620	 3622
1	 3500	 3452	 3576	 3617
1	 3452	 3463	 3576	 2678
1	 3471	 3445	 3623	 3395
1	 3482	 3506	 3614	 3624
1	 3104	 2675	 2630	 3178
1	 3587	 3588	 3589	 3625
1	 3589	 3587	 3625	 3186
1	 3587	 3588	 3625	 2891
1	 3588	 3589	 3625	 3595
1	 3483	 3497	 3608	 3626
1	 2879	 2850	 3573	 3491
1	 2859	 2873	 3491	 2879
1	 3573	 3444	 2850	 3464
1	 3491	 3471	 3573	 3627
1	 3497	 3375	 3608	 3628
1	 3497	 3375	 3628	 3412
1	 3316	 3315	 3285	 3628
1	 3321	 4983	 403	 3549
1	 3547	 3550	 3554	 3552
1	 3482	 3343	 3493	 3451
1	 3507	 3511	 3512	 3629
1	 3629	 3511	 4960	 3507
1	 3512	 3507	 3629	 3534
1	 3511	 3432	 3512	 3626
1	 3512	 3511	 3626	 3608
1	 3483	 3608	 3449	 3512
1	 3449	 3513	 3483	 3512
1	 3511	 3512	 3629	 3608
1	 3512	 3629	 3608	 3449
1	 3513	 3449	 3533	 3512
1	 3626	 3512	 3608	 3483
1	 3629	 3511	 3608	 3630
1	 3468	 3620	 3622	 3631
1	 3620	 3466	 4449	 3468
1	 3480	 3506	 3615	 3531
1	 3506	 3482	 3615	 3624
1	 3434	 3438	 3660	 3431
1	 3437	 3431	 3433	 3660
1	 3483	 3496	 3596	 3632
1	 3496	 3450	 3596	 3535
1	 3617	 3464	 3619	 3633
1	 3617	 3464	 3633	 3500
1	 3551	 3550	 3552	 445
1	 3609	 3470	 3611	 3634
1	 3489	 3451	 3490	 1764
1	 3585	 3503	 3582	 3505
1	 3420	 3505	 3575	 2636
1	 3420	 3505	 2636	 2629
1	 3505	 2636	 2629	 2611
1	 2629	 2637	 2636	 3420
1	 3491	 3471	 3627	 3501
1	 3442	 3486	 3603	 2282
1	 3506	 3614	 3624	 3533
1	 3635	 3603	 3682	 3486
1	 3614	 3482	 3624	 3490
1	 3479	 3617	 3619	 3636
1	 3638	 3619	 3671	 3471
1	 3501	 3574	 3623	 3637
1	 3835	 3313	 3809	 3526
1	 3313	 3312	 3388	 3616
1	 3312	 3388	 3616	 3679
1	 3501	 3574	 3395	 3623
1	 3526	 3486	 3604	 3635
1	 3471	 3573	 3627	 3638
1	 3638	 3633	 3619	 3464
1	 3627	 2879	 3573	 3491
1	 3573	 3444	 3491	 2850
1	 2873	 2879	 3627	 3491
1	 3574	 3445	 3623	 3639
1	 3609	 3470	 3634	 702
1	 3479	 3617	 3636	 3618
1	 3478	 3620	 3621	 3642
1	 3621	 3478	 3642	 3643
1	 3621	 3478	 3643	 3372
1	 3478	 3621	 1427	 3372
1	 3773	 3621	 3467	 3465
1	 3465	 3621	 3467	 1680
1	 3621	 3465	 1427	 1680
1	 3465	 1680	 3364	 3023
1	 1427	 3621	 1680	 1557
1	 3621	 1427	 3372	 1557
1	 3620	 3466	 3465	 3773
1	 1427	 3372	 1557	 1407
1	 3450	 3484	 3535	 3496
1	 3484	 3525	 3535	 3644
1	 3484	 3525	 3644	 2059
1	 3525	 3535	 3644	 3645
1	 3525	 3535	 3645	 3566
1	 3535	 3484	 3644	 3646
1	 3546	 3605	 3606	 3555
1	 3605	 3546	 226	 3555
1	 3395	 3574	 3501	 3599
1	 3574	 3178	 2630	 3733
1	 2630	 3479	 3445	 3639
1	 3605	 3548	 3606	 3647
1	 3548	 3606	 3647	 3648
1	 3548	 3606	 3648	 3549
1	 3649	 3613	 3683	 3498
1	 3613	 3498	 3649	 3650
1	 3613	 3498	 3650	 3475
1	 3498	 3474	 3475	 3651
1	 3651	 3601	 3498	 3476
1	 4901	 3652	 3658	 3647
1	 3498	 3600	 3607	 3653
1	 3596	 3483	 3632	 3626
1	 3600	 3476	 3607	 3654
1	 3496	 3596	 3632	 3655
1	 3483	 3496	 3632	 3513
1	 3524	 3499	 3602	 3387
1	 3476	 3387	 3448	 3524
1	 3387	 2163	 3499	 3602
1	 3387	 3475	 2163	 3602
1	 3600	 3498	 3602	 3653
1	 3529	 3530	 3597	 3656
1	 3530	 3597	 3656	 3657
1	 3530	 3597	 3657	 3598
1	 3481	 3529	 3597	 3531
1	 3461	 3609	 3610	 650
1	 786	 689	 650	 3610
1	 3609	 3492	 3610	 3125
1	 3501	 3574	 3637	 3599
1	 3752	 3513	 3496	 3411
1	 3514	 3484	 3411	 3752
1	 3845	 3624	 4959	 3485
1	 3647	 3606	 3658	 3648
1	 3437	 3509	 3510	 3659
1	 3437	 3509	 3659	 3511
1	 3510	 3437	 3659	 3660
1	 3434	 3433	 3431	 3660
1	 3510	 3437	 3660	 3438
1	 3437	 3659	 3660	 3433
1	 3438	 3437	 3660	 3431
1	 3437	 3659	 3433	 3511
1	 3509	 3510	 3659	 3661
1	 4960	 3661	 3509	 3659
1	 3511	 4960	 3659	 3630
1	 3661	 3659	 3662	 3663
1	 3661	 3659	 3663	 3664
1	 3659	 3662	 3663	 3665
1	 3662	 3630	 3665	 3659
1	 3662	 3659	 4960	 3630
1	 3662	 3665	 3630	 3666
1	 3630	 3662	 3666	 3667
1	 3663	 3659	 3665	 3668
1	 3662	 3663	 3665	 3666
1	 3662	 3661	 3663	 3669
1	 3669	 3667	 3636	 3662
1	 3661	 3659	 3664	 3510
1	 4345	 3617	 3576	 3452
1	 3573	 3627	 3638	 3670
1	 3627	 3471	 3638	 3671
1	 3627	 3471	 3671	 3501
1	 3501	 3623	 3471	 3671
1	 3671	 3619	 3479	 3471
1	 3638	 3627	 3671	 3672
1	 3629	 3628	 3608	 3375
1	 3628	 3412	 3375	 3285
1	 3449	 3375	 3315	 3629
1	 3315	 3628	 3629	 3375
1	 3534	 3449	 3315	 3629
1	 3629	 3512	 3534	 3449
1	 3445	 3623	 3639	 3479
1	 3608	 3497	 3628	 3673
1	 3497	 3628	 3673	 3674
1	 3497	 3628	 3674	 3412
1	 3623	 3574	 3639	 3675
1	 3597	 3529	 3656	 3676
1	 3656	 3597	 3676	 3653
1	 3529	 3530	 3656	 2255
1	 3501	 3395	 3502	 3491
1	 3620	 3478	 3622	 3642
1	 3478	 3468	 3622	 1743
1	 3499	 3477	 3523	 3309
1	 3477	 3448	 3523	 3124
1	 3527	 3487	 3641	 3517
1	 3484	 3644	 3646	 3677
1	 3484	 3644	 3677	 2059
1	 3644	 3677	 2059	 1981
1	 2059	 1883	 1981	 3677
1	 1761	 1981	 1883	 3677
1	 3487	 3517	 3518	 3641
1	 3529	 3656	 3676	 3678
1	 3442	 3603	 3616	 3349
1	 3616	 3442	 3349	 3679
1	 3349	 3616	 3679	 3680
1	 3349	 3616	 3680	 3681
1	 3349	 3616	 3681	 3603
1	 3597	 3529	 3676	 3531
1	 3450	 3535	 3566	 3596
1	 3526	 3635	 3682	 3486
1	 3498	 3601	 3651	 3683
1	 3616	 3603	 3486	 3682
1	 3601	 3649	 3683	 3498
1	 3623	 3574	 3675	 3637
1	 3683	 3684	 3811	 3651
1	 3517	 3422	 3518	 3685
1	 3517	 3422	 3685	 3143
1	 3422	 3518	 3685	 3686
1	 3422	 3518	 3686	 2278
1	 3518	 3686	 2278	 3283
1	 3422	 3358	 2278	 3686
1	 3518	 3517	 3685	 3687
1	 3613	 3498	 3651	 3683
1	 3548	 3542	 3549	 3688
1	 3548	 3542	 3688	 3541
1	 3542	 3541	 3545	 3688
1	 3542	 3549	 3688	 3689
1	 3549	 4983	 3542	 3547
1	 3688	 3542	 3689	 3545
1	 3545	 3689	 4787	 3542
1	 3547	 3542	 3543	 4787
1	 3549	 3688	 3689	 403
1	 3689	 403	 4983	 3549
1	 3606	 3549	 3546	 3321
1	 403	 426	 3321	 3549
1	 466	 426	 3321	 403
1	 403	 391	 426	 3549
1	 3547	 3554	 3321	 3552
1	 3549	 3548	 3688	 3648
1	 3498	 3601	 3649	 3607
1	 3511	 3509	 4960	 3507
1	 3567	 3509	 3507	 4960
1	 3629	 3507	 3567	 3534
1	 3481	 3597	 3598	 3693
1	 3481	 3597	 3693	 3531
1	 3598	 3481	 3693	 3507
1	 3507	 3409	 3414	 3481
1	 3567	 3508	 3694	 3696
1	 3567	 3508	 3696	 3507
1	 3508	 3507	 3414	 3696
1	 3530	 3414	 3481	 3696
1	 3598	 3530	 3696	 3694
1	 3694	 3567	 3696	 3598
1	 3657	 3530	 3598	 3694
1	 3567	 3696	 3598	 3507
1	 3530	 3696	 3694	 3054
1	 3414	 3530	 3054	 3696
1	 3054	 3414	 3696	 3508
1	 3508	 3694	 3696	 3054
1	 3657	 3530	 3694	 3697
1	 3694	 3657	 3697	 3698
1	 3694	 3657	 3698	 3699
1	 3694	 3657	 3699	 3598
1	 3694	 3567	 3598	 3699
1	 3597	 3598	 3693	 3700
1	 3699	 3567	 3598	 3700
1	 3693	 3597	 3700	 3702
1	 3700	 3653	 3602	 3597
1	 3676	 3597	 3702	 3602
1	 3700	 3693	 3702	 3703
1	 3693	 3597	 3702	 3531
1	 3668	 3665	 3626	 3659
1	 3659	 3660	 3433	 3668
1	 3659	 3433	 3511	 3626
1	 3597	 3598	 3700	 3657
1	 3700	 3693	 3703	 3701
1	 3644	 3535	 3646	 3704
1	 3646	 3644	 3704	 3705
1	 3596	 3632	 3655	 3706
1	 3685	 3518	 3687	 3707
1	 3685	 3518	 3707	 3686
1	 3687	 3685	 3707	 3708
1	 3497	 3608	 3626	 3673
1	 3665	 3630	 3666	 3673
1	 3518	 3687	 3707	 3709
1	 3483	 3497	 3626	 3596
1	 3515	 3485	 3533	 3710
1	 3533	 3515	 3710	 3711
1	 3533	 3515	 3711	 3534
1	 3515	 3485	 3710	 1996
1	 3710	 3515	 1996	 2117
1	 3515	 3485	 1996	 2142
1	 1996	 3515	 2142	 2117
1	 3237	 2023	 2117	 3710
1	 3485	 1996	 2142	 1973
1	 3685	 3422	 3686	 3712
1	 3685	 3422	 3712	 3143
1	 3422	 3686	 3712	 3358
1	 3376	 3358	 3712	 2276
1	 3485	 3533	 3710	 3624
1	 3485	 3533	 3624	 3513
1	 3533	 3624	 3513	 3614
1	 3686	 3685	 3712	 3713
1	 3661	 3663	 3669	 3714
1	 3661	 3663	 3714	 3664
1	 3481	 3480	 3531	 3506
1	 3616	 3603	 3682	 3681
1	 3535	 3646	 3704	 3715
1	 3616	 3313	 4112	 3526
1	 3644	 3535	 3704	 3645
1	 3632	 3496	 3655	 3716
1	 3496	 3596	 3655	 3535
1	 3704	 3646	 3705	 3717
1	 3704	 3646	 3717	 3715
1	 3644	 3704	 3705	 3718
1	 3644	 3704	 3718	 3645
1	 3646	 3644	 3705	 3677
1	 3470	 3611	 3634	 3719
1	 676	 3634	 4962	 4643
1	 3665	 3663	 3668	 3720
1	 3611	 3609	 3634	 3037
1	 3668	 3659	 4193	 3663
1	 3527	 3641	 3691	 3721
1	 3518	 3517	 3687	 3641
1	 3596	 3632	 3706	 3626
1	 3611	 4645	 3634	 3719
1	 3651	 3601	 3488	 3811
1	 3470	 3611	 3719	 3612
1	 3656	 3676	 3678	 3723
1	 3517	 3685	 3687	 3724
1	 3685	 3687	 3724	 3708
1	 3517	 3685	 3724	 3143
1	 3546	 3554	 3555	 3606
1	 3606	 3546	 3554	 3321
1	 3554	 3550	 3555	 404
1	 3555	 3550	 337	 404
1	 3687	 3517	 3724	 3725
1	 3590	 3591	 3594	 3726
1	 3591	 3594	 3726	 3727
1	 3591	 3594	 3727	 3595
1	 3590	 3591	 3726	 3583
1	 3573	 3627	 3670	 2879
1	 2859	 2850	 2879	 3491
1	 2879	 2887	 3670	 3573
1	 2879	 3670	 2887	 2894
1	 4183	 4173	 2911	 2894
1	 2879	 3670	 2894	 2873
1	 3594	 3590	 3726	 3728
1	 3726	 3594	 3728	 3729
1	 3726	 3594	 3729	 3727
1	 3588	 3590	 3594	 3592
1	 3529	 3531	 3532	 3676
1	 3603	 3486	 3635	 3730
1	 3603	 3486	 3730	 2282
1	 3594	 3590	 3728	 3592
1	 3590	 3726	 3728	 3731
1	 3600	 3387	 3476	 3524
1	 3448	 3524	 3654	 3476
1	 3632	 3496	 3716	 3513
1	 3531	 3480	 3532	 3615
1	 3627	 3671	 3672	 3732
1	 3574	 3639	 3675	 3733
1	 3639	 3623	 3675	 3734
1	 3623	 3675	 3734	 3735
1	 3639	 3623	 3734	 3479
1	 3675	 3639	 3734	 3736
1	 3734	 3675	 3736	 3737
1	 3639	 3734	 3736	 3738
1	 3734	 3736	 3738	 3739
1	 3639	 3734	 3738	 3479
1	 3736	 3639	 3738	 3740
1	 3736	 3639	 3740	 3733
1	 3675	 3639	 3736	 3733
1	 3734	 3736	 3739	 3737
1	 3685	 3712	 3713	 3143
1	 3627	 3671	 3732	 3501
1	 3655	 3596	 3706	 3741
1	 3599	 3789	 4416	 3574
1	 3647	 3548	 3648	 3742
1	 3648	 3647	 3742	 3743
1	 3627	 3638	 3670	 3672
1	 3670	 3638	 3573	 4183
1	 2878	 3573	 4183	 2887
1	 2878	 3573	 2879	 2850
1	 2878	 3573	 2850	 3464
1	 3548	 3648	 3742	 3688
1	 3665	 3663	 3720	 3666
1	 3744	 3287	 3655	 3632
1	 3424	 277	 3555	 3605
1	 3744	 3177	 3655	 3287
1	 3694	 3508	 3695	 3054
1	 3640	 3746	 3747	 3748
1	 3640	 3746	 3748	 3210
1	 3656	 3676	 3723	 3653
1	 3706	 3287	 2235	 3430
1	 3287	 3430	 3744	 2235
1	 3287	 2150	 2235	 3744
1	 3655	 3287	 3745	 3741
1	 3655	 3287	 3706	 3632
1	 3287	 2150	 3744	 2071
1	 3716	 2098	 2071	 3744
1	 2150	 2099	 3744	 2098
1	 3706	 3741	 3749	 3287
1	 3287	 3745	 3749	 2210
1	 3706	 3287	 3749	 2235
1	 3706	 3287	 3655	 3741
1	 3700	 3598	 3693	 3567
1	 3700	 3699	 3567	 3737
1	 3701	 3692	 3737	 3567
1	 4960	 3567	 3701	 3629
1	 3567	 3629	 3534	 3701
1	 3700	 3693	 3701	 3567
1	 3588	 3586	 3592	 2891
1	 3663	 3668	 3720	 3750
1	 3496	 3655	 3716	 3751
1	 3496	 3655	 3751	 3535
1	 3655	 3751	 3535	 3715
1	 3535	 3646	 3715	 3751
1	 3655	 3751	 3715	 3177
1	 3646	 3787	 3715	 3751
1	 3716	 3496	 3751	 3752
1	 3751	 3646	 3752	 3496
1	 3514	 3513	 3752	 3411
1	 3716	 3496	 3752	 3513
1	 3496	 3411	 3484	 3752
1	 3751	 3716	 3752	 3753
1	 3751	 3716	 3753	 3177
1	 3655	 3751	 3177	 3716
1	 3752	 3751	 3753	 3754
1	 3753	 3752	 3754	 3755
1	 3754	 3753	 3755	 3756
1	 3753	 3752	 3755	 3757
1	 3716	 3752	 3753	 3757
1	 3758	 3045	 4978	 3752
1	 3620	 3621	 3642	 3748
1	 3668	 3665	 3720	 3759
1	 3759	 3665	 3626	 3668
1	 3665	 3720	 3759	 3760
1	 3720	 3759	 3760	 3761
1	 3759	 3665	 3760	 3762
1	 3665	 3760	 3762	 3673
1	 3760	 3762	 3673	 3674
1	 3673	 3497	 3674	 3762
1	 3626	 3497	 3673	 3762
1	 3762	 3665	 3673	 3626
1	 3433	 3668	 3626	 3659
1	 3626	 3774	 3497	 3762
1	 3759	 3665	 3762	 3626
1	 3668	 3626	 3759	 3433
1	 3665	 3760	 3673	 3666
1	 3720	 3665	 3666	 3760
1	 3760	 3759	 3762	 3763
1	 3760	 3759	 3763	 3761
1	 3760	 3720	 3761	 3764
1	 3720	 3759	 3761	 3765
1	 3632	 3655	 3744	 3716
1	 3655	 3744	 3716	 3177
1	 2071	 3287	 3745	 3177
1	 3642	 3620	 3748	 3766
1	 3748	 3642	 3766	 3767
1	 3748	 3642	 3767	 3768
1	 3748	 3642	 3768	 3621
1	 3478	 3642	 3643	 1769
1	 3478	 3642	 1769	 3622
1	 3622	 3478	 1743	 1769
1	 3642	 3621	 3643	 3768
1	 3720	 3668	 3759	 3765
1	 3759	 3762	 3763	 3769
1	 3762	 3760	 3763	 3674
1	 3759	 3762	 3769	 3626
1	 3665	 3659	 3511	 3626
1	 3633	 3770	 3792	 3617
1	 3636	 3617	 3619	 3792
1	 3551	 3552	 3553	 483
1	 3551	 3552	 483	 445
1	 3552	 3547	 3553	 3321
1	 3744	 3287	 2071	 3177
1	 3753	 3755	 3756	 3771
1	 3693	 3702	 3703	 3772
1	 3703	 3693	 3772	 3534
1	 3703	 3693	 3534	 3701
1	 3693	 3702	 3772	 3531
1	 1880	 1976	 3746	 3748
1	 3747	 1892	 3748	 1976
1	 1880	 1892	 1976	 3748
1	 1963	 1880	 1976	 3746
1	 1963	 1976	 2105	 3746
1	 3748	 3746	 1880	 1963
1	 1963	 3210	 3767	 3748
1	 4388	 4183	 2878	 3573
1	 3471	 3619	 3464	 3638
1	 3702	 3703	 3772	 3499
1	 3747	 3640	 3748	 3773
1	 3702	 3700	 3703	 3524
1	 3702	 3703	 3499	 3524
1	 3762	 3763	 3769	 3774
1	 3769	 3762	 3774	 3626
1	 3762	 3763	 3774	 3674
1	 3635	 3603	 3730	 3775
1	 3603	 3730	 3775	 3776
1	 3730	 3775	 3776	 3777
1	 3776	 3730	 3777	 2357
1	 3777	 3776	 2357	 2399
1	 2474	 2399	 2540	 3777
1	 3730	 3775	 3777	 3778
1	 3775	 3776	 3777	 3779
1	 3775	 3776	 3779	 3780
1	 3779	 3775	 3780	 3781
1	 3776	 3779	 3780	 2367
1	 3775	 3776	 3780	 3603
1	 3635	 3603	 3775	 3682
1	 3779	 3775	 3781	 3782
1	 2305	 2399	 2322	 3776
1	 2357	 3776	 2322	 2399
1	 2305	 2399	 3776	 2367
1	 3777	 3730	 3778	 3783
1	 3776	 3777	 3779	 2399
1	 3777	 3775	 3779	 3782
1	 3778	 3777	 3783	 3784
1	 3763	 3759	 3769	 3785
1	 3736	 3738	 3739	 3786
1	 3736	 3738	 3786	 3740
1	 3703	 3701	 3786	 3736
1	 3738	 3734	 3739	 3667
1	 3479	 4351	 3667	 3738
1	 3754	 3753	 3756	 3787
1	 3754	 3753	 3787	 3751
1	 3623	 3675	 3735	 3637
1	 3594	 3728	 3729	 3788
1	 3786	 3739	 3629	 3667
1	 3667	 3786	 3738	 3316
1	 3675	 3574	 3733	 3789
1	 3675	 3574	 3789	 3637
1	 3763	 3769	 3774	 3790
1	 4305	 3706	 3769	 3790
1	 3774	 3763	 3790	 3791
1	 3855	 3852	 3674	 3763
1	 3790	 3774	 3791	 3741
1	 3663	 3669	 3714	 3792
1	 3714	 3663	 3792	 3750
1	 3663	 3669	 3792	 3636
1	 3666	 3662	 3663	 3636
1	 3669	 3792	 3636	 3619
1	 3619	 3633	 3792	 3617
1	 3617	 3636	 3770	 3792
1	 3730	 3635	 3775	 3778
1	 3758	 3484	 3752	 3646
1	 3751	 3496	 3535	 3646
1	 3646	 3284	 3758	 3677
1	 3752	 3751	 3754	 3646
1	 3669	 3714	 3792	 3638
1	 3792	 3669	 3638	 3619
1	 3728	 3726	 3729	 3793
1	 3728	 3726	 3793	 3731
1	 3726	 3729	 3793	 3794
1	 3726	 3729	 3794	 3727
1	 3793	 3726	 3794	 3795
1	 3729	 3793	 3794	 3796
1	 3763	 3790	 3791	 3797
1	 3729	 3793	 3796	 3798
1	 3791	 3763	 3797	 3799
1	 4961	 3714	 3661	 3669
1	 3620	 3622	 3631	 3766
1	 3734	 3675	 3737	 3735
1	 3763	 3769	 3790	 3785
1	 4671	 3631	 3468	 3622
1	 3647	 3742	 3743	 3168
1	 3729	 3728	 3793	 3798
1	 3486	 3635	 3730	 3801
1	 3801	 3486	 3198	 3730
1	 3730	 3486	 2290	 2282
1	 2290	 3730	 2282	 2357
1	 3759	 3761	 3765	 3785
1	 3775	 3780	 3781	 3682
1	 3652	 3647	 3605	 3424
1	 3652	 3424	 3658	 3647
1	 277	 3424	 3652	 3605
1	 3658	 3606	 3424	 3802
1	 3606	 3555	 3802	 3322
1	 3623	 3501	 3637	 3732
1	 3671	 3732	 3501	 3623
1	 3742	 318	 3648	 3743
1	 3648	 3647	 3743	 3658
1	 3761	 3720	 3765	 3803
1	 3780	 3779	 3781	 3804
1	 3685	 3707	 3708	 3713
1	 3728	 3590	 3731	 3593
1	 3590	 3728	 3592	 3593
1	 3805	 3717	 3974	 3284
1	 3707	 3687	 3708	 3806
1	 3705	 3704	 3717	 3807
1	 3704	 3717	 3807	 3808
1	 3807	 3704	 3808	 3809
1	 3704	 3717	 3808	 3715
1	 3717	 3807	 3808	 3810
1	 3705	 3704	 3807	 3718
1	 3794	 3729	 3796	 3811
1	 3794	 3729	 3811	 3727
1	 3793	 3794	 3796	 3607
1	 3476	 3601	 3607	 3796
1	 3476	 3607	 3654	 3796
1	 3476	 3601	 3796	 3488
1	 3601	 3796	 3488	 3811
1	 3601	 3683	 3811	 3651
1	 3654	 3476	 3796	 3812
1	 3796	 3654	 3812	 3798
1	 3476	 3796	 3812	 3488
1	 3476	 3448	 3367	 3812
1	 3651	 3488	 3684	 3811
1	 3796	 3793	 3607	 3654
1	 3794	 3871	 3793	 3795
1	 3796	 3793	 3654	 3798
1	 3717	 3705	 3807	 3813
1	 3807	 3717	 3813	 3810
1	 3705	 3807	 3813	 3814
1	 3590	 3726	 3731	 3583
1	 3794	 3796	 3607	 3601
1	 3796	 3794	 3811	 3601
1	 3601	 3649	 3607	 3794
1	 3646	 3717	 3805	 3284
1	 3807	 3813	 3814	 1771
1	 3813	 3814	 1771	 3219
1	 1684	 3219	 1771	 3814
1	 3814	 3807	 1771	 3393
1	 1684	 3219	 3814	 1696
1	 3813	 3814	 3219	 3284
1	 3705	 3284	 3813	 3717
1	 3705	 3813	 3284	 3814
1	 3814	 3219	 3284	 1696
1	 4817	 3177	 3745	 3655
1	 3704	 3535	 3715	 3815
1	 3777	 3730	 3783	 2357
1	 3705	 3807	 3814	 3718
1	 3814	 3807	 3393	 3718
1	 4960	 3662	 3667	 3669
1	 3705	 3644	 3718	 1759
1	 3528	 3840	 4446	 3527
1	 3462	 4374	 3527	 3816
1	 3816	 2185	 4446	 3462
1	 3775	 3781	 3782	 3817
1	 3790	 3791	 3797	 3818
1	 3791	 3797	 3818	 3819
1	 3790	 3791	 3818	 3741
1	 3781	 3779	 3782	 3820
1	 3797	 3790	 3818	 3821
1	 3790	 3818	 3821	 3822
1	 3797	 3790	 3821	 3785
1	 3635	 3730	 3801	 3778
1	 3818	 3797	 3821	 3823
1	 3818	 3797	 3823	 3819
1	 3821	 3818	 3823	 3824
1	 3818	 3823	 3824	 3825
1	 3821	 3818	 3824	 3822
1	 3824	 3818	 3825	 3826
1	 3824	 3818	 3826	 3822
1	 3825	 3824	 3826	 3827
1	 3824	 3826	 3827	 3828
1	 3818	 3825	 3826	 3829
1	 3818	 3823	 3825	 3819
1	 3823	 3824	 3825	 3830
1	 3823	 3824	 3830	 3831
1	 3826	 3825	 3827	 3832
1	 3827	 3826	 3832	 3833
1	 3827	 3826	 3833	 3828
1	 3832	 3827	 3833	 3834
1	 3826	 3825	 3832	 3829
1	 3826	 3832	 3833	 3835
1	 3826	 3832	 3835	 3829
1	 3833	 3826	 3835	 3836
1	 3832	 3833	 3835	 3526
1	 3388	 3313	 3526	 3809
1	 3526	 3682	 3833	 4112
1	 3526	 3313	 3833	 3835
1	 3682	 3526	 3833	 3832
1	 3833	 3832	 3834	 3682
1	 3832	 3834	 3682	 3817
1	 3781	 3775	 3682	 3817
1	 3825	 3824	 3827	 3830
1	 3825	 3827	 3832	 3817
1	 3827	 3825	 3830	 3817
1	 3832	 3834	 3817	 3827
1	 3827	 3833	 3834	 3837
1	 3827	 3824	 3828	 3838
1	 3824	 3828	 3838	 3839
1	 3838	 3824	 3839	 3831
1	 3486	 3635	 3801	 3604
1	 3824	 3826	 3828	 3822
1	 3462	 3527	 3528	 4446
1	 3721	 3816	 4447	 3527
1	 3797	 3821	 3823	 3841
1	 3780	 3779	 3804	 2367
1	 3675	 3736	 3737	 3842
1	 3730	 3783	 2357	 2390
1	 2390	 2290	 3730	 3198
1	 3486	 2290	 3198	 3730
1	 3730	 3783	 2390	 3801
1	 2390	 2357	 2549	 3783
1	 3730	 2290	 2390	 2357
1	 3730	 3801	 3778	 3783
1	 3763	 3790	 3797	 3785
1	 3641	 3691	 3721	 3843
1	 3641	 3691	 3843	 3722
1	 3704	 3808	 3809	 3815
1	 3808	 3704	 3715	 3815
1	 3617	 3633	 3770	 3844
1	 4340	 3844	 3979	 3633
1	 3691	 3527	 3721	 3840
1	 3741	 3745	 3749	 3287
1	 3754	 3787	 3805	 3646
1	 3754	 3646	 3751	 3787
1	 3720	 3761	 3764	 3803
1	 3754	 3752	 3758	 4978
1	 3752	 3758	 3845	 3514
1	 3752	 3758	 3514	 3484
1	 3752	 3646	 3754	 3758
1	 1883	 1869	 3758	 3514
1	 3514	 1973	 3484	 1883
1	 1869	 1883	 1973	 3514
1	 3484	 3758	 1883	 3677
1	 3677	 3484	 2059	 1883
1	 3763	 3759	 3785	 3761
1	 3761	 3760	 3764	 3846
1	 3761	 3760	 3846	 3763
1	 3764	 3761	 3846	 3847
1	 3761	 3846	 3847	 3848
1	 3847	 3761	 3848	 3849
1	 3761	 3846	 3848	 3763
1	 3846	 3848	 3763	 3799
1	 3763	 3797	 3799	 3848
1	 3846	 3848	 3799	 3850
1	 3799	 3846	 3850	 3851
1	 3799	 3846	 3851	 3852
1	 3799	 3846	 3852	 3763
1	 3760	 3846	 3763	 3852
1	 3760	 3763	 3674	 3852
1	 3674	 3760	 3852	 3853
1	 3852	 3674	 3853	 3854
1	 3852	 3674	 3854	 3855
1	 3799	 3763	 3855	 3791
1	 3674	 3760	 3853	 3673
1	 3760	 3673	 3666	 3853
1	 3760	 3852	 3853	 3846
1	 3674	 3853	 3854	 3628
1	 3853	 3674	 3673	 3628
1	 3673	 3666	 3853	 3628
1	 3853	 3852	 3854	 3851
1	 3852	 3853	 3846	 3851
1	 3674	 3854	 3855	 3412
1	 3854	 3852	 3855	 3851
1	 3761	 3848	 3849	 3856
1	 3849	 3761	 3856	 3765
1	 3761	 3765	 3785	 3856
1	 3846	 3764	 3847	 3857
1	 3846	 3847	 3848	 3850
1	 3846	 3764	 3857	 3853
1	 3857	 3846	 3853	 3851
1	 3853	 3760	 3846	 3764
1	 3857	 3847	 3846	 4385
1	 4391	 3857	 3847	 3764
1	 3827	 3833	 3837	 3828
1	 3691	 3721	 3843	 3858
1	 2328	 3117	 2327	 3843
1	 2327	 2170	 2196	 3858
1	 2170	 2196	 3858	 2147
1	 2328	 3117	 3843	 2273
1	 4451	 3721	 3840	 3691
1	 3770	 3764	 3720	 3760
1	 3853	 3666	 3760	 3770
1	 3764	 3761	 3847	 3803
1	 3721	 3843	 3858	 2327
1	 3826	 3818	 3829	 3815
1	 3721	 3641	 3843	 3859
1	 3860	 3859	 3117	 3641
1	 3843	 3117	 3641	 3722
1	 3843	 3859	 3117	 2327
1	 3843	 3859	 2327	 3721
1	 3594	 3728	 3788	 3592
1	 3848	 3847	 3849	 3861
1	 3849	 3848	 3861	 3841
1	 3850	 4385	 3847	 4172
1	 3779	 3782	 3820	 3862
1	 3847	 3849	 3861	 3863
1	 3848	 3849	 3856	 3841
1	 3856	 3848	 3841	 3797
1	 3826	 3835	 3836	 3815
1	 3826	 3835	 3815	 3829
1	 3678	 3656	 3723	 3864
1	 3656	 3723	 3864	 3865
1	 3678	 3656	 3864	 2255
1	 3678	 3656	 2255	 3529
1	 3723	 3864	 3865	 3866
1	 3864	 3865	 3866	 3867
1	 3865	 3723	 3866	 3868
1	 3866	 3865	 3868	 3869
1	 3868	 3866	 3869	 3870
1	 3866	 3865	 3869	 3867
1	 3865	 3868	 3869	 3871
1	 3723	 3866	 3868	 3872
1	 3865	 3723	 3868	 3653
1	 3865	 3723	 3653	 3656
1	 3723	 3864	 3866	 3873
1	 3864	 3866	 3873	 3874
1	 3866	 3723	 3873	 3872
1	 3864	 3866	 3874	 3867
1	 3723	 3864	 3873	 3678
1	 4356	 4982	 3866	 3870
1	 3761	 3848	 3856	 3763
1	 3785	 3763	 3761	 3856
1	 3848	 3856	 3763	 3797
1	 3797	 3763	 3785	 3856
1	 3676	 3678	 3723	 3876
1	 3723	 3676	 3876	 3650
1	 3676	 3678	 3876	 3532
1	 3529	 3480	 2267	 3532
1	 3532	 3529	 3676	 3678
1	 3793	 3726	 3795	 3731
1	 3827	 3824	 3838	 3830
1	 3824	 3838	 3830	 3831
1	 3737	 3675	 3842	 3877
1	 3737	 3675	 3877	 3735
1	 3596	 3706	 3741	 3774
1	 3774	 3741	 3790	 3706
1	 3726	 3591	 3727	 3878
1	 3591	 3727	 3878	 3879
1	 3591	 3727	 3879	 3595
1	 3726	 3591	 3878	 3583
1	 3727	 3878	 3879	 3880
1	 3879	 3727	 3880	 3881
1	 3727	 3878	 3880	 3794
1	 3794	 3726	 3727	 3878
1	 3879	 3727	 3881	 3595
1	 3880	 3879	 3881	 3882
1	 3727	 3880	 3881	 3883
1	 3727	 3880	 3883	 3794
1	 3811	 3794	 3727	 3883
1	 3887	 3881	 3884	 3880
1	 3880	 3881	 3884	 3882
1	 3880	 3883	 3885	 3887
1	 3883	 3880	 3885	 3794
1	 3811	 3601	 3794	 3649
1	 3649	 3683	 3885	 3811
1	 3683	 3649	 3601	 3811
1	 3811	 3794	 3885	 3649
1	 3885	 3883	 3794	 3811
1	 3884	 3886	 3890	 3880
1	 3883	 3881	 3887	 3880
1	 3883	 3885	 3887	 3683
1	 3811	 3684	 3683	 3883
1	 3885	 3883	 3811	 3683
1	 3811	 3684	 3883	 3727
1	 3887	 3883	 3683	 3684
1	 3651	 3683	 3684	 3887
1	 3881	 3684	 3883	 3887
1	 3880	 3887	 3885	 3890
1	 3651	 3683	 3887	 3889
1	 3651	 3613	 3683	 3889
1	 3683	 3887	 3889	 3885
1	 3886	 3885	 3890	 3880
1	 3684	 3651	 3887	 3891
1	 3651	 4426	 3887	 3891
1	 3884	 3887	 3890	 3892
1	 3884	 3887	 3888	 3881
1	 3887	 3885	 3890	 3889
1	 3881	 3727	 3883	 3684
1	 3884	 3887	 3880	 3890
1	 3684	 3881	 3888	 3887
1	 3878	 3591	 3879	 3893
1	 3878	 3879	 3880	 3894
1	 3878	 3591	 3893	 3583
1	 3878	 3879	 3894	 3893
1	 3880	 3878	 3894	 3870
1	 3878	 3880	 3794	 3870
1	 3880	 3885	 3794	 3870
1	 3880	 3885	 3870	 3886
1	 3879	 3880	 3894	 3882
1	 3879	 3881	 3882	 3895
1	 3879	 3881	 3895	 3595
1	 3895	 3896	 4967	 3879
1	 3881	 3882	 3895	 3897
1	 3879	 3895	 3896	 3898
1	 3879	 3895	 3898	 3595
1	 3895	 3896	 3898	 3341
1	 3896	 3879	 3898	 3893
1	 3671	 3638	 3672	 3800
1	 3669	 3714	 3638	 3800
1	 3672	 4058	 3671	 3800
1	 3847	 3761	 3849	 3803
1	 3655	 3596	 3741	 3535
1	 3734	 3671	 3735	 3800
1	 3869	 3870	 3875	 3878
1	 3678	 3723	 3876	 3873
1	 3828	 3827	 3838	 3837
1	 3782	 3781	 3820	 3899
1	 3820	 3782	 3899	 3900
1	 3781	 3779	 3820	 3804
1	 3899	 3820	 3900	 3901
1	 3919	 3901	 3899	 3920
1	 3644	 3525	 3645	 3197
1	 3781	 3782	 3817	 3899
1	 3830	 3823	 3831	 3903
1	 3830	 3823	 3903	 3904
1	 3823	 3903	 3904	 3905
1	 3823	 3831	 3903	 3841
1	 3823	 3903	 3905	 3841
1	 3848	 3861	 3841	 3905
1	 3903	 3830	 3904	 3906
1	 3830	 3823	 3904	 3825
1	 3904	 3830	 3825	 3817
1	 3903	 3830	 3906	 3907
1	 3906	 3903	 3907	 3908
1	 3903	 3907	 3908	 3909
1	 3903	 3907	 3909	 3831
1	 3908	 3903	 3909	 3910
1	 3903	 3909	 3910	 3911
1	 3907	 3908	 3909	 3912
1	 3909	 3910	 3911	 3913
1	 3912	 3909	 3914	 4129
1	 3908	 3903	 3910	 3915
1	 3903	 3910	 3915	 3905
1	 3908	 3903	 3915	 3906
1	 3910	 3908	 3915	 3916
1	 4965	 3917	 3908	 3907
1	 3906	 3907	 3918	 4965
1	 3919	 3917	 4965	 3918
1	 3907	 3906	 3918	 3830
1	 3917	 3919	 3920	 3921
1	 3919	 3920	 3921	 3901
1	 3920	 3921	 3901	 3922
1	 3901	 3920	 3922	 3923
1	 3901	 3920	 3923	 3900
1	 3920	 3899	 4965	 3902
1	 3921	 3919	 3901	 3924
1	 3919	 3901	 4969	 3899
1	 4201	 3923	 3862	 3820
1	 3917	 3919	 3921	 3925
1	 3920	 3917	 3921	 3926
1	 3917	 3921	 3926	 3927
1	 3920	 3917	 3926	 3908
1	 3917	 3919	 3925	 3918
1	 3921	 3920	 3926	 3922
1	 3915	 3908	 3906	 3902
1	 3915	 3908	 3902	 3916
1	 3917	 3907	 3918	 3928
1	 3908	 3907	 3917	 3912
1	 3917	 3907	 3928	 3912
1	 3907	 3918	 3928	 3929
1	 3907	 3918	 3929	 3830
1	 3928	 3907	 3929	 3930
1	 3918	 3917	 3928	 3925
1	 3918	 3928	 3929	 3931
1	 3928	 3929	 3931	 3932
1	 3929	 3918	 3931	 3933
1	 3918	 3931	 3933	 3934
1	 3931	 3933	 3934	 3935
1	 3931	 3933	 3935	 3936
1	 3934	 3931	 3935	 3937
1	 3931	 3933	 3936	 3929
1	 3934	 3931	 3937	 3925
1	 3928	 3918	 3925	 3931
1	 3918	 3925	 3931	 3934
1	 3935	 3980	 4117	 3934
1	 3933	 3936	 3929	 3838
1	 3827	 3838	 3837	 3933
1	 3837	 3827	 3933	 3834
1	 3928	 3929	 3932	 3930
1	 3934	 3933	 3938	 4117
1	 3933	 3837	 3834	 3938
1	 3837	 3933	 3936	 4117
1	 3936	 3933	 3837	 3838
1	 3931	 3928	 3932	 3939
1	 3928	 3932	 3939	 3940
1	 3928	 3932	 3940	 3930
1	 3939	 3928	 3940	 3941
1	 3939	 3928	 3941	 3925
1	 3925	 3928	 3931	 3939
1	 3931	 3925	 3939	 3937
1	 3928	 3940	 3941	 3942
1	 3940	 3941	 3942	 3943
1	 3928	 3940	 3942	 3930
1	 3927	 3941	 3942	 3928
1	 3940	 3939	 3941	 3944
1	 3932	 3939	 3940	 3945
1	 3940	 3932	 3945	 3946
1	 3932	 3939	 3945	 3947
1	 3945	 3932	 3947	 3948
1	 3932	 3939	 3947	 3931
1	 3939	 3945	 3947	 3344
1	 3940	 3939	 3944	 3945
1	 3939	 3945	 3344	 3944
1	 3945	 3940	 3946	 3949
1	 3945	 3940	 3949	 3944
1	 3940	 3946	 3949	 3950
1	 3946	 3949	 3950	 3951
1	 3946	 3945	 3949	 3952
1	 3949	 3946	 3952	 3951
1	 3945	 3949	 3952	 3953
1	 3945	 3949	 3953	 3944
1	 3953	 3945	 3944	 3344
1	 3949	 3952	 3953	 3954
1	 3952	 3945	 3953	 3955
1	 3945	 3953	 3955	 3344
1	 3952	 3945	 3955	 3948
1	 3953	 3952	 3955	 3956
1	 3952	 3955	 3956	 3957
1	 3950	 3946	 3951	 3958
1	 3951	 3950	 3958	 3959
1	 3952	 3955	 3957	 3948
1	 3956	 3952	 3957	 3960
1	 3956	 3952	 3960	 3954
1	 3946	 3945	 3952	 3948
1	 3955	 3956	 3957	 3158
1	 2360	 2268	 3955	 2394
1	 3956	 3957	 3158	 2146
1	 3957	 3955	 3158	 3961
1	 3158	 3957	 3961	 2269
1	 3957	 3158	 2146	 2269
1	 3932	 3945	 3946	 3948
1	 3940	 3932	 3946	 3930
1	 3956	 3955	 3953	 2360
1	 3953	 2467	 2394	 2358
1	 3953	 3952	 3956	 3954
1	 3941	 3940	 3944	 3943
1	 3939	 3941	 3944	 3018
1	 3949	 3950	 3951	 3962
1	 3929	 3931	 3932	 3936
1	 3903	 3830	 3907	 3831
1	 3782	 3775	 3817	 3778
1	 3903	 3904	 3905	 3915
1	 3926	 3917	 3927	 3912
1	 3912	 3928	 3927	 3942
1	 3912	 3927	 3928	 3917
1	 3917	 3926	 3908	 3912
1	 3823	 3824	 3831	 3821
1	 3775	 3777	 3778	 3782
1	 4076	 3729	 3684	 3811
1	 3588	 3594	 3595	 3963
1	 3588	 3594	 3963	 3592
1	 3595	 3588	 3963	 3625
1	 4129	 3909	 3910	 3908
1	 3594	 3595	 3963	 3964
1	 3595	 3963	 3964	 3965
1	 3595	 3963	 3965	 3625
1	 3963	 3594	 3964	 3788
1	 3733	 3574	 3639	 2630
1	 3445	 2630	 3639	 3574
1	 2630	 3639	 3733	 3740
1	 3594	 3595	 3964	 3727
1	 3781	 3780	 3804	 3966
1	 3781	 3780	 3966	 3682
1	 3780	 3966	 3682	 3681
1	 3780	 3804	 3966	 3061
1	 3966	 3780	 3061	 3681
1	 4427	 3887	 3888	 3884
1	 3804	 3781	 3966	 3967
1	 3904	 3905	 4377	 3823
1	 3825	 3819	 3823	 4377
1	 3952	 3957	 3960	 3968
1	 3960	 3952	 3968	 3969
1	 3952	 3968	 3969	 3970
1	 3952	 3946	 3948	 3970
1	 3946	 3952	 3951	 3970
1	 3952	 3951	 3970	 3969
1	 3946	 3951	 3958	 3970
1	 3952	 3968	 3970	 3948
1	 3952	 3968	 3948	 3957
1	 3968	 3960	 3969	 2386
1	 3969	 3968	 2386	 2447
1	 3968	 3969	 3970	 2447
1	 2386	 2335	 2447	 3968
1	 3970	 3968	 2447	 2287
1	 2335	 2447	 3968	 2287
1	 2287	 2438	 2463	 3970
1	 2447	 3970	 2287	 2463
1	 3951	 3958	 3970	 2463
1	 3968	 3970	 3948	 2287
1	 2335	 2372	 4931	 3968
1	 2463	 3969	 3970	 3951
1	 2463	 3970	 3969	 2447
1	 2447	 3969	 2463	 2458
1	 2463	 4778	 3969	 3951
1	 3958	 3970	 2463	 2438
1	 2485	 2463	 2438	 3958
1	 3960	 3952	 3969	 3954
1	 3951	 3958	 2463	 3959
1	 3957	 3956	 3960	 2146
1	 3949	 3940	 3950	 3943
1	 3940	 3949	 3944	 3943
1	 3940	 3946	 3950	 3930
1	 3499	 3523	 3524	 3842
1	 3499	 3523	 3842	 3309
1	 3703	 3499	 3524	 3842
1	 3958	 3946	 3970	 3971
1	 3958	 3970	 2438	 3971
1	 3946	 4775	 3970	 3971
1	 3942	 3940	 3943	 3950
1	 3950	 3940	 3930	 3942
1	 3654	 3524	 3448	 3523
1	 3753	 3756	 3787	 3972
1	 3787	 3753	 3972	 3177
1	 3753	 3751	 3177	 3787
1	 3753	 3756	 3972	 3771
1	 2630	 3332	 3479	 3740
1	 3639	 2630	 3479	 3740
1	 3738	 3332	 3740	 3479
1	 3740	 3639	 3738	 3479
1	 3756	 3787	 3972	 3973
1	 3972	 3756	 3973	 3051
1	 3756	 3972	 3771	 3051
1	 3787	 3972	 3973	 3094
1	 3972	 3973	 3094	 1737
1	 3972	 3973	 1737	 3051
1	 1737	 4723	 3051	 1703
1	 1610	 1541	 1737	 3973
1	 3973	 3787	 3094	 3974
1	 3787	 3094	 3974	 3717
1	 3813	 3284	 1478	 3974
1	 3094	 3177	 3715	 3787
1	 3646	 3715	 3787	 3717
1	 3717	 3094	 3715	 3787
1	 3094	 3974	 3717	 3810
1	 3717	 3813	 3810	 3974
1	 3974	 3787	 3717	 3805
1	 3805	 3787	 3717	 3646
1	 3974	 3787	 3805	 3756
1	 3756	 3754	 3787	 3805
1	 3717	 3094	 3810	 3808
1	 3799	 3855	 3763	 3852
1	 3774	 3674	 3763	 3855
1	 3178	 4416	 3523	 3733
1	 3599	 3473	 3574	 4416
1	 3574	 3789	 3637	 3599
1	 3523	 3789	 3877	 3675
1	 3675	 3733	 3842	 3523
1	 3736	 3737	 3842	 3703
1	 3739	 3737	 3736	 3701
1	 3786	 3701	 3739	 3736
1	 3700	 3703	 3524	 3737
1	 3703	 3524	 3737	 3842
1	 3524	 3737	 3842	 3877
1	 3701	 3700	 3567	 3737
1	 3692	 3701	 3737	 3739
1	 3739	 3734	 3737	 3692
1	 3692	 3699	 3737	 3567
1	 3737	 3701	 3700	 3703
1	 3739	 3629	 4960	 3701
1	 3739	 3734	 3692	 3667
1	 3669	 3662	 3661	 4960
1	 3669	 3663	 3662	 3636
1	 3692	 3669	 3667	 3734
1	 3692	 3669	 3734	 3800
1	 3800	 3692	 3669	 4961
1	 3479	 3734	 3667	 3669
1	 3666	 3636	 3667	 3662
1	 4081	 3789	 3654	 3523
1	 3789	 3574	 3733	 4416
1	 3523	 3524	 3842	 3877
1	 3877	 3842	 3523	 3675
1	 3877	 3789	 3523	 3654
1	 3789	 3733	 3675	 3523
1	 3866	 3868	 3872	 3870
1	 3950	 3946	 3958	 3930
1	 3946	 3958	 3930	 3971
1	 3641	 3487	 3690	 3518
1	 3919	 3921	 3925	 3924
1	 3935	 3931	 3936	 3947
1	 3902	 3899	 3906	 3915
1	 3899	 3902	 3900	 3915
1	 3903	 3904	 3915	 3906
1	 3904	 3900	 3915	 3899
1	 4016	 3890	 3889	 3887
1	 3931	 3935	 3937	 3947
1	 3937	 3931	 3947	 3939
1	 3910	 3903	 3911	 3905
1	 3903	 3905	 3841	 3911
1	 4978	 3045	 3755	 3752
1	 3045	 1482	 3975	 1562
1	 3975	 3045	 1562	 1641
1	 3045	 1562	 1641	 1699
1	 3755	 3045	 3757	 3752
1	 3515	 3710	 3711	 3237
1	 3950	 3951	 3962	 3959
1	 3845	 3758	 3045	 1869
1	 3710	 3533	 3711	 3506
1	 3675	 3736	 3842	 3733
1	 3907	 3929	 3930	 3831
1	 3929	 3907	 3830	 3831
1	 3830	 3929	 3831	 3838
1	 3847	 3849	 3863	 3803
1	 3921	 3917	 3925	 3927
1	 3928	 3907	 3930	 3912
1	 3942	 3928	 3930	 3912
1	 3756	 3787	 3973	 3974
1	 3341	 3896	 4967	 3895
1	 3894	 3879	 3882	 4967
1	 3879	 3896	 3894	 3893
1	 3687	 3517	 3725	 3641
1	 3725	 3687	 3641	 3859
1	 3721	 3641	 3859	 3725
1	 3725	 3687	 3859	 3976
1	 3859	 3725	 3976	 2327
1	 3859	 2327	 3721	 3725
1	 3687	 3859	 3976	 3977
1	 3687	 3859	 3977	 3709
1	 3976	 3687	 3977	 3806
1	 3859	 3976	 3977	 2389
1	 3976	 3859	 2327	 2389
1	 3117	 2389	 2327	 3859
1	 3725	 3687	 3976	 3724
1	 3804	 3781	 3967	 3820
1	 3924	 3919	 3967	 3925
1	 3758	 3845	 3514	 1869
1	 3758	 3514	 3484	 1883
1	 3633	 3770	 3844	 3978
1	 3844	 3633	 3978	 3979
1	 3770	 3617	 3844	 3764
1	 3935	 3934	 3937	 3980
1	 3934	 3937	 3980	 3981
1	 3935	 3933	 3934	 4117
1	 3903	 3909	 3911	 3831
1	 3831	 3903	 3841	 3911
1	 3890	 3884	 3892	 3982
1	 3884	 3892	 3982	 3983
1	 3897	 3882	 4396	 3884
1	 3983	 3884	 3892	 4427
1	 3890	 3884	 3982	 3886
1	 3892	 3982	 3983	 3984
1	 3937	 3935	 3980	 3985
1	 3980	 3937	 3985	 3986
1	 3980	 3937	 3986	 3981
1	 3985	 3980	 3986	 3987
1	 3985	 3980	 3987	 3988
1	 4117	 3980	 3935	 3985
1	 3987	 3985	 3988	 3989
1	 3980	 3986	 3987	 3990
1	 3986	 3987	 3990	 3991
1	 3980	 3986	 3990	 3981
1	 3986	 3987	 3991	 3221
1	 3987	 3991	 3221	 3992
1	 3221	 3987	 3992	 3993
1	 3221	 3987	 3993	 3989
1	 3991	 3221	 3992	 2096
1	 3991	 3221	 2096	 2164
1	 2200	 3221	 4010	 3991
1	 3987	 3992	 3993	 3994
1	 3993	 3987	 3994	 3988
1	 3988	 3987	 3989	 3993
1	 3992	 3221	 3993	 3995
1	 2088	 3221	 2096	 3995
1	 3221	 3992	 2096	 3995
1	 3221	 3993	 3995	 3996
1	 3995	 3221	 3996	 2088
1	 1856	 2081	 2088	 3996
1	 2088	 1856	 3996	 3995
1	 1917	 1856	 2088	 3995
1	 2088	 2081	 2174	 3996
1	 3221	 2088	 2174	 3996
1	 3993	 3996	 4812	 3995
1	 3221	 3993	 3996	 3989
1	 4812	 3989	 3997	 3996
1	 3993	 3989	 3988	 4812
1	 3998	 4812	 3995	 3992
1	 3992	 3995	 3998	 1917
1	 1856	 3995	 3998	 4812
1	 1917	 1856	 3995	 3998
1	 1917	 1700	 1856	 3998
1	 3994	 3992	 3993	 4812
1	 3987	 3992	 3994	 3999
1	 3987	 3992	 3999	 3991
1	 3999	 3987	 3991	 3990
1	 3992	 3994	 3999	 4000
1	 3999	 3992	 4000	 3083
1	 3988	 4003	 4004	 3994
1	 3987	 3980	 3990	 3999
1	 3994	 3999	 4000	 4001
1	 3999	 4000	 4001	 3083
1	 3980	 3988	 4004	 3987
1	 3992	 3994	 4000	 3998
1	 4000	 3994	 4001	 4002
1	 4001	 4000	 4002	 3415
1	 4000	 3994	 4002	 3998
1	 3994	 4001	 4002	 4003
1	 4004	 4003	 4001	 3994
1	 3999	 3980	 4004	 3987
1	 3999	 3994	 3987	 4004
1	 4001	 4002	 4003	 3680
1	 4003	 4001	 3680	 4004
1	 3616	 3680	 3681	 4004
1	 3682	 3616	 3681	 4004
1	 3966	 3682	 3681	 4004
1	 4001	 3680	 4004	 3061
1	 3680	 2092	 2190	 4001
1	 4001	 3680	 2092	 3415
1	 4001	 4002	 3680	 3415
1	 2092	 2045	 3680	 2190
1	 2197	 2092	 4001	 2190
1	 2264	 3680	 3349	 2045
1	 2241	 2045	 2264	 3349
1	 3680	 3349	 3681	 3061
1	 3681	 3680	 3061	 4004
1	 3680	 4003	 4004	 3616
1	 4001	 3994	 3999	 4004
1	 4002	 3994	 4003	 4005
1	 3994	 4003	 4005	 3988
1	 3937	 3985	 3986	 4006
1	 3986	 3985	 3987	 3221
1	 3987	 3985	 3989	 3221
1	 3985	 3988	 3989	 4007
1	 4007	 3985	 3988	 4117
1	 3990	 3986	 3991	 4008
1	 3937	 3985	 4006	 3947
1	 3937	 3985	 3947	 3935
1	 3986	 3937	 4006	 4009
1	 3937	 4006	 4009	 3939
1	 4006	 3937	 3947	 3939
1	 3986	 3937	 4009	 3981
1	 3985	 3986	 4006	 3221
1	 4006	 3986	 4009	 4010
1	 4009	 4006	 4010	 3062
1	 3062	 2383	 2393	 4010
1	 2266	 2383	 2332	 4010
1	 2332	 2266	 4010	 2200
1	 4010	 2332	 2200	 3991
1	 3986	 4006	 3221	 4010
1	 2164	 2332	 3991	 2200
1	 3221	 3986	 4010	 3991
1	 2315	 2383	 2456	 4010
1	 3892	 3890	 3982	 4011
1	 3982	 3892	 4011	 3984
1	 3890	 3982	 4011	 4012
1	 3982	 4011	 4012	 4013
1	 3982	 4011	 4013	 3984
1	 4011	 3890	 4012	 4014
1	 4012	 4011	 4014	 4015
1	 4012	 4011	 4015	 4013
1	 4011	 3890	 4014	 4016
1	 3890	 4014	 4016	 4017
1	 4016	 3890	 4017	 3889
1	 4017	 4016	 3889	 4018
1	 3889	 4017	 4018	 4019
1	 3889	 4017	 4019	 3613
1	 4019	 3889	 3613	 3651
1	 3889	 4017	 3613	 3885
1	 3613	 3889	 3885	 3683
1	 3885	 3613	 3683	 3649
1	 4017	 4019	 3613	 4020
1	 4019	 3613	 4020	 3650
1	 3650	 3613	 3475	 4019
1	 3613	 4020	 3650	 3649
1	 3890	 4014	 4017	 4021
1	 4014	 4016	 4017	 4018
1	 4014	 4011	 4016	 4022
1	 4014	 4011	 4022	 4015
1	 4017	 3890	 4021	 3885
1	 3885	 3890	 3889	 4017
1	 3890	 4012	 4014	 4021
1	 4011	 3890	 4016	 3892
1	 4426	 3889	 3887	 4016
1	 4014	 4017	 4021	 4023
1	 4014	 4017	 4023	 4018
1	 3982	 3886	 4028	 3890
1	 3990	 3986	 4008	 3981
1	 3844	 3770	 3764	 3978
1	 4014	 4012	 4015	 4024
1	 4012	 4015	 4024	 4025
1	 4014	 4012	 4024	 4021
1	 4024	 4012	 4025	 4026
1	 4007	 4118	 3989	 4119
1	 4012	 4025	 4026	 4027
1	 4012	 4025	 4027	 4013
1	 4026	 4012	 4027	 4028
1	 3989	 3985	 4007	 4029
1	 3985	 4007	 4029	 3947
1	 3985	 4006	 3947	 4029
1	 3985	 4007	 3947	 3935
1	 4015	 4014	 4024	 4030
1	 4024	 4015	 4030	 4031
1	 4033	 4032	 4044	 4031
1	 4031	 4030	 4032	 4044
1	 4032	 1903	 1930	 4030
1	 4024	 4015	 4031	 4025
1	 4030	 4031	 4032	 1858
1	 1932	 1903	 1858	 4030
1	 1932	 1903	 4030	 1930
1	 4030	 4024	 4031	 1932
1	 1858	 1932	 4030	 4031
1	 4014	 4024	 4030	 4023
1	 4024	 4014	 4021	 4023
1	 4025	 4026	 4027	 4034
1	 4027	 4025	 4034	 4035
1	 4034	 4027	 4035	 4036
1	 4035	 4034	 4036	 4037
1	 4034	 4036	 4037	 4038
1	 4035	 4034	 4037	 4039
1	 4039	 4037	 4035	 3006
1	 4034	 4037	 4039	 4040
1	 4036	 4035	 4037	 2204
1	 4035	 4034	 4039	 4025
1	 4037	 4039	 4040	 3042
1	 4039	 4040	 3042	 4041
1	 4040	 3042	 4041	 4042
1	 4040	 3042	 4042	 4043
1	 4040	 3042	 4043	 4037
1	 4015	 4014	 4030	 4022
1	 4034	 4027	 4036	 3194
1	 4044	 4031	 4015	 4025
1	 4027	 4035	 4036	 4045
1	 4027	 4035	 4045	 4013
1	 4025	 4027	 4013	 4035
1	 2257	 2204	 2288	 4038
1	 4038	 4036	 4037	 2204
1	 3808	 3807	 3809	 4046
1	 3808	 3807	 4046	 3810
1	 3809	 3808	 4046	 4047
1	 3809	 3808	 4047	 3815
1	 3835	 3836	 3815	 4047
1	 4047	 3809	 3815	 3835
1	 3818	 3791	 3819	 3829
1	 3963	 3964	 3965	 4048
1	 3965	 3963	 4048	 4049
1	 3963	 3964	 4048	 3788
1	 3791	 3797	 3819	 3799
1	 3807	 3312	 3809	 4046
1	 3591	 3879	 3893	 3898
1	 3807	 3809	 3393	 3704
1	 3704	 3807	 3718	 3393
1	 3941	 3942	 3943	 3927
1	 3797	 3799	 3848	 3819
1	 3672	 3627	 3732	 4050
1	 3627	 3732	 4050	 4051
1	 4050	 3627	 4051	 2873
1	 3672	 3627	 4050	 3670
1	 3627	 4050	 3670	 2873
1	 2879	 2873	 3627	 3670
1	 4050	 2895	 2873	 4051
1	 2873	 2883	 2864	 4051
1	 3868	 3869	 3871	 3794
1	 3869	 3871	 3794	 3795
1	 3649	 3607	 3794	 3868
1	 3868	 3869	 3794	 3870
1	 3794	 3878	 3870	 3869
1	 3869	 3871	 3795	 4052
1	 3871	 3795	 4052	 4053
1	 3871	 3795	 4053	 3793
1	 3794	 3793	 3871	 3607
1	 3732	 3672	 4050	 4054
1	 3672	 4050	 4054	 4055
1	 4054	 3672	 4055	 4056
1	 3672	 4050	 4055	 3670
1	 4050	 4054	 4055	 4057
1	 4054	 3672	 4056	 4058
1	 4054	 3672	 4058	 3732
1	 3800	 3672	 4058	 4056
1	 4056	 4054	 4058	 4059
1	 4050	 3732	 4054	 4060
1	 4054	 4050	 4060	 4057
1	 3672	 4055	 4056	 4061
1	 3672	 4055	 4061	 3670
1	 3638	 3714	 4061	 3672
1	 4055	 4054	 4056	 4062
1	 4055	 4054	 4062	 4057
1	 4055	 4056	 4061	 4063
1	 4031	 4015	 4030	 4044
1	 3964	 3965	 4048	 4064
1	 3965	 4048	 4064	 4065
1	 3965	 4048	 4065	 4049
1	 4048	 3964	 4064	 4066
1	 4064	 4048	 4066	 4067
1	 4048	 4066	 4067	 4068
1	 4067	 4048	 4068	 4069
1	 4048	 4066	 4068	 3788
1	 3964	 4048	 3788	 4066
1	 4066	 4067	 4068	 4070
1	 4064	 4048	 4067	 4065
1	 4066	 4064	 4067	 4071
1	 4064	 4067	 4071	 4072
1	 4066	 4067	 4070	 4071
1	 4064	 4067	 4072	 4065
1	 4071	 4064	 4072	 4073
1	 4072	 4067	 4071	 3202
1	 4067	 4070	 4071	 3202
1	 4067	 4070	 3202	 2582
1	 2500	 2475	 4422	 4070
1	 2582	 2500	 2534	 4070
1	 4048	 4068	 4069	 4074
1	 4048	 4068	 4074	 3788
1	 4067	 4068	 4070	 2640
1	 4067	 4070	 2582	 2640
1	 2582	 4067	 2640	 2633
1	 4068	 4066	 4070	 4075
1	 4068	 4066	 4075	 3788
1	 4066	 4070	 4075	 4076
1	 4070	 4075	 4076	 4077
1	 2500	 2534	 4070	 4077
1	 2500	 2466	 2534	 4077
1	 2466	 2534	 4077	 2566
1	 4079	 2534	 4077	 4075
1	 4070	 2587	 4075	 2534
1	 2534	 4070	 2587	 2582
1	 4070	 2582	 2640	 2587
1	 2640	 4070	 2587	 4068
1	 4070	 2587	 4068	 4075
1	 4066	 4070	 4076	 4071
1	 3788	 4075	 4082	 4076
1	 4066	 3729	 4076	 3788
1	 3788	 4066	 3729	 3964
1	 3594	 3964	 3788	 3729
1	 3964	 3594	 3727	 3729
1	 4070	 4425	 4077	 4076
1	 4075	 4076	 4077	 4078
1	 4077	 4075	 4078	 4079
1	 4078	 4077	 4079	 3447
1	 3469	 3447	 3488	 4078
1	 3447	 3469	 2581	 4079
1	 3447	 3469	 4079	 4078
1	 4077	 4070	 4075	 2534
1	 4075	 4078	 4079	 4080
1	 4078	 4079	 4080	 3469
1	 4080	 4078	 3469	 3812
1	 3469	 3488	 3812	 4078
1	 3469	 4080	 3812	 4081
1	 3812	 3469	 4081	 3448
1	 3488	 3469	 3812	 3367
1	 3476	 3654	 3448	 3812
1	 3654	 3448	 3812	 4081
1	 3812	 3654	 4081	 3798
1	 4081	 3812	 3798	 4080
1	 3812	 3798	 4080	 4082
1	 3812	 3798	 4082	 3796
1	 3796	 3729	 3798	 4082
1	 4076	 4075	 4066	 3788
1	 4075	 4078	 4080	 4082
1	 4080	 4078	 3812	 4082
1	 3796	 3812	 3488	 4082
1	 3488	 3812	 4078	 4082
1	 3729	 3811	 4076	 3488
1	 3798	 4080	 4082	 3788
1	 3729	 3788	 4082	 4076
1	 4075	 3788	 4082	 4080
1	 3788	 3729	 4082	 3798
1	 3469	 4415	 4080	 4081
1	 4079	 4075	 4080	 4083
1	 4075	 4076	 4078	 4082
1	 4076	 4078	 4082	 3488
1	 3447	 4425	 3488	 4078
1	 4425	 4423	 3337	 3488
1	 4078	 4077	 3447	 4425
1	 4068	 4069	 4074	 4084
1	 4069	 4048	 4074	 4049
1	 4069	 4074	 4084	 4085
1	 4072	 4071	 4073	 4086
1	 3964	 4064	 4066	 4087
1	 4064	 4066	 4087	 4071
1	 4066	 3964	 4087	 3729
1	 4066	 4076	 3729	 4087
1	 3727	 3964	 3729	 4087
1	 4076	 4066	 4071	 4087
1	 4064	 3888	 4073	 4071
1	 3964	 4064	 4087	 4088
1	 4064	 4072	 4073	 4089
1	 3964	 3965	 4064	 4088
1	 4064	 3965	 4065	 4089
1	 4003	 4002	 4005	 4090
1	 4005	 4003	 4090	 4091
1	 4118	 4112	 3988	 4003
1	 4003	 4002	 4090	 3680
1	 4812	 3994	 3998	 4002
1	 3964	 3595	 3965	 4088
1	 4002	 4005	 4090	 4092
1	 4005	 4090	 4092	 4093
1	 1697	 1712	 1797	 4093
1	 4093	 4090	 4092	 1797
1	 1697	 4090	 1797	 1734
1	 4090	 4092	 1797	 4002
1	 4005	 4090	 4093	 4091
1	 4811	 4812	 4093	 4791
1	 3712	 3686	 3713	 4094
1	 3712	 3686	 4094	 3358
1	 3713	 3712	 4094	 4095
1	 3712	 4094	 4095	 3435
1	 3143	 2384	 3712	 3713
1	 4094	 3713	 4095	 4096
1	 4092	 4002	 4005	 4812
1	 3686	 3713	 4094	 4097
1	 4097	 3283	 4098	 4094
1	 4094	 3358	 3686	 3283
1	 3686	 3283	 4097	 4094
1	 3358	 2294	 3283	 4098
1	 3358	 3283	 2294	 2278
1	 3283	 2294	 2404	 4098
1	 3358	 4094	 4098	 3283
1	 4366	 3713	 3707	 3686
1	 3283	 3141	 3518	 3707
1	 3518	 3283	 3707	 3686
1	 3686	 3685	 3713	 3707
1	 3686	 3283	 3707	 4366
1	 4097	 4094	 4098	 4099
1	 4094	 4098	 4099	 4100
1	 4099	 2414	 2359	 4098
1	 2294	 4098	 4100	 2359
1	 4099	 2359	 4100	 4098
1	 2294	 2324	 2359	 4100
1	 3378	 2294	 4100	 2324
1	 3054	 2359	 2324	 4100
1	 4099	 4094	 4100	 4101
1	 4094	 4100	 4101	 3435
1	 4100	 4101	 3435	 3438
1	 4101	 3435	 3438	 3434
1	 4100	 4099	 4101	 3438
1	 4094	 4100	 3435	 3358
1	 4098	 4094	 3358	 4100
1	 3378	 3358	 3242	 3435
1	 3358	 3242	 3435	 2276
1	 4099	 4094	 4101	 4096
1	 4101	 4094	 3435	 4095
1	 4097	 4094	 4099	 4096
1	 2273	 3722	 3860	 3117
1	 4097	 3283	 4728	 4098
1	 4099	 2414	 4098	 4728
1	 3934	 3937	 3981	 3925
1	 3981	 3934	 3925	 3967
1	 4039	 4034	 4040	 4102
1	 4039	 4034	 4102	 4025
1	 4040	 4039	 4102	 4041
1	 4102	 4040	 4041	 4103
1	 4041	 4102	 4103	 4104
1	 4041	 4102	 4104	 4105
1	 4104	 4041	 4105	 1891
1	 1891	 1861	 1918	 4104
1	 1918	 1891	 4104	 4105
1	 1918	 1858	 1891	 4105
1	 4104	 4041	 1891	 1861
1	 4041	 3097	 1891	 1704
1	 4104	 1918	 4105	 4102
1	 4041	 4105	 1891	 4106
1	 3097	 1891	 1677	 4106
1	 1677	 3097	 4106	 4107
1	 1574	 1766	 3097	 4107
1	 1844	 1766	 1564	 4107
1	 4107	 1766	 3097	 3006
1	 1564	 1844	 4107	 3353
1	 1564	 1844	 3353	 1527
1	 4107	 1564	 3353	 1602
1	 1844	 1766	 3006	 1919
1	 1844	 3006	 4107	 3353
1	 1574	 1766	 4107	 1564
1	 4107	 1574	 1564	 1602
1	 1574	 1564	 1602	 1491
1	 4105	 1891	 4106	 1738
1	 1891	 4106	 1738	 1677
1	 4105	 1891	 1738	 1858
1	 3353	 1602	 1738	 1677
1	 4106	 1738	 1677	 3353
1	 4041	 4102	 4105	 4039
1	 3006	 3353	 4106	 4107
1	 4107	 3097	 4106	 3006
1	 1677	 3097	 4107	 1574
1	 3097	 1644	 1574	 1677
1	 4103	 4041	 4104	 1861
1	 3353	 1564	 1527	 1602
1	 1564	 1602	 1491	 1527
1	 1490	 1491	 1602	 1527
1	 1602	 1490	 1527	 1654
1	 1527	 3353	 1602	 1654
1	 4102	 4103	 4104	 4108
1	 4104	 4102	 4108	 1918
1	 4103	 4104	 4108	 1878
1	 3239	 1918	 1878	 4108
1	 1918	 1878	 4108	 4104
1	 1878	 1918	 1861	 4104
1	 4103	 4104	 1878	 1861
1	 4102	 4103	 4108	 4109
1	 1891	 4041	 4106	 3097
1	 4041	 4105	 4106	 4039
1	 4108	 4102	 4109	 4110
1	 4108	 4102	 4110	 1918
1	 4110	 4108	 1918	 3239
1	 3239	 1904	 1918	 1932
1	 4102	 4103	 4109	 4040
1	 4103	 4108	 4109	 2035
1	 2035	 2184	 2152	 4109
1	 2184	 2152	 4109	 2310
1	 4102	 4109	 4110	 4034
1	 4109	 4108	 4110	 4111
1	 4109	 4108	 4111	 2152
1	 4111	 4109	 2152	 2310
1	 2152	 4111	 2310	 2333
1	 2152	 4111	 2333	 2193
1	 4108	 4110	 4111	 3239
1	 4110	 4109	 4111	 2310
1	 4067	 4048	 4069	 4065
1	 4048	 4069	 4065	 4049
1	 4968	 3836	 3833	 3835
1	 3313	 3835	 4047	 4968
1	 3932	 3947	 3948	 3936
1	 3833	 3834	 3837	 4112
1	 3833	 3834	 4112	 3682
1	 4112	 3682	 3616	 3526
1	 3837	 3833	 4112	 4113
1	 3837	 3833	 4113	 3828
1	 4112	 3837	 4113	 4114
1	 3837	 4113	 4114	 4115
1	 4113	 4114	 4115	 4116
1	 3833	 4112	 4113	 3313
1	 4113	 4112	 4114	 3003
1	 4112	 3837	 4114	 4117
1	 3936	 3933	 3935	 4117
1	 3980	 3938	 4117	 3934
1	 3935	 3985	 4007	 4117
1	 4112	 4117	 4004	 3938
1	 4112	 4004	 3834	 3938
1	 3837	 4114	 4117	 3936
1	 3938	 3837	 4117	 3933
1	 3988	 4112	 4118	 4114
1	 4114	 4007	 4118	 3988
1	 4112	 3988	 4117	 4114
1	 3988	 3980	 4117	 3985
1	 3996	 1856	 3997	 4812
1	 4007	 4114	 4117	 3988
1	 4114	 4118	 4007	 4119
1	 4007	 4114	 4119	 4120
1	 4007	 4114	 4120	 3936
1	 4114	 4120	 3936	 4115
1	 4007	 4114	 3936	 4117
1	 4007	 3935	 4117	 3936
1	 4007	 3935	 3936	 3947
1	 4114	 4115	 4116	 4120
1	 4114	 4112	 4118	 3003
1	 4118	 4114	 3003	 4119
1	 4113	 4114	 4116	 3003
1	 4114	 4116	 3003	 4119
1	 4116	 4114	 4120	 4119
1	 4068	 4067	 4069	 2640
1	 3947	 3945	 3948	 3955
1	 4114	 3837	 4115	 3936
1	 3834	 3817	 3933	 3938
1	 3828	 3838	 4775	 3936
1	 3837	 4113	 4115	 3828
1	 4115	 3936	 3837	 3828
1	 3872	 3876	 4020	 3723
1	 3723	 3653	 3650	 3649
1	 3723	 3872	 3649	 4020
1	 3872	 3868	 3649	 3870
1	 4034	 4040	 4102	 4109
1	 3821	 3823	 3841	 3831
1	 4034	 4037	 4040	 4038
1	 4026	 4027	 4034	 3194
1	 3045	 3845	 3757	 3752
1	 4025	 4110	 4034	 4102
1	 4025	 4034	 4110	 4026
1	 4119	 4029	 3997	 3989
1	 3755	 3753	 3757	 3771
1	 3921	 3926	 3927	 4121
1	 3926	 3927	 4121	 4122
1	 3926	 3927	 4122	 3912
1	 3921	 3926	 4121	 3922
1	 3927	 4121	 4122	 4123
1	 4121	 3926	 4122	 4124
1	 3926	 4122	 4124	 4125
1	 4121	 3926	 4124	 3922
1	 2875	 3326	 4126	 4125
1	 4124	 3926	 4125	 4127
1	 4124	 3926	 4127	 3922
1	 4125	 4124	 4127	 2875
1	 4122	 4126	 4128	 3326
1	 3916	 4125	 4129	 3926
1	 3920	 3926	 4127	 3916
1	 3926	 3920	 3908	 4129
1	 3926	 3920	 4129	 3916
1	 4125	 3916	 4127	 3926
1	 3926	 4122	 4125	 3912
1	 3926	 4125	 4129	 3912
1	 3926	 3908	 3912	 4129
1	 4125	 4129	 3912	 3914
1	 3912	 3908	 3909	 4129
1	 4073	 4072	 4086	 3225
1	 4073	 4072	 3225	 4089
1	 4086	 4073	 3225	 4130
1	 4781	 3927	 3943	 4122
1	 3989	 3985	 4029	 3221
1	 3985	 4029	 3221	 4006
1	 3619	 3479	 3636	 3669
1	 3927	 3921	 4121	 4131
1	 3921	 4121	 4131	 4132
1	 4121	 3927	 4131	 4123
1	 3921	 4121	 4132	 3922
1	 4235	 3765	 3750	 3720
1	 4131	 3921	 4132	 4133
1	 4131	 3921	 4133	 3925
1	 3921	 3925	 3924	 4133
1	 4139	 3924	 4133	 3922
1	 2441	 2501	 2551	 3225
1	 4130	 2314	 2401	 4086
1	 2314	 2441	 4086	 2409
1	 2441	 3225	 4086	 2501
1	 2551	 3076	 3225	 4072
1	 3927	 3921	 4131	 3925
1	 4132	 4131	 4133	 4134
1	 4131	 4133	 4134	 4135
1	 4133	 4134	 4135	 4136
1	 4133	 4134	 4136	 4137
1	 4134	 4136	 4137	 2541
1	 4133	 4134	 4137	 4132
1	 4134	 4135	 4136	 2476
1	 2541	 2411	 2476	 4136
1	 4136	 4134	 2476	 2541
1	 4133	 4140	 4137	 4136
1	 3981	 4136	 4138	 4140
1	 4137	 4136	 4138	 3040
1	 4136	 4137	 2541	 3040
1	 4139	 4133	 4140	 4137
1	 4138	 4139	 4140	 4137
1	 4133	 4139	 4140	 3924
1	 4139	 4132	 3922	 4133
1	 4139	 4140	 3924	 3967
1	 4140	 4133	 3924	 3925
1	 4140	 3924	 3967	 3925
1	 4137	 4140	 4138	 4136
1	 4135	 4133	 4136	 3981
1	 4131	 4133	 4135	 3925
1	 4133	 4137	 4139	 4132
1	 3765	 3761	 3803	 3849
1	 4121	 4131	 4132	 4141
1	 4132	 4121	 4141	 4142
1	 4132	 4121	 4142	 3922
1	 4463	 4124	 3922	 4121
1	 4142	 4141	 3331	 4121
1	 4463	 4124	 4121	 4128
1	 4141	 4132	 4142	 4143
1	 4142	 4141	 4143	 3331
1	 4141	 4121	 4123	 3331
1	 4132	 4142	 4143	 4144
1	 4142	 4143	 4144	 4145
1	 4141	 4132	 4143	 4134
1	 4121	 4131	 4141	 4123
1	 4123	 4121	 4128	 3331
1	 4131	 4132	 4141	 4134
1	 3848	 3841	 3797	 3823
1	 3823	 3819	 3797	 3848
1	 3823	 4377	 3848	 3905
1	 3905	 3841	 3848	 3823
1	 3856	 3841	 4230	 3821
1	 3821	 3797	 3785	 3856
1	 4012	 4015	 4025	 4013
1	 3732	 4054	 4060	 4146
1	 4054	 4060	 4146	 4147
1	 3732	 4054	 4146	 4058
1	 4060	 4146	 4147	 4148
1	 4060	 4146	 4148	 4149
1	 4148	 4060	 4149	 4150
1	 4146	 4147	 4148	 4151
1	 4146	 4147	 4151	 4059
1	 4054	 4146	 4058	 4059
1	 4054	 4146	 4059	 4147
1	 4148	 4146	 4151	 4152
1	 4147	 4148	 4151	 4153
1	 4151	 4148	 4152	 3731
1	 4149	 4148	 4150	 4154
1	 4060	 4149	 4150	 4051
1	 4150	 4060	 4051	 2883
1	 4148	 4060	 4150	 4155
1	 4148	 4150	 4154	 4156
1	 4148	 4146	 4152	 4149
1	 4146	 4151	 4152	 4157
1	 4151	 4152	 4157	 4053
1	 4152	 4151	 3731	 4053
1	 4157	 4151	 4053	 4158
1	 4151	 4053	 4158	 4159
1	 4053	 4052	 4159	 3795
1	 4151	 4053	 4159	 4160
1	 4052	 3795	 4162	 4159
1	 4151	 3731	 4053	 4160
1	 4053	 3795	 4160	 3731
1	 4159	 4151	 4160	 4161
1	 4160	 4159	 4161	 4162
1	 4160	 4053	 4159	 3795
1	 4053	 4157	 4158	 4163
1	 4053	 4157	 4163	 4164
1	 4053	 4157	 4164	 4152
1	 3795	 4160	 4162	 4159
1	 4158	 3698	 4163	 4157
1	 4053	 3871	 4163	 4158
1	 4053	 4158	 4159	 4052
1	 4163	 3865	 4158	 3871
1	 4053	 4163	 3871	 4164
1	 4158	 4159	 4052	 4165
1	 4159	 4052	 4165	 4162
1	 4158	 4151	 4159	 4165
1	 4163	 3699	 3700	 4164
1	 4157	 4151	 4158	 4059
1	 4151	 4146	 4059	 4157
1	 4152	 4146	 4157	 4166
1	 4166	 4157	 3735	 4146
1	 4146	 4157	 4058	 4059
1	 4146	 3732	 4058	 3735
1	 4157	 4152	 4166	 4164
1	 4164	 4157	 3877	 4166
1	 4152	 4146	 4166	 4149
1	 4146	 4166	 4149	 3732
1	 4166	 4149	 3732	 3637
1	 4150	 4154	 4156	 4167
1	 4150	 4154	 4167	 4168
1	 4150	 4154	 4168	 4149
1	 4156	 4150	 4167	 2884
1	 4150	 4167	 2884	 2872
1	 2874	 2865	 2872	 4167
1	 4167	 2884	 2872	 2874
1	 2884	 4150	 2872	 2883
1	 4150	 2872	 2883	 4051
1	 2872	 2864	 2883	 4051
1	 4150	 4167	 2872	 4168
1	 4149	 4148	 4154	 4152
1	 4154	 4156	 4167	 3593
1	 4147	 4060	 4148	 4155
1	 4050	 3732	 4060	 4051
1	 4154	 4167	 4168	 4169
1	 4060	 3732	 4146	 4149
1	 1872	 4839	 4968	 4046
1	 4148	 4151	 4153	 3731
1	 4151	 4153	 3731	 4160
1	 4151	 4160	 4161	 4153
1	 4017	 4021	 4023	 4020
1	 3697	 2413	 3865	 3656
1	 3664	 3663	 3750	 4193
1	 3750	 3663	 3664	 3714
1	 3849	 3861	 3863	 4171
1	 3849	 3861	 4171	 3911
1	 3861	 3849	 3841	 3911
1	 3911	 3910	 3905	 3861
1	 3861	 3841	 3905	 3911
1	 3861	 4171	 3911	 3910
1	 3933	 3918	 3934	 3817
1	 3934	 3781	 3938	 3817
1	 3817	 3682	 3938	 3834
1	 3938	 3933	 3934	 3817
1	 3933	 3817	 3834	 3827
1	 3820	 3782	 3900	 3862
1	 4139	 4138	 4140	 3967
1	 3726	 3794	 3795	 3878
1	 3861	 3847	 3863	 4172
1	 3817	 3899	 3904	 3830
1	 3817	 3830	 3918	 3899
1	 3906	 3904	 3899	 3830
1	 3918	 3830	 3906	 3899
1	 4061	 4055	 4063	 4173
1	 4061	 4055	 4173	 3670
1	 4063	 4061	 4173	 4174
1	 4063	 4061	 4174	 4175
1	 4063	 4061	 4175	 4056
1	 4174	 4063	 4175	 4176
1	 4061	 4174	 4175	 3714
1	 4174	 4063	 4176	 4177
1	 4175	 4174	 4176	 4178
1	 4175	 4174	 4178	 3750
1	 4178	 4175	 3750	 3664
1	 4178	 4175	 3664	 4179
1	 4175	 3664	 4179	 3510
1	 4063	 4973	 4180	 4176
1	 4174	 4176	 4178	 4181
1	 4063	 4177	 4182	 4973
1	 4176	 4175	 4178	 4179
1	 4179	 4176	 4175	 4180
1	 4185	 4176	 4973	 4177
1	 4061	 4173	 4174	 4183
1	 4063	 4175	 4180	 4056
1	 4177	 4844	 4185	 4176
1	 4176	 4178	 4181	 4184
1	 4176	 4178	 4184	 4179
1	 4181	 4176	 4184	 4185
1	 4176	 4184	 4185	 4186
1	 4176	 4184	 4186	 4179
1	 4184	 4185	 4186	 4187
1	 4184	 4185	 4187	 4188
1	 4178	 4181	 4184	 4189
1	 4181	 4184	 4189	 4188
1	 4184	 4178	 4189	 4190
1	 4189	 4184	 4190	 4191
1	 4178	 4189	 4190	 4192
1	 4190	 4178	 4192	 4193
1	 3750	 4178	 3664	 4193
1	 4193	 3659	 3664	 3663
1	 4178	 4192	 4193	 3750
1	 4192	 4193	 3750	 3668
1	 4178	 3664	 4193	 4179
1	 4184	 4190	 4191	 4194
1	 4184	 4178	 4190	 4179
1	 4184	 4190	 4194	 4179
1	 4190	 4178	 4193	 4179
1	 4178	 4189	 4192	 4195
1	 4192	 4178	 4195	 3750
1	 4189	 4190	 4192	 4196
1	 4190	 4192	 4196	 3668
1	 4192	 4190	 4193	 3668
1	 4189	 4190	 4196	 4191
1	 4192	 4189	 4196	 4197
1	 4191	 4184	 4194	 4187
1	 4190	 4191	 4194	 4198
1	 4190	 4191	 4198	 4196
1	 4194	 4095	 4101	 4198
1	 4191	 4194	 4198	 4199
1	 4189	 4184	 4191	 4188
1	 4192	 4189	 4197	 4195
1	 4178	 4189	 4195	 4181
1	 4178	 4174	 4181	 4195
1	 4174	 4178	 3750	 4195
1	 4173	 4063	 4174	 4177
1	 4184	 4181	 4185	 4188
1	 4177	 4176	 4174	 4844
1	 4177	 4063	 4176	 4973
1	 3713	 4094	 4097	 4096
1	 4972	 4241	 3765	 3668
1	 4137	 4138	 4139	 3183
1	 4137	 4138	 3183	 3040
1	 4139	 4137	 3183	 4200
1	 3183	 4139	 4200	 4201
1	 3183	 4139	 4201	 4202
1	 3183	 4139	 4202	 4138
1	 4055	 4063	 4173	 4203
1	 2918	 4173	 4203	 4055
1	 3670	 4173	 2898	 4055
1	 4055	 4203	 2918	 4057
1	 4057	 2898	 2924	 2918
1	 2918	 2911	 2934	 4173
1	 4203	 2918	 2924	 2928
1	 2928	 2918	 2950	 4203
1	 3951	 3949	 3962	 3954
1	 3949	 3950	 3962	 3943
1	 3782	 3899	 3900	 3904
1	 4046	 3809	 4047	 3313
1	 3604	 3388	 3526	 3809
1	 3388	 3313	 3809	 3312
1	 3809	 3388	 3312	 3393
1	 3807	 3809	 3312	 3393
1	 3313	 3809	 3312	 4046
1	 3835	 3313	 4047	 3809
1	 3809	 3604	 3835	 3526
1	 3809	 3815	 3835	 3604
1	 3835	 3815	 3829	 3604
1	 4199	 4096	 4275	 4194
1	 3728	 3729	 3788	 3798
1	 4122	 4125	 4126	 3326
1	 3977	 3687	 3709	 3806
1	 4121	 4122	 4123	 4128
1	 3687	 3707	 3709	 3806
1	 4151	 4147	 4153	 4161
1	 3861	 3863	 4171	 4204
1	 4204	 4780	 4222	 3861
1	 3861	 3863	 4204	 4172
1	 3911	 3909	 3913	 4205
1	 3911	 3909	 4205	 3831
1	 3913	 3911	 4205	 4206
1	 4205	 3913	 4206	 4207
1	 4205	 3913	 4207	 4208
1	 3913	 4207	 4208	 4209
1	 3913	 4207	 4209	 4210
1	 4209	 3913	 4210	 4211
1	 3913	 4207	 4210	 4206
1	 4207	 4209	 4210	 4212
1	 4207	 4208	 4209	 4213
1	 4208	 3913	 4209	 3914
1	 4205	 3913	 4208	 3909
1	 4207	 4205	 4208	 4214
1	 4209	 4207	 4213	 4212
1	 4210	 4209	 4211	 4215
1	 4209	 2923	 2933	 4290
1	 4209	 4211	 4215	 4216
1	 4211	 4210	 4215	 4217
1	 4210	 4215	 4217	 4218
1	 4215	 4211	 4217	 4219
1	 4215	 4211	 4219	 4216
1	 4211	 4217	 4219	 4220
1	 4219	 2877	 2871	 4461
1	 4217	 4219	 2877	 2882
1	 2901	 2882	 2876	 4219
1	 4219	 4215	 4216	 2901
1	 2910	 2901	 2923	 4215
1	 2877	 2871	 2882	 4219
1	 2882	 2876	 4219	 2871
1	 2851	 4461	 4220	 2871
1	 4217	 4219	 2882	 4215
1	 4219	 4215	 2901	 2882
1	 2901	 2910	 2882	 4215
1	 4219	 2871	 4220	 4461
1	 4219	 4211	 4220	 4221
1	 4219	 4211	 4221	 4216
1	 2910	 2882	 4215	 4218
1	 2910	 2925	 2902	 4218
1	 2902	 2882	 2910	 4218
1	 4215	 4217	 4218	 2882
1	 4211	 4220	 4221	 4222
1	 4221	 4211	 4222	 4223
1	 4221	 4211	 4223	 4216
1	 4220	 4219	 4221	 2871
1	 2876	 4219	 2871	 4221
1	 2871	 2876	 4221	 2858
1	 4221	 4220	 2871	 2858
1	 4220	 2871	 2858	 2851
1	 4220	 4221	 4222	 2858
1	 4220	 4204	 4222	 4211
1	 4220	 4211	 4217	 4204
1	 4171	 3910	 3861	 4222
1	 4795	 4223	 4216	 4221
1	 4221	 4216	 2875	 2876
1	 2900	 2876	 2875	 4216
1	 2900	 2876	 4216	 2901
1	 4216	 2900	 2901	 2920
1	 4223	 4222	 3914	 4211
1	 4211	 4222	 3913	 4171
1	 4222	 3913	 4171	 3910
1	 3916	 4127	 4813	 2853
1	 4127	 2853	 3916	 2875
1	 4221	 4125	 2875	 4795
1	 2875	 4125	 4221	 3916
1	 4221	 3916	 2853	 2875
1	 3916	 4125	 4223	 3914
1	 3916	 4125	 3914	 4129
1	 4215	 4216	 2901	 2923
1	 2901	 4216	 2920	 2923
1	 4211	 4171	 4217	 4204
1	 4211	 4210	 4217	 4171
1	 4218	 4215	 2933	 4210
1	 4215	 2910	 4218	 2933
1	 2910	 2933	 2925	 4218
1	 4217	 4210	 4218	 4224
1	 4218	 4217	 4224	 4225
1	 4224	 4218	 4225	 4226
1	 4218	 4225	 4226	 2902
1	 2896	 2885	 2902	 4225
1	 2885	 2902	 4225	 4217
1	 2885	 2902	 4217	 2882
1	 2902	 4217	 2882	 4218
1	 4218	 4217	 4225	 2902
1	 4217	 4224	 4225	 4227
1	 4206	 4205	 4207	 4228
1	 4247	 4229	 4246	 4228
1	 4205	 4207	 4228	 4214
1	 4206	 4205	 4228	 4230
1	 4211	 4223	 4216	 4209
1	 4211	 4209	 3913	 3914
1	 4222	 3913	 3914	 4211
1	 4210	 4218	 4224	 4231
1	 4224	 4226	 4239	 4218
1	 4217	 4210	 4224	 4171
1	 4225	 4224	 4226	 4232
1	 4226	 4225	 4232	 2896
1	 4225	 4224	 4232	 4227
1	 4224	 4226	 4232	 4233
1	 4226	 4232	 4233	 4234
1	 4232	 4233	 4234	 4235
1	 4232	 4233	 4235	 3803
1	 4233	 4234	 4235	 4195
1	 4234	 4232	 4235	 4236
1	 4235	 4234	 4236	 4183
1	 4235	 4234	 4183	 4195
1	 4226	 4232	 4234	 2904
1	 4232	 4226	 2896	 2904
1	 4226	 2896	 2904	 2903
1	 4233	 4226	 4234	 4237
1	 4234	 4233	 4237	 4195
1	 4189	 4197	 4195	 4237
1	 4233	 4237	 4195	 4197
1	 4237	 4234	 4195	 4238
1	 4234	 4195	 4238	 4183
1	 4195	 4238	 4183	 4174
1	 4195	 4238	 4174	 4181
1	 4197	 4233	 4239	 4240
1	 4197	 4233	 4240	 4241
1	 4241	 4235	 4192	 4233
1	 4233	 4197	 4195	 4192
1	 4237	 4197	 4242	 4189
1	 4237	 4242	 4243	 4244
1	 4237	 4242	 4244	 4189
1	 4229	 4971	 4242	 4239
1	 4233	 4239	 4240	 4224
1	 4239	 4240	 4224	 4231
1	 4245	 4226	 4218	 4239
1	 4240	 4239	 4197	 4971
1	 4239	 4240	 4231	 4229
1	 4231	 4239	 4229	 4245
1	 4242	 4239	 4245	 4229
1	 4239	 4231	 4224	 4218
1	 4229	 4231	 4245	 4246
1	 4228	 4207	 4206	 4246
1	 4210	 4207	 4212	 4246
1	 4246	 4212	 4210	 2933
1	 4210	 4218	 4231	 4246
1	 4231	 4245	 4246	 4218
1	 4245	 4229	 4246	 4247
1	 4246	 4207	 4247	 4228
1	 4245	 4229	 4247	 4242
1	 4246	 4245	 4247	 4248
1	 4246	 4245	 4248	 2933
1	 4248	 4246	 2933	 4212
1	 4212	 4209	 4210	 2933
1	 4248	 4246	 4212	 4207
1	 4248	 4246	 4207	 4247
1	 4243	 4242	 4245	 4249
1	 4245	 4243	 4249	 4250
1	 4245	 4243	 4250	 2925
1	 4243	 4242	 4249	 4244
1	 4242	 4245	 4249	 4247
1	 4245	 4247	 4248	 4249
1	 4249	 4245	 4250	 4248
1	 4245	 4250	 4248	 2933
1	 2939	 2933	 2948	 4250
1	 4245	 4250	 2933	 2925
1	 2933	 2939	 2925	 4250
1	 2933	 4245	 2925	 4218
1	 4218	 4246	 2933	 4245
1	 4245	 2925	 4218	 4226
1	 4245	 2925	 4226	 4243
1	 4245	 4218	 4231	 4239
1	 2903	 2902	 2925	 4226
1	 2902	 2925	 4226	 4218
1	 2948	 2939	 4250	 2963
1	 4242	 4249	 4244	 4251
1	 4251	 4188	 4244	 4191
1	 4299	 4251	 2572	 4249
1	 4249	 4244	 4251	 4252
1	 4249	 4244	 4252	 2962
1	 4243	 4249	 4250	 2963
1	 4244	 4251	 4252	 4188
1	 4251	 4249	 4252	 4253
1	 4251	 4249	 4253	 2572
1	 4252	 4251	 4253	 4254
1	 4249	 4252	 4253	 4255
1	 4249	 4252	 4255	 2962
1	 4233	 4240	 4241	 3803
1	 4297	 4196	 4971	 4241
1	 4197	 4241	 4196	 4192
1	 4235	 4192	 3750	 4241
1	 3765	 4235	 3750	 4241
1	 3770	 3750	 3720	 4235
1	 4195	 4192	 4235	 4233
1	 4195	 4192	 3750	 4235
1	 4241	 4197	 4233	 4192
1	 4241	 4233	 3803	 4235
1	 3765	 3803	 4235	 4241
1	 4252	 4251	 4254	 4188
1	 4251	 4253	 4254	 2518
1	 4253	 4251	 2572	 2518
1	 4253	 4252	 4254	 4256
1	 4253	 4252	 4256	 4255
1	 4253	 4249	 4255	 4257
1	 4253	 4249	 4257	 2572
1	 4255	 4253	 4257	 4258
1	 4249	 4255	 4257	 4250
1	 4249	 4250	 2963	 4255
1	 2963	 4249	 4255	 2962
1	 2963	 4249	 2962	 4243
1	 2962	 2963	 4243	 2939
1	 4243	 2962	 2939	 2937
1	 4249	 4244	 2962	 4243
1	 4253	 4257	 4258	 2568
1	 4257	 4253	 2572	 2568
1	 4253	 2572	 2568	 2518
1	 4252	 4254	 4256	 4259
1	 4254	 4253	 4256	 4260
1	 4252	 4254	 4259	 4188
1	 4254	 4253	 4260	 2518
1	 4253	 4256	 4260	 4258
1	 4256	 4254	 4260	 4261
1	 4252	 2968	 4339	 4256
1	 4254	 4256	 4259	 4261
1	 4260	 4256	 4261	 4262
1	 4254	 4260	 4261	 4263
1	 4254	 4260	 4263	 2518
1	 4257	 4255	 4258	 4264
1	 4257	 4255	 4264	 4250
1	 4258	 4257	 4264	 4265
1	 4258	 4257	 4265	 2568
1	 4255	 4258	 4264	 4266
1	 4255	 4253	 4258	 4256
1	 4256	 4261	 4262	 4267
1	 4260	 4261	 4263	 4268
1	 4261	 4254	 4263	 4269
1	 4260	 4261	 4268	 4262
1	 4262	 4274	 4287	 4256
1	 4261	 4263	 4268	 4270
1	 4261	 4254	 4269	 4259
1	 4263	 4260	 4268	 2519
1	 4263	 4260	 2519	 2518
1	 4260	 2519	 2518	 2568
1	 4258	 4253	 2568	 4260
1	 4253	 4260	 2518	 2568
1	 4264	 4255	 4266	 2969
1	 4263	 4268	 4270	 4271
1	 4270	 4263	 4271	 4272
1	 4263	 4268	 4271	 2519
1	 4268	 4270	 4271	 4273
1	 4262	 4256	 4267	 4274
1	 4239	 4233	 4226	 4224
1	 4246	 4229	 4231	 4206
1	 4254	 4263	 4269	 4275
1	 4269	 4254	 4275	 4187
1	 4254	 4259	 4188	 4187
1	 4269	 4254	 4187	 4259
1	 4254	 4263	 4275	 2518
1	 4254	 4251	 2518	 4275
1	 4263	 4261	 4269	 4270
1	 4263	 4269	 4275	 4272
1	 4268	 4261	 4270	 4276
1	 2926	 4237	 4238	 4226
1	 2917	 2903	 2926	 4226
1	 4234	 4226	 2904	 2917
1	 4257	 4264	 4265	 4277
1	 4257	 4264	 4277	 4250
1	 4265	 4257	 4277	 2567
1	 2572	 4257	 2568	 2567
1	 4265	 4257	 2567	 2568
1	 2567	 4265	 2568	 2573
1	 4264	 4265	 4277	 4278
1	 4264	 4277	 4250	 2948
1	 2961	 2954	 2972	 4278
1	 4264	 4258	 4265	 4279
1	 4258	 4265	 4279	 4280
1	 4258	 4265	 4280	 2568
1	 4265	 4280	 2568	 2573
1	 4268	 4270	 4273	 4276
1	 4228	 4206	 4229	 4246
1	 4265	 4264	 4279	 4278
1	 4264	 4258	 4279	 4266
1	 4271	 4270	 4272	 3708
1	 4271	 4270	 3708	 4273
1	 4272	 4271	 3708	 3713
1	 4270	 4272	 3708	 4281
1	 3708	 3707	 3806	 4281
1	 4272	 3708	 4281	 3707
1	 3707	 3708	 3713	 4272
1	 4265	 4279	 4280	 4282
1	 4265	 4279	 4282	 4278
1	 4280	 4265	 4282	 2573
1	 4256	 4267	 4274	 2982
1	 4279	 4280	 4282	 4283
1	 4282	 4279	 4283	 4284
1	 4279	 4283	 4284	 2983
1	 2983	 2972	 2764	 4284
1	 4284	 2764	 2983	 2773
1	 4283	 2773	 2739	 4284
1	 2739	 2764	 2733	 4284
1	 4282	 4279	 4284	 4278
1	 4283	 4282	 4284	 3139
1	 4283	 4282	 3139	 4285
1	 4282	 3139	 4285	 3073
1	 4282	 4284	 3139	 4286
1	 3139	 4282	 4286	 3073
1	 3073	 3139	 2721	 4286
1	 4284	 2733	 2739	 3139
1	 2657	 3139	 4283	 2739
1	 4284	 4283	 3139	 2739
1	 2733	 2657	 2739	 3139
1	 2721	 2733	 2763	 4284
1	 4286	 4284	 3139	 2721
1	 2721	 2763	 4286	 4284
1	 4280	 4282	 4283	 4285
1	 4280	 4282	 4285	 2573
1	 4279	 4280	 4283	 4287
1	 4283	 4279	 4287	 2983
1	 4279	 4258	 4280	 4287
1	 4232	 4224	 4233	 3803
1	 4233	 4240	 3803	 4224
1	 4261	 4262	 4267	 4276
1	 4256	 4261	 4267	 4259
1	 4232	 4235	 4236	 3978
1	 4235	 4232	 3803	 3978
1	 3803	 4235	 3978	 3770
1	 3764	 3720	 3803	 3770
1	 3770	 3764	 3978	 3803
1	 3853	 3760	 3764	 3770
1	 3663	 3720	 3666	 3770
1	 4234	 4232	 4236	 2904
1	 4267	 4262	 4274	 3244
1	 4224	 4210	 4231	 4206
1	 4231	 4210	 4246	 4206
1	 4231	 4224	 4206	 4240
1	 4206	 4231	 4240	 4229
1	 4275	 4263	 4272	 4199
1	 2519	 4263	 2518	 2469
1	 4251	 2572	 2518	 4191
1	 4199	 4263	 4271	 2469
1	 4263	 4271	 2469	 2519
1	 4262	 4260	 4256	 4287
1	 4270	 4263	 4272	 4269
1	 4195	 4189	 4237	 4181
1	 4237	 4195	 4181	 4238
1	 4215	 4209	 4216	 2923
1	 4265	 4277	 4278	 4288
1	 2954	 4465	 4466	 4278
1	 4265	 4277	 4288	 2567
1	 4278	 4265	 4288	 4282
1	 4207	 4208	 4213	 4214
1	 4208	 4209	 4213	 4289
1	 4208	 4209	 4289	 3914
1	 4209	 4213	 4289	 4290
1	 4213	 4208	 4289	 4291
1	 4289	 4213	 4291	 4292
1	 4208	 4289	 4291	 4293
1	 4208	 4289	 4293	 3914
1	 3912	 4125	 3914	 4293
1	 4289	 4291	 4293	 4294
1	 4291	 4293	 4294	 3950
1	 4293	 4289	 4294	 4295
1	 4289	 4294	 4295	 2922
1	 4293	 4289	 4295	 3914
1	 4125	 3914	 4293	 4295
1	 4125	 3914	 4295	 4223
1	 4289	 4295	 3914	 4223
1	 4209	 3914	 4223	 4289
1	 4223	 4216	 4209	 4289
1	 4294	 4293	 4295	 4296
1	 4296	 4295	 4294	 3149
1	 4289	 4291	 4294	 4292
1	 4291	 4208	 4293	 3930
1	 4293	 4295	 4296	 4122
1	 4294	 4293	 4296	 3950
1	 4293	 4296	 3950	 3942
1	 4296	 3950	 3942	 3943
1	 4296	 3950	 3943	 3962
1	 4213	 4208	 4291	 4214
1	 4289	 4213	 4292	 4290
1	 4228	 4206	 4230	 4297
1	 4240	 4206	 4229	 4228
1	 4971	 4229	 4228	 4240
1	 4206	 4297	 4240	 3856
1	 4206	 4230	 4297	 3856
1	 3913	 3911	 4206	 4171
1	 3911	 4206	 4171	 3849
1	 4240	 4206	 3856	 3849
1	 3911	 4205	 4206	 4230
1	 4230	 4228	 4297	 4298
1	 4297	 4971	 4228	 4240
1	 4304	 4230	 3785	 4297
1	 4297	 4230	 3785	 3856
1	 3841	 3797	 3821	 3856
1	 4230	 3785	 3856	 3821
1	 4255	 4258	 4266	 4256
1	 4287	 4256	 4266	 4258
1	 4274	 4256	 2982	 4266
1	 2986	 2982	 2969	 4266
1	 4230	 4228	 4298	 4300
1	 4298	 4230	 4300	 4301
1	 4300	 4298	 4301	 4302
1	 2433	 4301	 4303	 4298
1	 4298	 2530	 2433	 4302
1	 4302	 4301	 2433	 4298
1	 4298	 2433	 2530	 2497
1	 2530	 2376	 2433	 4302
1	 2497	 4303	 2433	 2462
1	 2376	 2433	 4302	 4301
1	 4298	 2497	 4303	 2433
1	 4298	 4301	 4303	 4304
1	 4298	 4196	 4304	 4303
1	 4303	 2462	 2497	 4196
1	 4196	 4198	 4307	 2462
1	 4301	 4303	 4304	 4305
1	 4301	 4303	 4305	 4306
1	 2376	 2433	 4301	 4306
1	 4301	 4303	 4306	 2433
1	 4303	 4304	 4305	 4307
1	 4303	 4196	 4307	 2462
1	 4305	 4303	 4307	 3749
1	 4304	 4301	 4305	 3821
1	 3785	 3821	 4230	 4304
1	 3785	 4297	 4972	 4304
1	 4304	 4305	 4307	 3769
1	 3769	 3790	 3785	 4304
1	 4305	 4304	 3821	 3790
1	 3790	 3821	 3785	 4304
1	 4305	 4301	 4306	 3822
1	 4298	 4301	 4304	 4230
1	 4301	 4304	 4230	 3821
1	 4300	 4298	 4302	 2530
1	 4302	 4300	 2530	 2376
1	 4300	 4298	 2530	 4228
1	 4301	 4300	 4302	 2376
1	 4230	 4300	 4301	 4308
1	 4300	 4301	 4308	 3839
1	 4298	 4196	 4299	 4297
1	 4307	 4303	 4304	 4196
1	 4205	 4228	 4230	 4300
1	 4228	 2530	 2572	 4298
1	 4228	 2572	 4299	 4298
1	 2497	 2518	 2572	 4191
1	 4249	 2572	 4247	 4257
1	 4199	 2497	 4191	 2518
1	 4191	 2572	 4299	 4251
1	 4275	 2518	 4263	 4199
1	 4228	 4971	 4297	 4299
1	 4204	 4217	 4227	 4171
1	 4204	 4171	 4222	 4211
1	 3818	 3825	 3829	 3819
1	 3863	 3849	 4171	 4224
1	 4240	 3803	 4224	 3849
1	 3803	 4224	 3849	 3863
1	 3849	 4171	 4224	 4206
1	 4224	 3849	 4206	 4240
1	 4171	 4224	 4206	 4210
1	 4147	 4148	 4153	 4155
1	 3895	 3881	 3897	 4309
1	 3897	 3895	 4309	 4310
1	 3895	 4309	 4310	 4311
1	 4309	 3897	 4310	 4312
1	 4309	 3897	 4312	 4313
1	 3897	 4312	 4313	 3983
1	 4313	 3897	 3983	 3884
1	 3882	 3884	 3982	 4396
1	 4310	 4309	 4312	 4314
1	 3897	 4310	 4312	 4315
1	 4312	 3897	 4315	 3983
1	 3895	 4309	 4311	 3595
1	 3881	 3895	 3595	 4309
1	 3595	 3881	 4309	 4088
1	 3897	 3895	 4310	 4316
1	 3895	 4310	 4316	 3341
1	 4310	 4309	 4314	 4311
1	 3881	 4309	 4088	 4313
1	 3897	 4316	 4315	 4396
1	 4397	 4316	 4967	 3895
1	 4316	 3897	 3895	 4397
1	 4309	 4088	 4313	 4064
1	 4312	 4309	 4313	 4089
1	 4309	 4312	 4314	 4089
1	 4314	 4309	 4089	 3965
1	 4309	 3897	 4313	 3881
1	 4310	 4312	 4315	 2437
1	 2437	 2528	 2477	 4310
1	 2477	 2437	 4310	 4315
1	 2477	 2412	 2437	 4315
1	 4055	 4056	 4063	 4062
1	 4310	 3895	 4311	 3341
1	 3895	 4311	 3341	 3898
1	 3600	 3607	 3653	 4163
1	 4312	 4310	 4314	 2508
1	 4310	 4312	 2437	 2508
1	 2437	 4310	 2508	 2528
1	 3909	 3910	 3913	 3914
1	 3747	 4449	 3640	 3773
1	 4012	 3982	 4013	 4027
1	 4314	 4312	 2508	 4089
1	 3607	 3600	 3654	 4164
1	 3654	 3524	 3877	 3600
1	 3793	 3607	 3654	 4164
1	 3600	 3607	 4163	 4164
1	 4163	 3871	 4164	 3607
1	 3871	 4164	 3607	 3793
1	 3871	 4164	 3793	 4053
1	 3790	 3818	 3822	 3741
1	 4054	 4060	 4147	 4057
1	 3597	 3656	 3657	 3653
1	 3657	 3597	 3653	 3700
1	 3656	 3530	 3657	 3697
1	 3657	 3656	 3697	 3865
1	 4185	 4186	 4187	 4317
1	 4187	 4185	 4317	 4318
1	 4259	 4188	 4187	 4318
1	 4187	 4185	 4318	 4188
1	 4317	 4187	 4318	 4319
1	 4187	 4269	 4259	 4319
1	 4259	 4187	 4319	 4318
1	 4317	 4187	 4319	 4320
1	 4318	 4317	 4319	 4321
1	 4185	 4317	 4318	 4322
1	 4317	 4318	 4322	 4321
1	 4318	 4185	 4322	 4323
1	 4185	 4317	 4322	 4324
1	 4317	 4322	 4324	 4325
1	 4324	 4317	 4325	 4326
1	 4325	 4324	 4326	 4327
1	 4324	 4317	 4326	 4186
1	 4325	 4324	 4327	 4328
1	 4317	 4325	 4326	 4329
1	 4325	 4326	 4329	 4330
1	 4326	 4329	 4330	 4331
1	 4330	 4326	 4331	 4332
1	 4330	 4326	 4332	 4327
1	 4331	 4330	 4332	 2511
1	 2511	 2480	 2552	 4332
1	 2480	 2552	 4332	 4333
1	 2552	 4332	 4333	 4334
1	 2552	 4332	 4334	 2622
1	 2552	 2511	 4332	 2622
1	 2480	 2552	 4333	 2486
1	 2552	 4333	 2486	 2611
1	 2480	 3695	 2486	 4333
1	 4332	 2480	 4333	 4335
1	 4332	 2480	 4335	 4331
1	 2511	 2470	 2480	 4331
1	 4335	 4332	 4331	 4326
1	 2511	 2480	 4332	 4331
1	 2498	 4336	 4727	 2470
1	 2480	 4333	 4335	 3695
1	 2486	 3695	 2480	 3054
1	 4332	 4327	 4326	 4333
1	 4333	 4332	 4327	 4334
1	 4327	 4333	 4444	 4326
1	 4333	 2552	 4334	 2611
1	 4334	 2552	 2622	 2636
1	 2552	 4334	 2611	 2636
1	 4331	 4330	 2511	 4336
1	 4331	 2511	 2470	 4336
1	 4336	 2511	 2498	 2584
1	 4330	 4332	 2511	 2622
1	 4330	 4332	 2622	 4334
1	 4332	 4330	 4327	 4334
1	 2511	 4330	 2622	 4336
1	 4336	 2511	 2584	 2622
1	 4326	 4329	 4331	 4320
1	 4331	 4326	 4320	 4335
1	 4317	 4326	 4186	 4320
1	 4317	 4326	 4320	 4329
1	 4329	 4330	 4331	 4336
1	 4322	 4318	 4323	 4337
1	 4325	 4326	 4330	 4327
1	 4322	 4318	 4337	 4321
1	 4329	 4325	 4330	 4338
1	 4337	 4322	 2964	 4323
1	 4318	 4323	 4337	 4339
1	 4259	 4188	 4318	 4339
1	 4259	 4252	 4188	 4339
1	 4256	 2982	 2976	 4267
1	 4339	 4244	 2966	 4252
1	 2968	 2962	 4252	 2966
1	 2966	 4323	 4339	 4337
1	 4185	 4186	 4317	 4324
1	 4322	 4185	 4324	 4177
1	 4317	 4319	 4321	 4329
1	 4320	 4317	 4329	 4319
1	 4322	 4324	 4325	 4328
1	 4317	 4322	 4325	 4321
1	 4317	 4325	 4329	 4321
1	 4075	 4080	 4083	 3788
1	 4359	 3788	 4068	 4075
1	 3677	 3484	 3758	 3646
1	 3607	 3498	 3653	 3649
1	 3910	 3911	 3913	 4171
1	 4122	 3326	 4128	 4124
1	 4186	 4187	 4317	 4320
1	 4230	 4300	 4308	 4205
1	 3821	 3790	 3822	 4305
1	 4305	 4301	 3822	 3821
1	 4319	 4318	 4321	 4259
1	 3880	 3884	 3886	 3882
1	 4189	 4196	 4197	 4242
1	 3790	 3822	 4305	 3741
1	 3790	 3769	 3774	 3706
1	 3500	 3576	 3577	 4340
1	 3577	 3500	 4340	 2844
1	 3500	 3577	 2821	 2844
1	 2821	 3500	 2844	 2845
1	 3500	 3576	 4340	 3617
1	 3633	 3617	 3500	 4340
1	 4186	 4184	 4187	 4194
1	 4194	 4184	 4179	 4186
1	 3576	 3463	 3577	 4341
1	 3576	 3463	 4341	 2678
1	 3463	 3577	 4341	 3008
1	 3577	 3576	 4341	 4342
1	 4341	 3577	 4342	 2674
1	 3576	 4341	 4342	 4343
1	 3576	 4341	 4343	 2678
1	 4341	 4343	 2678	 2642
1	 2678	 4341	 2642	 2709
1	 4342	 3576	 4343	 4344
1	 4347	 4345	 4350	 4344
1	 4341	 4342	 4343	 2586
1	 4342	 4341	 2674	 2586
1	 3576	 4344	 4345	 4347
1	 4347	 4346	 4348	 4344
1	 4344	 3576	 4343	 4347
1	 4344	 3576	 4345	 3617
1	 3576	 3452	 4958	 4345
1	 4344	 3576	 3617	 4340
1	 3035	 4343	 4348	 4344
1	 4347	 4343	 4348	 2598
1	 2465	 3035	 2598	 4348
1	 2465	 2397	 2547	 4348
1	 4343	 4347	 4348	 4344
1	 4344	 4342	 4349	 3035
1	 4348	 4343	 3035	 2598
1	 3035	 4348	 4349	 4344
1	 4342	 4343	 2586	 3035
1	 4349	 4762	 4348	 3035
1	 4346	 4344	 4349	 4348
1	 4346	 4348	 4762	 3291
1	 3291	 2397	 4348	 4762
1	 4344	 4343	 4342	 3035
1	 4342	 3576	 4344	 4340
1	 4344	 3851	 3853	 3854
1	 4345	 4347	 4350	 4351
1	 4351	 4345	 3618	 4350
1	 4347	 4350	 4351	 3405
1	 3317	 3316	 4350	 3274
1	 4351	 4347	 3405	 4352
1	 4347	 3405	 4352	 3224
1	 3405	 4351	 4352	 3332
1	 4351	 4352	 3332	 2630
1	 4352	 3332	 2630	 2492
1	 4352	 3332	 2492	 3329
1	 2525	 2492	 3329	 4352
1	 2525	 2556	 2492	 4352
1	 2630	 2556	 4958	 4352
1	 4350	 4351	 3405	 3396
1	 3405	 4351	 3332	 3396
1	 3316	 3274	 3396	 4350
1	 4347	 4350	 3405	 3224
1	 4346	 4347	 4348	 3224
1	 4346	 4348	 3291	 3224
1	 4347	 4350	 3224	 4346
1	 4347	 4348	 3224	 2598
1	 4344	 3853	 4345	 4350
1	 3853	 3857	 3851	 4344
1	 3853	 3854	 4350	 4344
1	 3851	 4344	 4346	 3854
1	 3577	 3576	 4342	 4340
1	 4346	 4347	 4350	 4344
1	 4034	 4036	 4038	 3194
1	 4301	 4230	 4308	 3821
1	 4308	 4301	 3821	 3839
1	 3824	 3839	 3831	 3821
1	 3839	 3831	 3821	 4308
1	 4003	 4090	 4091	 4353
1	 4091	 4003	 4353	 4112
1	 4005	 3988	 4003	 4118
1	 4091	 4112	 4118	 4003
1	 3988	 4003	 4112	 4004
1	 4117	 3980	 3988	 4004
1	 4117	 3837	 3938	 4112
1	 3834	 3682	 3938	 4004
1	 3938	 3837	 3834	 4112
1	 4112	 3988	 4004	 4117
1	 4117	 3938	 3980	 4004
1	 4024	 4012	 4026	 4021
1	 4024	 4026	 4110	 4021
1	 3627	 3732	 4051	 3501
1	 3627	 3491	 3501	 4051
1	 3491	 3627	 2873	 4051
1	 4063	 4180	 4182	 4062
1	 4180	 4063	 4056	 4062
1	 3869	 3865	 3871	 4052
1	 4176	 4186	 4973	 4179
1	 3864	 3865	 3867	 2413
1	 3697	 3656	 2255	 2413
1	 3865	 3868	 3871	 3653
1	 3953	 3949	 3954	 4354
1	 3953	 3949	 4354	 3944
1	 3949	 3954	 4354	 3962
1	 4289	 4209	 4290	 4216
1	 4209	 4216	 2923	 4290
1	 4216	 2920	 2923	 4290
1	 2920	 2923	 4290	 2938
1	 2923	 4290	 2938	 2933
1	 3954	 3953	 4354	 2487
1	 2487	 2542	 2439	 4354
1	 2487	 2509	 2542	 4354
1	 2487	 2509	 4354	 3954
1	 3953	 4354	 2487	 2439
1	 2509	 3128	 4354	 3954
1	 3954	 4354	 3962	 3128
1	 2487	 2509	 3954	 2446
1	 2509	 3128	 3954	 2502
1	 3954	 2509	 2502	 2446
1	 3748	 3747	 3773	 4355
1	 3747	 3773	 4355	 3467
1	 3620	 3621	 3773	 3465
1	 3773	 4355	 3467	 3621
1	 3467	 3465	 3466	 3773
1	 3748	 3620	 3773	 3640
1	 3620	 4449	 3640	 3631
1	 4209	 4213	 4290	 4212
1	 3620	 3748	 3773	 3621
1	 3748	 3773	 3621	 4355
1	 3870	 3866	 3869	 4982
1	 3870	 3866	 4356	 3872
1	 3875	 3870	 4356	 3894
1	 4035	 4036	 4045	 2204
1	 3949	 3952	 3954	 3951
1	 3952	 3969	 3954	 3951
1	 4068	 4069	 4084	 2640
1	 2640	 2587	 2718	 4084
1	 4084	 4068	 2640	 2587
1	 4329	 4325	 4338	 4321
1	 3781	 3820	 3899	 3967
1	 3967	 3820	 3899	 4969
1	 3778	 3777	 3784	 3782
1	 4056	 3800	 3672	 3714
1	 3759	 3769	 3785	 4304
1	 4982	 2444	 3875	 4356
1	 4205	 4208	 4214	 3930
1	 4291	 4208	 3930	 4214
1	 4205	 4208	 3930	 3909
1	 3930	 3907	 3831	 3909
1	 2462	 4198	 4199	 4191
1	 2469	 2497	 4199	 2518
1	 4275	 4251	 2518	 4191
1	 4199	 4191	 4275	 2518
1	 2497	 2469	 4199	 2462
1	 4198	 4196	 4191	 2462
1	 4194	 4191	 4187	 4275
1	 4011	 4016	 4022	 4357
1	 4011	 4016	 4357	 3892
1	 4016	 4014	 4022	 4018
1	 4194	 4198	 4199	 4095
1	 4199	 4194	 4095	 4096
1	 4199	 4191	 4194	 4275
1	 4036	 4027	 4045	 4358
1	 3707	 3518	 3709	 3141
1	 4399	 2204	 4045	 4036
1	 4399	 4045	 2204	 2325
1	 3910	 3909	 4129	 3914
1	 4129	 3914	 3916	 3910
1	 3592	 3586	 3593	 2870
1	 3586	 3592	 2891	 2870
1	 2891	 3586	 2870	 2890
1	 3586	 3593	 2870	 2889
1	 4409	 4167	 2874	 2889
1	 3586	 2870	 2890	 2889
1	 2890	 3586	 2889	 2914
1	 3518	 3687	 3709	 3641
1	 4074	 4068	 4084	 4359
1	 4084	 4074	 4359	 4360
1	 4074	 4359	 4360	 4361
1	 4360	 4074	 4361	 4362
1	 4362	 3252	 4360	 4074
1	 4361	 4360	 4362	 2854
1	 2854	 2870	 2857	 4362
1	 4074	 4359	 4361	 3788
1	 4074	 4359	 3788	 4068
1	 4075	 2587	 4068	 4359
1	 4359	 4360	 4361	 4363
1	 4359	 4360	 4363	 4364
1	 4360	 4361	 4363	 2854
1	 4360	 4363	 4364	 2834
1	 4359	 4084	 4360	 4364
1	 4361	 4363	 4406	 4359
1	 4364	 4083	 4417	 4359
1	 4085	 4074	 4084	 3252
1	 4068	 4084	 4359	 2587
1	 4083	 3788	 4359	 4075
1	 4075	 4079	 2587	 4083
1	 3908	 3916	 4129	 3920
1	 3908	 3902	 3916	 3920
1	 4087	 3888	 4088	 4064
1	 4073	 4064	 4313	 3888
1	 4064	 4073	 4313	 4089
1	 4313	 4064	 4089	 4309
1	 4083	 4079	 4415	 4080
1	 3707	 3806	 4281	 4365
1	 4281	 3707	 4365	 4366
1	 4281	 3707	 4366	 4272
1	 3806	 4281	 4365	 4367
1	 3806	 4281	 4367	 4270
1	 4281	 4365	 4367	 4366
1	 4365	 3806	 4367	 4368
1	 3806	 4367	 4368	 4369
1	 3806	 4367	 4369	 4270
1	 3707	 4365	 4366	 3141
1	 3709	 3707	 3141	 4365
1	 3709	 3707	 4365	 3806
1	 4032	 4033	 4044	 4370
1	 4032	 4033	 4370	 1828
1	 4044	 4032	 4370	 4371
1	 4370	 4044	 4371	 3112
1	 4370	 4044	 3112	 4033
1	 4032	 4370	 4371	 1827
1	 4371	 3220	 4022	 4030
1	 4008	 4009	 4010	 2456
1	 3991	 2315	 4008	 4010
1	 4008	 3986	 3991	 4010
1	 3991	 2315	 4010	 2332
1	 2164	 2315	 2291	 3991
1	 2164	 3991	 2332	 2315
1	 2411	 2353	 2315	 4008
1	 2315	 4010	 2332	 2383
1	 2411	 2353	 4008	 4372
1	 2411	 2353	 4372	 2382
1	 4008	 2411	 4372	 4136
1	 2382	 2411	 2541	 4136
1	 3040	 4136	 4372	 2382
1	 2353	 4008	 4372	 4373
1	 2353	 4008	 4373	 2291
1	 2353	 4008	 2291	 2315
1	 4008	 2291	 2315	 3991
1	 2291	 2331	 4373	 2353
1	 4008	 4373	 2291	 3991
1	 4372	 2353	 4373	 2331
1	 2291	 4373	 2331	 2192
1	 2353	 4372	 2382	 2331
1	 4008	 4372	 4373	 3990
1	 4373	 4008	 3990	 3991
1	 4373	 3083	 3991	 3990
1	 4013	 4025	 4033	 4044
1	 4154	 4148	 4156	 3731
1	 4148	 4152	 3731	 4154
1	 4153	 3731	 3584	 4148
1	 4148	 4155	 4156	 3584
1	 3535	 3715	 3815	 3741
1	 4148	 4150	 4156	 4155
1	 3533	 3449	 3534	 3512
1	 4125	 4122	 4126	 4295
1	 4132	 4137	 4200	 4143
1	 4132	 4143	 4134	 4137
1	 4132	 4142	 4144	 3922
1	 4268	 4261	 4276	 4262
1	 3517	 3724	 3725	 4374
1	 3517	 3724	 4374	 3143
1	 4374	 3517	 3143	 3462
1	 4374	 3527	 3721	 3517
1	 3462	 3527	 4374	 3517
1	 4374	 3527	 3816	 3721
1	 3641	 3527	 3517	 3721
1	 3777	 3783	 3784	 2474
1	 3783	 3777	 2357	 2474
1	 2357	 3783	 2474	 2549
1	 3783	 2474	 2549	 3784
1	 4154	 4167	 4169	 3593
1	 3724	 3725	 4374	 4375
1	 4375	 4374	 4447	 3725
1	 4374	 3143	 3724	 4375
1	 3668	 3720	 3750	 3765
1	 4064	 4072	 4089	 4065
1	 3783	 3778	 3784	 4376
1	 3783	 3778	 4376	 3801
1	 3778	 3784	 4376	 4377
1	 3784	 4376	 4377	 4378
1	 4377	 3784	 4378	 4379
1	 3784	 4378	 4379	 4380
1	 4378	 4379	 4380	 4381
1	 4379	 3784	 4380	 3298
1	 4380	 4379	 3298	 4381
1	 3784	 4378	 4380	 4382
1	 4378	 4380	 4382	 4383
1	 2639	 2549	 3784	 4382
1	 3298	 2548	 3784	 2639
1	 4380	 2639	 2703	 3298
1	 4380	 3298	 3784	 2639
1	 4378	 4380	 4383	 4381
1	 3784	 4378	 4382	 4376
1	 4382	 4378	 4383	 4384
1	 4382	 4378	 4384	 4376
1	 4384	 3850	 4378	 4383
1	 4378	 4377	 4379	 4386
1	 4377	 3905	 4379	 4386
1	 3904	 3825	 3823	 4377
1	 4379	 4378	 4386	 4381
1	 4386	 4377	 3905	 3848
1	 3823	 3848	 4377	 3819
1	 4383	 4381	 4385	 3850
1	 4378	 4377	 4386	 3850
1	 4386	 4377	 3848	 3850
1	 4385	 3850	 4384	 4383
1	 3848	 3861	 3905	 4386
1	 3861	 3905	 4386	 3915
1	 3910	 3905	 3861	 3915
1	 3847	 3861	 3850	 4172
1	 4386	 4378	 3850	 4381
1	 4380	 4758	 4382	 4383
1	 4384	 4383	 4382	 4349
1	 4377	 3784	 4379	 3782
1	 3784	 3778	 3782	 4377
1	 4385	 4344	 4342	 4384
1	 4384	 4383	 4349	 4342
1	 4342	 4383	 4385	 4384
1	 4376	 3819	 4377	 3850
1	 3851	 3799	 4376	 3850
1	 3850	 3848	 3799	 3819
1	 4377	 3848	 3850	 3819
1	 3799	 3819	 4376	 3850
1	 3722	 2273	 3843	 3117
1	 5016	 4733	 3976	 3725
1	 3881	 3882	 3897	 3884
1	 3750	 3770	 3663	 3792
1	 3750	 3663	 3770	 3720
1	 3633	 3978	 3979	 4387
1	 3633	 3978	 4387	 4388
1	 4235	 4236	 3978	 4388
1	 4236	 4235	 4183	 4388
1	 3978	 4387	 4388	 4236
1	 4387	 4388	 4236	 2886
1	 4387	 3633	 4388	 2878
1	 4387	 4388	 2886	 2878
1	 3979	 3633	 4387	 2855
1	 4210	 4206	 4207	 4246
1	 3978	 3979	 4387	 4389
1	 3979	 4387	 4389	 2861
1	 2886	 2861	 2896	 4387
1	 2896	 2886	 4387	 4236
1	 2896	 2886	 4236	 2904
1	 2896	 4232	 2904	 4236
1	 3979	 4387	 2861	 2855
1	 3704	 3535	 3815	 3645
1	 3784	 3783	 4376	 4382
1	 2549	 3783	 3784	 4382
1	 4318	 4185	 4323	 4188
1	 4323	 4318	 4188	 4339
1	 4323	 2951	 4844	 4322
1	 4322	 4185	 4177	 4844
1	 4844	 4244	 4323	 4188
1	 4115	 4113	 4116	 4390
1	 4115	 4113	 4390	 3828
1	 4390	 3423	 4113	 4116
1	 2038	 2025	 2097	 4116
1	 2201	 2038	 2097	 4390
1	 2025	 4116	 3423	 2097
1	 2201	 2038	 4390	 2211
1	 4115	 2211	 4390	 2038
1	 4390	 2038	 4116	 4115
1	 2038	 4116	 2212	 2126
1	 4167	 4168	 4169	 2865
1	 4167	 4168	 2865	 2872
1	 4168	 2865	 2872	 2856
1	 2038	 2212	 4116	 4115
1	 4187	 4319	 4320	 4269
1	 3847	 3863	 4172	 4391
1	 3863	 4172	 4391	 4392
1	 3863	 3978	 4391	 3847
1	 4391	 3863	 4392	 4389
1	 3863	 4392	 4389	 4227
1	 3978	 3979	 4389	 4391
1	 3978	 3844	 3979	 4391
1	 3844	 3857	 4391	 3764
1	 3847	 3764	 3803	 3978
1	 4036	 4027	 4358	 3194
1	 3863	 4392	 4227	 4204
1	 4224	 4217	 4171	 4227
1	 4027	 4045	 4358	 4393
1	 4045	 4358	 4393	 4394
1	 4027	 4045	 4393	 4013
1	 3982	 4013	 4027	 4393
1	 4393	 4045	 4394	 4395
1	 4393	 4045	 4395	 4013
1	 4045	 4394	 4395	 2308
1	 4705	 2308	 3205	 4045
1	 4035	 4045	 4013	 3205
1	 4045	 2204	 2325	 3205
1	 3205	 2183	 4035	 2204
1	 4394	 4393	 4395	 4396
1	 3984	 3982	 4396	 4395
1	 4395	 4394	 4396	 2412
1	 4394	 4393	 4396	 4397
1	 4396	 4394	 4397	 4316
1	 3897	 4315	 4316	 4310
1	 3897	 4315	 3983	 4396
1	 4394	 3132	 4316	 2457
1	 4396	 2412	 4316	 4315
1	 2477	 4316	 2412	 4315
1	 4315	 4310	 2477	 4316
1	 4396	 3983	 3897	 3884
1	 3983	 3982	 3884	 4396
1	 4396	 3882	 4397	 3982
1	 4028	 3882	 3982	 4397
1	 4013	 3984	 4395	 3982
1	 3984	 4396	 3982	 3983
1	 3984	 4396	 3983	 4315
1	 4397	 4396	 4316	 3897
1	 3897	 4396	 3882	 4397
1	 3897	 3882	 3895	 4397
1	 4398	 3132	 4316	 4397
1	 4316	 4398	 3341	 3132
1	 3132	 4398	 4399	 4358
1	 2457	 2479	 3132	 4316
1	 4310	 2477	 4316	 2479
1	 4396	 4394	 4316	 2412
1	 2412	 2477	 2479	 4316
1	 4316	 2412	 4394	 2457
1	 3132	 2457	 2529	 2479
1	 4316	 3132	 4394	 4397
1	 3132	 4394	 4399	 2325
1	 4394	 4045	 4358	 4399
1	 4399	 4358	 4036	 4045
1	 4045	 4394	 2308	 2325
1	 2325	 2308	 3132	 4394
1	 2385	 2395	 4664	 4663
1	 4398	 3132	 2445	 2443
1	 4399	 4358	 4394	 3132
1	 3341	 4398	 4967	 4401
1	 4400	 4398	 4401	 4967
1	 4394	 4393	 4397	 4358
1	 4398	 3132	 4397	 4358
1	 3950	 3958	 3959	 4291
1	 3930	 4291	 4214	 3958
1	 3930	 4291	 3958	 3950
1	 4168	 4154	 4169	 4402
1	 4168	 4154	 4402	 4149
1	 4154	 4169	 4402	 4403
1	 4169	 4402	 4403	 4404
1	 4402	 4154	 4403	 4405
1	 4403	 4169	 4404	 4406
1	 4169	 4404	 4406	 4407
1	 4403	 4169	 4406	 3593
1	 4169	 4154	 3593	 4403
1	 4404	 4403	 4406	 4080
1	 4169	 4402	 4404	 4408
1	 4169	 4402	 4408	 4168
1	 4406	 4169	 4407	 4409
1	 4402	 4403	 4404	 4081
1	 4403	 4404	 4081	 4080
1	 4081	 4403	 4080	 3798
1	 4404	 4081	 4080	 4415
1	 4402	 4404	 4408	 4410
1	 5014	 4408	 4412	 4410
1	 4402	 4404	 4410	 4081
1	 4404	 4169	 4408	 4407
1	 4404	 4408	 4410	 4411
1	 4408	 4410	 4411	 4412
1	 5014	 2767	 4412	 4408
1	 4411	 4408	 4413	 4407
1	 4408	 4411	 4413	 2767
1	 4410	 4411	 4412	 4414
1	 4411	 4412	 4414	 2767
1	 4410	 4411	 4414	 4415
1	 4410	 4408	 4402	 5014
1	 4412	 4410	 4414	 3599
1	 2667	 2650	 2679	 4415
1	 2667	 4411	 4415	 2679
1	 2679	 2650	 4414	 4415
1	 2654	 2679	 2650	 4414
1	 4414	 4410	 4415	 4416
1	 4414	 4410	 4416	 3599
1	 3574	 3178	 3733	 4416
1	 3178	 3523	 4416	 3124
1	 4415	 4414	 4416	 2650
1	 4410	 4415	 4416	 4081
1	 4410	 4411	 4415	 4404
1	 4404	 4410	 4081	 4415
1	 3469	 4080	 4415	 4079
1	 4404	 4415	 4080	 4417
1	 4404	 4408	 4411	 4407
1	 4402	 4154	 4405	 4149
1	 4154	 4149	 4152	 4405
1	 4403	 4402	 4405	 4081
1	 4154	 3728	 4405	 3731
1	 4152	 3731	 4154	 4405
1	 4404	 4406	 4407	 4417
1	 4406	 4407	 4417	 4363
1	 4361	 3788	 4359	 4406
1	 4417	 4363	 4364	 4359
1	 4407	 4406	 4409	 4363
1	 4407	 4417	 4363	 4418
1	 4363	 4407	 4418	 2827
1	 4080	 4415	 4083	 4417
1	 4407	 4404	 4417	 4411
1	 4358	 4027	 4393	 4028
1	 3781	 3966	 3967	 3934
1	 3934	 3938	 3781	 3966
1	 4182	 4324	 4327	 4326
1	 4455	 4385	 4172	 4391
1	 3978	 3863	 3803	 3847
1	 3966	 3804	 3967	 4419
1	 3966	 4699	 3804	 4419
1	 3804	 3967	 4419	 4138
1	 3967	 3966	 4419	 3981
1	 4419	 3967	 3981	 4138
1	 3967	 3966	 3981	 3934
1	 4330	 4329	 4338	 4336
1	 3965	 3963	 4049	 3625
1	 4261	 4270	 4276	 4420
1	 4276	 4261	 4420	 4267
1	 3202	 2501	 4086	 4072
1	 4086	 4071	 3202	 4072
1	 4086	 3225	 4072	 2501
1	 4386	 3850	 3848	 3861
1	 4385	 3846	 3851	 3850
1	 3850	 3847	 3848	 3861
1	 3847	 3857	 4391	 4385
1	 4381	 4172	 4385	 3850
1	 3861	 4381	 4386	 3850
1	 4387	 3978	 4389	 4232
1	 4236	 4232	 3978	 4387
1	 3916	 3910	 4222	 4780
1	 4204	 4780	 4813	 4222
1	 3915	 3861	 3910	 4780
1	 3910	 3916	 4222	 3914
1	 4223	 4222	 3916	 3914
1	 4071	 4073	 4086	 4421
1	 4071	 3888	 4421	 3891
1	 4073	 4421	 4427	 4130
1	 4086	 4071	 4421	 4422
1	 4071	 4421	 4422	 4423
1	 4071	 4076	 4087	 4423
1	 3891	 4087	 4423	 4071
1	 4076	 4071	 4070	 4422
1	 4070	 4422	 4425	 4076
1	 4422	 4071	 4070	 3202
1	 4070	 3202	 2582	 2475
1	 2475	 3202	 4422	 4070
1	 4422	 3202	 2475	 2409
1	 4422	 4071	 3202	 4086
1	 4072	 2501	 4067	 3202
1	 4422	 3202	 2409	 4086
1	 4421	 4422	 4423	 4424
1	 4422	 4423	 4424	 4425
1	 4424	 4422	 4425	 2352
1	 2352	 2344	 2500	 4425
1	 4422	 4425	 2352	 2500
1	 2352	 4422	 2500	 2475
1	 2409	 2352	 2475	 4422
1	 4425	 4422	 4423	 4076
1	 2500	 4070	 4422	 4425
1	 4423	 4071	 4076	 4422
1	 4423	 4424	 4425	 3337
1	 4423	 4421	 4424	 3891
1	 3888	 4071	 4087	 3891
1	 4421	 4424	 3891	 4426
1	 3891	 4421	 4426	 4427
1	 3891	 4421	 4427	 3888
1	 4087	 3888	 4064	 4071
1	 4423	 4421	 3891	 4071
1	 4313	 4088	 3888	 4064
1	 4427	 3891	 3888	 3887
1	 4313	 4427	 3884	 3983
1	 4073	 3888	 4313	 4427
1	 4313	 3884	 4427	 3888
1	 3892	 3887	 4427	 3884
1	 4424	 4423	 3891	 3651
1	 4421	 4422	 4424	 4428
1	 4421	 4422	 4428	 4086
1	 4422	 4424	 4428	 2352
1	 4424	 4421	 4428	 4426
1	 4016	 4022	 4357	 4429
1	 4357	 4016	 4429	 4426
1	 4016	 4022	 4429	 4018
1	 4022	 4011	 4357	 4430
1	 4011	 4357	 4430	 3984
1	 4357	 4011	 3892	 3984
1	 4022	 4011	 4430	 4015
1	 4044	 4015	 4022	 4430
1	 3771	 3756	 3051	 4431
1	 3756	 3051	 4431	 3973
1	 4022	 4357	 4429	 4432
1	 4357	 4429	 4432	 4433
1	 4357	 4429	 4433	 4426
1	 4432	 4357	 4433	 4434
1	 4429	 4432	 4433	 3181
1	 4432	 4433	 3181	 4435
1	 4433	 2143	 2173	 4435
1	 2009	 2143	 2033	 4435
1	 4022	 4432	 3220	 4371
1	 3984	 3325	 4434	 2119
1	 4433	 4432	 4434	 4435
1	 4434	 4433	 4435	 2143
1	 4434	 4433	 2143	 3325
1	 2143	 4434	 3325	 2118
1	 4432	 4357	 4434	 4430
1	 4032	 4031	 4033	 1828
1	 4031	 4032	 1858	 1828
1	 4032	 1858	 1828	 1827
1	 4325	 4330	 4338	 4436
1	 4338	 4325	 4436	 4437
1	 4338	 4325	 4437	 4321
1	 4436	 4338	 4437	 2978
1	 2977	 2978	 2956	 4437
1	 4325	 4436	 4437	 4328
1	 4063	 4173	 4203	 4177
1	 4025	 4013	 4015	 4044
1	 4144	 4142	 4145	 4438
1	 3498	 3649	 3650	 3653
1	 4022	 4357	 4432	 4430
1	 3755	 3756	 3771	 4431
1	 4055	 4063	 4203	 4062
1	 4225	 4217	 4227	 2885
1	 4169	 4407	 4409	 2865
1	 4169	 4167	 2865	 4409
1	 4420	 2614	 4367	 4276
1	 4261	 4270	 4420	 4269
1	 3881	 3595	 3727	 3964
1	 4059	 4058	 3699	 4157
1	 4157	 3699	 4059	 3698
1	 4163	 3698	 3699	 4157
1	 4142	 4145	 4438	 4439
1	 4056	 4180	 4062	 4440
1	 4175	 4180	 4056	 4440
1	 4440	 4059	 4441	 4442
1	 4440	 4059	 4442	 4062
1	 3698	 2531	 4165	 3697
1	 4442	 4059	 4441	 3698
1	 4333	 3695	 4441	 4444
1	 4333	 4335	 3695	 4444
1	 4444	 4333	 4335	 4326
1	 4056	 4054	 4059	 4062
1	 4056	 4059	 4440	 4062
1	 4060	 4150	 4155	 2883
1	 4406	 4169	 4409	 3593
1	 3593	 2870	 2889	 4409
1	 2870	 2874	 4409	 2863
1	 3593	 2870	 4409	 3592
1	 4169	 4407	 2865	 4408
1	 4407	 2865	 4408	 4413
1	 4407	 2865	 4413	 2827
1	 2865	 4413	 2827	 2825
1	 3608	 3630	 3673	 3628
1	 3673	 3666	 3628	 3630
1	 3806	 3708	 4281	 4270
1	 4145	 4438	 4439	 2824
1	 2860	 2849	 2824	 4439
1	 2860	 2849	 4439	 2867
1	 4916	 3115	 4145	 4480
1	 4142	 4143	 4145	 3331
1	 4376	 3778	 4377	 3819
1	 3909	 3907	 3912	 3930
1	 4012	 4027	 4028	 3982
1	 3886	 3890	 4021	 4028
1	 4027	 4393	 4028	 3982
1	 4327	 4325	 4328	 4436
1	 4055	 4050	 4057	 2898
1	 3687	 3708	 3806	 3976
1	 3633	 3770	 3978	 4388
1	 4235	 3978	 3770	 4388
1	 4003	 4090	 4353	 3680
1	 3616	 3679	 3680	 4353
1	 3616	 3679	 4353	 3312
1	 3260	 3312	 3679	 3388
1	 3388	 3442	 3616	 3679
1	 3259	 3260	 3312	 3679
1	 3259	 3260	 3679	 1854
1	 3259	 3260	 1854	 1760
1	 3259	 1734	 1760	 1854
1	 3980	 3934	 3981	 3966
1	 3980	 4004	 3938	 3966
1	 3938	 3980	 3966	 3934
1	 4090	 4091	 4353	 4445
1	 4091	 4353	 4445	 3313
1	 4090	 4091	 4445	 4093
1	 4445	 4090	 4093	 1697
1	 4445	 4090	 1697	 1734
1	 1640	 1734	 4445	 1697
1	 3259	 1734	 1854	 4445
1	 3679	 3259	 1854	 4445
1	 4090	 4445	 1854	 1734
1	 1854	 4090	 1734	 1797
1	 4095	 4199	 4096	 3713
1	 3913	 4210	 4211	 4171
1	 4095	 4094	 4096	 4101
1	 4194	 4095	 4096	 4101
1	 3527	 3840	 4446	 4447
1	 3110	 3462	 3528	 4446
1	 3840	 3721	 4447	 3527
1	 3816	 3527	 4446	 4447
1	 4447	 3816	 3721	 4374
1	 4453	 3725	 4375	 4447
1	 3840	 4446	 4447	 4448
1	 3840	 4446	 4448	 4449
1	 3840	 4446	 4449	 3528
1	 4448	 3840	 4449	 3631
1	 3466	 3468	 3494	 4449
1	 3620	 3466	 3773	 4449
1	 3466	 3773	 4449	 3467
1	 4446	 4448	 4449	 4450
1	 4449	 4446	 4450	 3065
1	 4446	 4449	 3528	 3065
1	 3528	 4446	 3065	 3110
1	 3527	 3462	 3816	 4446
1	 4447	 3840	 4448	 4451
1	 4447	 3840	 4451	 3721
1	 3631	 3691	 4451	 3840
1	 3840	 4448	 4451	 3631
1	 4448	 4447	 4451	 4452
1	 4447	 4451	 4452	 4453
1	 2176	 4446	 4450	 4448
1	 4446	 3816	 4447	 2213
1	 3816	 4446	 2185	 2213
1	 3816	 4447	 2213	 4374
1	 4446	 2185	 2213	 2176
1	 4447	 2213	 4374	 2228
1	 4447	 4374	 4375	 3123
1	 4375	 4374	 2302	 3123
1	 2213	 2228	 2302	 4374
1	 4448	 4449	 4450	 3494
1	 4449	 4450	 3494	 3466
1	 3631	 3620	 4449	 3468
1	 4449	 3631	 3494	 4448
1	 3494	 3468	 3631	 4449
1	 4449	 4450	 3466	 3065
1	 4448	 4446	 4447	 2176
1	 2052	 2176	 4450	 4448
1	 1894	 2052	 2176	 4450
1	 2176	 1893	 1894	 4450
1	 1893	 1894	 4450	 3386
1	 1893	 1894	 3386	 1629
1	 3386	 1893	 1629	 3364
1	 1516	 1706	 1830	 3364
1	 2012	 2176	 4446	 1960
1	 4451	 4448	 4452	 3253
1	 4452	 4451	 3253	 4453
1	 4448	 4447	 4452	 2052
1	 4447	 4451	 4453	 3721
1	 4447	 4374	 3721	 3725
1	 4452	 4447	 4453	 3123
1	 3527	 3528	 3840	 3640
1	 3840	 3527	 3640	 3691
1	 4173	 4174	 4183	 2912
1	 4026	 4012	 4028	 4021
1	 3866	 3873	 3874	 4356
1	 3866	 4356	 3872	 3873
1	 3873	 3864	 3874	 4454
1	 3873	 3864	 4454	 3678
1	 3864	 3874	 4454	 2402
1	 2402	 2333	 2444	 3874
1	 3874	 4454	 2402	 2333
1	 2300	 2333	 2402	 4454
1	 2333	 2300	 2193	 4454
1	 4111	 2333	 2193	 4454
1	 2402	 2300	 4454	 3864
1	 3864	 3678	 2255	 2300
1	 3864	 3678	 2300	 4454
1	 2255	 3864	 2300	 2402
1	 3678	 2255	 2300	 2267
1	 4111	 2333	 4454	 3874
1	 3864	 3874	 2402	 3867
1	 3874	 3873	 4454	 4111
1	 4027	 4026	 4028	 3194
1	 4027	 4358	 3194	 4028
1	 4187	 4184	 4188	 4191
1	 4174	 4061	 4183	 3714
1	 4061	 4173	 4183	 3670
1	 3824	 3828	 3839	 3822
1	 3820	 4201	 4202	 3862
1	 3779	 3862	 2526	 2540
1	 3839	 3838	 4775	 3828
1	 3779	 3782	 3862	 3777
1	 3862	 3779	 3777	 2540
1	 3863	 4172	 4392	 4204
1	 3859	 3860	 3117	 3977
1	 4172	 4391	 4392	 4455
1	 4391	 4172	 3847	 4385
1	 4391	 4392	 4455	 4456
1	 4455	 4391	 4456	 4340
1	 4391	 4456	 4340	 3979
1	 4340	 4391	 3979	 3844
1	 4391	 4456	 3979	 4389
1	 4392	 4455	 4456	 4457
1	 4392	 4455	 4457	 4458
1	 4457	 4392	 4458	 4459
1	 4458	 4457	 4459	 4460
1	 4457	 4459	 4460	 2839
1	 2851	 2866	 2839	 4459
1	 2839	 2851	 4459	 4460
1	 2839	 2838	 2851	 4460
1	 2839	 2846	 2844	 4457
1	 4457	 3264	 2820	 2839
1	 4460	 4457	 2839	 3082
1	 2839	 2844	 2820	 4457
1	 2851	 4459	 4460	 4458
1	 4457	 4459	 2839	 2866
1	 2839	 2846	 4457	 2866
1	 3082	 2839	 2838	 2819
1	 2846	 2844	 4457	 4456
1	 2846	 2844	 4456	 2855
1	 2866	 4456	 4457	 4392
1	 4457	 4459	 2866	 4392
1	 4459	 2866	 4392	 4461
1	 2877	 2885	 2866	 4461
1	 4217	 4220	 4461	 4219
1	 4217	 4220	 4204	 4461
1	 4217	 4204	 4227	 4461
1	 4217	 4227	 2885	 4461
1	 2885	 4217	 4461	 2877
1	 4204	 4227	 4461	 4392
1	 2885	 4217	 2877	 2882
1	 4204	 2851	 4459	 4461
1	 4461	 2851	 2877	 2871
1	 4461	 2851	 2866	 2877
1	 4227	 4461	 4392	 2866
1	 4392	 4459	 4461	 4204
1	 3264	 3082	 2819	 2839
1	 3264	 4457	 4793	 3082
1	 4457	 3264	 2839	 3082
1	 4392	 4458	 4459	 4204
1	 4172	 4392	 4204	 4458
1	 2866	 4457	 4456	 2846
1	 2844	 4457	 4456	 4455
1	 4455	 4381	 4793	 4458
1	 4392	 4455	 4458	 4172
1	 4391	 4392	 4456	 4389
1	 3859	 3641	 3860	 3709
1	 3859	 3860	 3977	 3709
1	 3983	 3892	 3984	 4427
1	 3748	 3640	 3210	 4462
1	 3748	 3640	 4462	 3766
1	 2090	 3025	 4655	 3722
1	 4318	 4259	 4339	 4337
1	 4318	 4321	 4259	 4337
1	 4438	 4142	 4439	 4463
1	 4439	 4438	 4463	 2849
1	 4438	 4142	 4463	 3922
1	 4142	 3922	 4121	 4463
1	 4142	 4144	 3922	 4438
1	 4142	 4439	 4463	 4128
1	 4142	 4128	 4463	 4121
1	 4142	 4145	 4439	 3331
1	 4213	 4291	 4292	 4464
1	 4213	 4291	 4464	 4214
1	 4292	 4213	 4464	 4465
1	 4466	 4468	 4465	 2960
1	 4464	 4291	 4292	 4468
1	 4468	 4294	 3142	 4291
1	 4466	 2712	 4837	 4467
1	 4466	 4464	 4468	 4467
1	 4464	 4467	 4469	 3959
1	 4465	 4464	 4292	 4468
1	 4466	 4464	 4469	 4288
1	 4465	 4464	 4466	 4288
1	 4288	 4277	 4278	 4465
1	 4466	 4465	 4288	 4278
1	 4277	 4288	 2567	 4465
1	 4288	 2567	 4465	 4464
1	 4469	 4466	 4288	 4286
1	 4288	 4278	 4282	 4286
1	 4284	 4282	 4278	 4286
1	 4464	 4465	 4466	 4468
1	 2954	 2943	 2960	 4465
1	 2943	 4465	 2954	 2938
1	 4465	 2954	 2938	 2942
1	 4468	 2943	 4465	 2960
1	 4465	 4464	 2567	 4213
1	 4464	 4213	 4214	 2567
1	 2943	 4292	 4468	 4465
1	 2954	 2960	 4466	 4465
1	 4292	 4213	 4465	 4290
1	 4292	 4294	 4468	 4291
1	 4084	 4069	 4085	 3250
1	 4069	 2640	 2694	 4084
1	 3250	 2669	 2694	 4069
1	 4067	 2640	 2633	 4069
1	 2694	 3250	 4084	 4470
1	 4084	 2694	 4470	 2718
1	 3252	 4085	 4471	 4470
1	 2694	 4470	 2718	 2770
1	 2718	 2693	 2770	 4470
1	 2718	 4364	 4470	 4084
1	 4084	 2694	 2718	 2640
1	 4069	 2694	 2640	 2633
1	 4085	 3250	 4471	 4470
1	 3250	 4085	 4471	 4472
1	 4794	 4085	 4069	 3250
1	 2694	 3250	 4470	 2758
1	 2758	 2694	 2770	 4470
1	 3250	 4470	 2758	 4471
1	 4470	 3250	 4084	 4085
1	 4069	 4074	 4085	 4049
1	 4330	 4338	 4436	 4473
1	 4338	 4436	 4473	 2974
1	 4436	 4338	 2978	 2974
1	 4325	 4330	 4436	 4327
1	 3844	 3617	 3633	 4340
1	 3582	 3584	 3585	 4474
1	 3582	 3584	 4474	 4153
1	 3585	 3575	 3503	 3505
1	 3584	 3578	 3585	 2919
1	 2919	 2930	 2952	 3585
1	 2930	 2921	 3585	 2913
1	 2913	 2919	 3584	 3585
1	 4474	 4155	 3584	 3585
1	 2913	 2921	 3585	 4155
1	 2919	 2913	 2930	 3585
1	 4324	 4327	 4328	 4182
1	 4280	 4283	 4287	 4475
1	 4283	 4287	 4475	 4476
1	 4283	 4287	 4476	 2701
1	 2739	 4283	 2657	 2701
1	 2689	 2701	 2555	 4476
1	 2701	 4287	 4479	 2773
1	 4475	 4283	 4476	 4477
1	 4283	 4476	 4477	 2657
1	 2657	 2575	 2555	 4477
1	 4283	 2657	 2701	 4476
1	 4475	 4283	 4477	 4285
1	 4287	 4475	 4476	 4478
1	 4476	 4287	 4478	 4479
1	 4287	 4478	 4479	 4262
1	 4479	 4476	 4287	 2701
1	 4476	 2689	 2701	 4479
1	 2701	 2689	 2734	 4479
1	 4479	 4476	 2689	 4478
1	 4268	 4262	 4478	 4475
1	 4287	 4260	 4475	 4262
1	 4260	 4258	 4256	 4287
1	 4287	 4266	 4256	 4274
1	 2555	 2623	 4476	 4478
1	 3212	 2623	 2555	 4478
1	 2689	 2555	 2623	 4476
1	 2623	 2689	 4476	 4478
1	 4478	 4475	 4476	 2555
1	 4476	 4475	 4477	 2555
1	 4477	 4476	 2555	 2657
1	 2657	 2555	 2701	 4476
1	 4280	 4283	 4475	 4285
1	 4287	 4280	 4475	 4260
1	 4287	 4280	 4260	 4258
1	 4145	 4144	 4480	 3115
1	 4144	 4438	 4481	 3922
1	 4436	 4330	 4473	 2622
1	 4330	 4338	 4473	 4336
1	 4473	 4330	 4336	 2622
1	 4336	 4473	 2622	 2584
1	 3564	 3563	 3565	 4482
1	 3563	 3565	 4482	 132
1	 3564	 3563	 4482	 4483
1	 3564	 3563	 4483	 3561
1	 4482	 3564	 4483	 4484
1	 3564	 4483	 4484	 4485
1	 3564	 4483	 4485	 3561
1	 3563	 4482	 4483	 123
1	 3563	 4482	 123	 132
1	 128	 3262	 4482	 4484
1	 4482	 4483	 123	 128
1	 4482	 3564	 4484	 4486
1	 4482	 3564	 4486	 3565
1	 4484	 4482	 4486	 3262
1	 3564	 4484	 4486	 4487
1	 3564	 4484	 4487	 4485
1	 4486	 3564	 4487	 4488
1	 4486	 3564	 4488	 3565
1	 4487	 4485	 4484	 4512
1	 4487	 4484	 4486	 4489
1	 4502	 4490	 4512	 4485
1	 3564	 4487	 4488	 4491
1	 4487	 4485	 4516	 4491
1	 4487	 4486	 4488	 4492
1	 4488	 176	 4492	 4486
1	 4488	 4492	 272	 3174
1	 272	 3174	 208	 4488
1	 294	 272	 321	 4492
1	 4488	 4492	 3174	 4493
1	 4492	 3174	 4493	 4494
1	 321	 294	 4492	 360
1	 4488	 3038	 4538	 3174
1	 4540	 386	 3016	 3174
1	 386	 294	 3174	 4540
1	 360	 321	 4496	 4492
1	 350	 386	 509	 4540
1	 3016	 4493	 4539	 3174
1	 3174	 288	 4540	 294
1	 4493	 4492	 4494	 4495
1	 4492	 4494	 4495	 4496
1	 4496	 4494	 360	 4492
1	 4496	 4492	 321	 3060
1	 4496	 4492	 3060	 4489
1	 4493	 4492	 4495	 4487
1	 4494	 4495	 4496	 4497
1	 440	 4496	 4497	 4494
1	 360	 417	 4494	 440
1	 294	 4494	 4492	 360
1	 417	 440	 4497	 4494
1	 4496	 360	 440	 320
1	 360	 4494	 4496	 440
1	 417	 4497	 440	 456
1	 4636	 320	 4496	 440
1	 4494	 4495	 4497	 4498
1	 4494	 4495	 4498	 4493
1	 4494	 3016	 4493	 4498
1	 4495	 4496	 4497	 4499
1	 4496	 4497	 4499	 440
1	 4495	 4492	 4496	 4489
1	 4495	 4497	 4498	 4500
1	 4498	 4495	 4500	 4501
1	 4498	 4495	 4501	 4493
1	 4497	 4494	 4498	 3016
1	 4497	 4498	 4500	 3374
1	 4498	 4500	 3374	 4501
1	 4495	 4497	 4500	 4499
1	 4488	 4492	 4493	 4487
1	 4493	 4488	 4487	 4491
1	 4483	 4484	 4485	 4502
1	 4485	 4483	 4502	 4503
1	 4485	 4483	 4503	 3561
1	 4485	 4487	 4490	 4512
1	 4488	 3562	 3564	 4491
1	 3560	 3565	 4488	 3564
1	 4502	 4485	 4503	 4504
1	 4485	 4503	 4504	 4505
1	 4485	 4503	 4505	 3561
1	 4502	 4485	 4504	 4490
1	 4483	 4502	 4503	 4506
1	 123	 109	 128	 4506
1	 4506	 4483	 4502	 128
1	 4483	 123	 128	 4506
1	 4503	 4483	 4506	 4507
1	 4503	 4483	 4507	 3561
1	 4506	 4503	 4507	 4508
1	 4483	 4506	 4507	 123
1	 4506	 128	 4502	 109
1	 4483	 3563	 123	 4507
1	 3563	 123	 4507	 119
1	 4507	 127	 3563	 119
1	 123	 4507	 119	 114
1	 123	 4507	 114	 4506
1	 3563	 3561	 4507	 4483
1	 3563	 123	 119	 132
1	 4503	 4507	 4508	 4509
1	 4503	 4507	 4509	 3561
1	 4502	 4503	 4506	 3155
1	 4503	 4502	 4504	 3155
1	 4506	 4503	 4508	 3155
1	 4504	 4503	 3155	 4510
1	 3155	 4504	 4510	 409
1	 3155	 409	 343	 4504
1	 371	 409	 444	 4504
1	 4503	 3155	 4510	 4508
1	 4504	 4503	 4510	 4505
1	 4503	 4510	 4505	 4509
1	 4510	 4503	 4508	 4509
1	 4504	 3155	 4502	 343
1	 4495	 4500	 4501	 4511
1	 4495	 4500	 4511	 4499
1	 4501	 4495	 4511	 4487
1	 4495	 4501	 4493	 4487
1	 4511	 4501	 468	 4500
1	 4511	 4500	 467	 4499
1	 4487	 4490	 4512	 4513
1	 4484	 4502	 4512	 4485
1	 4486	 3262	 4489	 4484
1	 4512	 4489	 3262	 4484
1	 4513	 4495	 4489	 4487
1	 4487	 4511	 4513	 4495
1	 4487	 4486	 4492	 4489
1	 4507	 4506	 4508	 114
1	 4510	 4504	 4505	 4514
1	 4505	 4510	 4514	 4515
1	 4553	 4510	 4509	 4505
1	 4504	 4485	 4505	 4516
1	 4504	 4485	 4516	 4490
1	 4485	 4505	 4516	 4517
1	 4485	 4505	 4517	 3561
1	 4491	 3564	 4487	 4485
1	 4491	 4485	 3561	 3564
1	 4516	 4485	 4487	 4490
1	 4505	 4516	 4517	 4518
1	 4505	 4504	 4516	 4514
1	 4517	 4505	 4518	 4519
1	 4517	 4505	 4519	 3561
1	 4519	 4517	 3561	 3562
1	 4518	 4517	 4519	 4520
1	 4517	 4519	 4520	 3562
1	 4518	 4517	 4520	 4521
1	 4517	 4520	 4521	 4491
1	 4518	 4517	 4521	 4516
1	 4520	 4518	 4521	 4522
1	 4521	 4520	 4522	 4523
1	 4520	 4522	 4523	 4524
1	 4522	 4523	 4524	 4525
1	 4520	 4522	 4524	 4526
1	 4520	 4522	 4526	 4518
1	 4524	 4520	 4526	 4527
1	 4523	 4520	 4524	 4528
1	 4524	 4520	 4527	 4528
1	 4522	 4524	 4526	 4529
1	 4526	 4522	 4529	 4530
1	 4524	 4526	 4529	 4531
1	 4529	 4524	 4531	 4532
1	 4529	 4524	 4532	 4525
1	 4522	 4524	 4529	 4525
1	 4524	 4526	 4531	 4527
1	 556	 4531	 4526	 481
1	 4526	 4522	 4530	 4518
1	 4520	 4526	 4527	 4519
1	 4524	 4523	 4528	 4533
1	 4523	 4528	 4533	 4534
1	 4524	 4523	 4533	 4525
1	 4533	 4523	 4534	 4535
1	 4534	 4533	 4535	 3314
1	 4533	 4535	 3314	 4536
1	 4535	 3314	 4536	 3133
1	 3314	 4533	 4536	 4537
1	 3314	 535	 446	 4537
1	 4537	 3314	 4533	 446
1	 490	 535	 594	 4537
1	 4537	 535	 3133	 3314
1	 3133	 4537	 3314	 4536
1	 4533	 4536	 4537	 4532
1	 4533	 4536	 4532	 4525
1	 4524	 4532	 4525	 4533
1	 4533	 4535	 4536	 4525
1	 4534	 4533	 3314	 446
1	 490	 446	 535	 4537
1	 4523	 4528	 4534	 4538
1	 4523	 4528	 4538	 4520
1	 4534	 4523	 4538	 4539
1	 4534	 4523	 4539	 4535
1	 4523	 4538	 4539	 4521
1	 4520	 4521	 4491	 4538
1	 4538	 4534	 4539	 4540
1	 4534	 4539	 4540	 509
1	 4540	 4534	 509	 357
1	 509	 4540	 357	 350
1	 4494	 3174	 4493	 3016
1	 3016	 509	 386	 4540
1	 4539	 4540	 509	 3016
1	 4540	 4538	 3174	 4539
1	 357	 283	 350	 4540
1	 4540	 357	 283	 4534
1	 4538	 4534	 4540	 3038
1	 4528	 4534	 4538	 3038
1	 4534	 312	 357	 283
1	 4538	 4528	 3038	 4541
1	 4488	 3560	 4541	 3189
1	 4528	 3038	 4541	 4542
1	 4528	 3038	 4542	 351
1	 3038	 4542	 351	 302
1	 351	 284	 302	 4542
1	 3189	 222	 3556	 4542
1	 4541	 4528	 4542	 4527
1	 4520	 4527	 4528	 4541
1	 4538	 4528	 4541	 4520
1	 4541	 4538	 4520	 3562
1	 3189	 3038	 4541	 4488
1	 4538	 4520	 3562	 4491
1	 4540	 3016	 4539	 3174
1	 4528	 4533	 4534	 351
1	 4534	 4528	 351	 3038
1	 4533	 4534	 351	 446
1	 351	 4533	 446	 490
1	 4528	 4524	 4533	 4543
1	 4533	 4528	 4543	 351
1	 4524	 4533	 4543	 4532
1	 4528	 4524	 4543	 4527
1	 4518	 4521	 4522	 468
1	 4518	 4521	 468	 4516
1	 4505	 4518	 4519	 4515
1	 4522	 4529	 4530	 4544
1	 4522	 4529	 4544	 4525
1	 566	 468	 4522	 583
1	 4530	 4529	 4526	 556
1	 4529	 4530	 4544	 4545
1	 4544	 4529	 4545	 4546
1	 4544	 4529	 4546	 4525
1	 4546	 668	 4545	 4544
1	 681	 4544	 668	 4547
1	 4529	 4545	 4546	 4548
1	 4545	 622	 4546	 4548
1	 4545	 605	 4544	 668
1	 4529	 4545	 4548	 556
1	 4526	 481	 4530	 556
1	 4529	 4545	 556	 4530
1	 4529	 556	 4531	 4526
1	 556	 4531	 4832	 4529
1	 4546	 4529	 4548	 4532
1	 4548	 4532	 4529	 4832
1	 4545	 4548	 556	 622
1	 556	 622	 605	 4545
1	 668	 605	 622	 4545
1	 4548	 556	 622	 538
1	 4549	 4547	 4558	 4544
1	 4533	 4523	 4535	 4525
1	 4525	 4549	 4559	 4544
1	 4507	 4508	 4509	 4550
1	 4509	 4507	 4550	 118
1	 107	 106	 118	 4550
1	 106	 118	 4550	 4507
1	 107	 4555	 106	 4550
1	 4507	 4508	 4550	 106
1	 4508	 4507	 114	 106
1	 4505	 4516	 4518	 4514
1	 4508	 4509	 4550	 4551
1	 4509	 4550	 4551	 4552
1	 4551	 4509	 4552	 4553
1	 4550	 4551	 4552	 4554
1	 4550	 4551	 4554	 4555
1	 4776	 282	 4551	 4555
1	 4550	 4551	 4555	 4508
1	 4554	 4550	 4555	 107
1	 4509	 4550	 4552	 118
1	 3545	 3541	 118	 4552
1	 118	 3545	 4552	 4509
1	 3541	 118	 4552	 111
1	 4551	 4509	 4553	 4510
1	 4551	 4509	 4510	 4508
1	 4552	 3545	 4553	 4509
1	 4552	 4551	 4553	 4556
1	 4552	 4551	 4556	 4554
1	 4556	 3742	 359	 4552
1	 4556	 4553	 4552	 359
1	 4554	 107	 104	 4552
1	 4552	 118	 4550	 107
1	 4552	 111	 118	 107
1	 4554	 4550	 107	 4552
1	 4551	 4553	 4556	 306
1	 4556	 4551	 306	 282
1	 336	 359	 306	 4556
1	 359	 306	 4556	 4553
1	 4553	 359	 306	 385
1	 4553	 3688	 4552	 359
1	 306	 336	 4556	 282
1	 3742	 3688	 359	 4552
1	 336	 318	 3648	 4556
1	 359	 403	 3140	 4553
1	 336	 4556	 282	 318
1	 4556	 4551	 282	 4554
1	 4554	 242	 4555	 282
1	 4519	 4518	 4520	 4526
1	 4522	 4523	 4525	 4557
1	 4545	 4530	 4544	 605
1	 4544	 4547	 615	 611
1	 4547	 615	 611	 643
1	 611	 4547	 643	 708
1	 4524	 4531	 4532	 4543
1	 4524	 4543	 4527	 4531
1	 4547	 4544	 4549	 611
1	 4522	 4521	 4523	 4557
1	 4547	 4544	 668	 4558
1	 4558	 4544	 4546	 4559
1	 4546	 4525	 4559	 4544
1	 4558	 4549	 4559	 4560
1	 4558	 4549	 4560	 708
1	 4558	 4549	 708	 4547
1	 4549	 4547	 611	 708
1	 4521	 4520	 4523	 4538
1	 4558	 4549	 4544	 4559
1	 4546	 4558	 4559	 3612
1	 3611	 3719	 3612	 4559
1	 3612	 3611	 4559	 4546
1	 4650	 4640	 4560	 4558
1	 4549	 4559	 4560	 4561
1	 4560	 4549	 4561	 4562
1	 4561	 4560	 4562	 4563
1	 4562	 4561	 4563	 4564
1	 3056	 4563	 3133	 4561
1	 4560	 4562	 4563	 783
1	 4561	 4560	 4563	 4565
1	 4560	 4549	 4562	 708
1	 4562	 4560	 708	 783
1	 4562	 4561	 4564	 4566
1	 4563	 3056	 4564	 4561
1	 3056	 4561	 4535	 4566
1	 4535	 3133	 3056	 571
1	 4535	 3133	 571	 3314
1	 3314	 489	 535	 571
1	 4562	 4561	 4566	 4549
1	 4564	 4562	 4566	 3373
1	 3373	 3392	 3056	 4564
1	 4562	 4954	 3373	 4564
1	 3392	 3400	 3056	 4564
1	 4566	 4564	 3373	 3056
1	 4566	 4561	 4564	 3056
1	 4564	 4562	 4954	 4563
1	 4563	 4561	 4565	 3133
1	 4549	 4559	 4561	 4525
1	 4559	 4560	 4561	 4565
1	 4512	 4489	 4513	 4567
1	 4512	 4489	 4567	 3262
1	 4487	 4512	 4484	 4489
1	 4513	 4512	 4567	 4568
1	 4512	 4567	 4568	 4569
1	 4567	 4568	 4569	 4570
1	 4568	 4569	 4570	 4571
1	 4567	 4568	 4570	 4572
1	 4570	 4568	 4571	 4573
1	 4569	 4567	 4570	 4574
1	 4568	 4569	 4571	 4575
1	 4568	 4569	 4575	 4512
1	 4571	 4568	 4575	 4576
1	 4568	 4575	 4576	 4577
1	 4568	 4575	 4577	 4512
1	 4575	 4571	 4576	 4578
1	 99	 102	 4578	 4575
1	 4576	 4575	 4578	 370
1	 4571	 4576	 4578	 4579
1	 4575	 4576	 4577	 370
1	 4576	 4577	 370	 423
1	 343	 371	 423	 4577
1	 4577	 370	 423	 343
1	 4576	 4568	 4577	 4580
1	 4577	 4576	 4580	 423
1	 4568	 4577	 4580	 4513
1	 4577	 4568	 4512	 4513
1	 4580	 4577	 423	 431
1	 423	 371	 431	 4577
1	 4513	 4511	 4490	 4577
1	 431	 4577	 4513	 4580
1	 4571	 4568	 4576	 4573
1	 4576	 4568	 4580	 4573
1	 4575	 4569	 4571	 99
1	 4569	 4570	 4571	 4581
1	 4570	 4571	 4581	 4582
1	 4569	 4570	 4581	 4574
1	 4571	 4569	 4581	 99
1	 4578	 4571	 99	 4575
1	 102	 4569	 99	 115
1	 4569	 99	 115	 4581
1	 99	 115	 4581	 110
1	 4567	 4513	 4568	 4572
1	 4568	 4570	 4572	 4573
1	 4569	 4567	 4574	 3262
1	 4567	 4512	 3262	 4569
1	 4571	 4570	 4573	 4582
1	 4578	 4571	 4579	 4583
1	 4571	 4579	 4583	 4582
1	 4578	 4571	 4583	 99
1	 102	 4569	 4575	 99
1	 4579	 4578	 4583	 4584
1	 4583	 4579	 4584	 4585
1	 4579	 4584	 4585	 4586
1	 4584	 4583	 4585	 4587
1	 4583	 4585	 4587	 4588
1	 4584	 4583	 4587	 4589
1	 4585	 4587	 4588	 4590
1	 4585	 4579	 4586	 4591
1	 4588	 4585	 4590	 229
1	 229	 194	 163	 4588
1	 4585	 4584	 4587	 4592
1	 4587	 4585	 4592	 4590
1	 4585	 4906	 4588	 4583
1	 4585	 4583	 4579	 4906
1	 4583	 4582	 4579	 4906
1	 215	 194	 293	 4582
1	 215	 4581	 4582	 293
1	 4584	 4585	 4586	 4592
1	 4579	 4584	 4586	 4593
1	 4587	 4583	 4588	 4594
1	 4587	 4583	 4594	 4589
1	 4588	 4587	 4594	 85
1	 103	 85	 96	 4588
1	 163	 229	 4588	 96
1	 96	 163	 103	 4588
1	 103	 85	 4588	 4594
1	 88	 103	 99	 4594
1	 4587	 4588	 4590	 85
1	 4590	 4588	 229	 96
1	 81	 96	 85	 4590
1	 96	 85	 4590	 4588
1	 103	 88	 85	 4594
1	 4588	 103	 4594	 4583
1	 4587	 4594	 85	 88
1	 85	 4587	 88	 73
1	 4587	 4594	 88	 4589
1	 99	 78	 88	 4589
1	 4583	 4578	 99	 4589
1	 99	 4583	 4589	 4594
1	 88	 99	 4589	 4594
1	 85	 81	 4590	 67
1	 4579	 4584	 4593	 4578
1	 4587	 4584	 4589	 4595
1	 4587	 4584	 4595	 4592
1	 79	 73	 88	 4595
1	 4595	 4589	 4587	 88
1	 4587	 88	 73	 4595
1	 79	 4589	 4595	 88
1	 79	 4589	 88	 78
1	 79	 4589	 78	 4595
1	 79	 73	 4595	 62
1	 4584	 4589	 4595	 4596
1	 4584	 4583	 4589	 4578
1	 4584	 4589	 4596	 4578
1	 4589	 4595	 4596	 78
1	 3190	 4898	 62	 4897
1	 4596	 4898	 62	 3190
1	 4595	 79	 62	 78
1	 4595	 4584	 4596	 4597
1	 4595	 4584	 4597	 4592
1	 4584	 4596	 4597	 4593
1	 4596	 4584	 4578	 4593
1	 4596	 4595	 4597	 3190
1	 4586	 4579	 4593	 4598
1	 4586	 4579	 4598	 4591
1	 4597	 4593	 4602	 4584
1	 4592	 4586	 4584	 4602
1	 4579	 4593	 4598	 4576
1	 4593	 4586	 4598	 4599
1	 4586	 4598	 4599	 4600
1	 229	 286	 347	 4585
1	 286	 347	 4586	 389
1	 4590	 4587	 85	 67
1	 4599	 4586	 4600	 4601
1	 4599	 4586	 4601	 4602
1	 4599	 4586	 4602	 4593
1	 4597	 4592	 4584	 4602
1	 4601	 4599	 4602	 4603
1	 4602	 4601	 4603	 4604
1	 4599	 4602	 4603	 4605
1	 4599	 4602	 4605	 4593
1	 4602	 4603	 4605	 4606
1	 4603	 4605	 4606	 4607
1	 4603	 4605	 4607	 4608
1	 4602	 4597	 4606	 4605
1	 4610	 4597	 4606	 4604
1	 4606	 4597	 4610	 4612
1	 4606	 4597	 4609	 4605
1	 4596	 4597	 4593	 4609
1	 4597	 4596	 3190	 4609
1	 3190	 4609	 4612	 4597
1	 4595	 4597	 3190	 4610
1	 4593	 4605	 4609	 4597
1	 4604	 4602	 4592	 4597
1	 4602	 4593	 4586	 4584
1	 4606	 4605	 4609	 4611
1	 4609	 4606	 4611	 4612
1	 4606	 4605	 4611	 4607
1	 376	 334	 4609	 4605
1	 463	 376	 4605	 334
1	 4609	 334	 4611	 4605
1	 334	 463	 355	 4611
1	 463	 4605	 4611	 334
1	 4606	 4603	 4607	 3171
1	 4602	 4603	 4606	 4604
1	 4595	 4597	 4610	 4592
1	 4606	 4611	 4612	 4613
1	 4606	 4611	 4613	 4607
1	 4607	 4606	 3171	 4613
1	 4611	 4612	 4613	 4614
1	 4612	 4606	 4613	 4615
1	 4606	 4613	 4615	 3171
1	 4613	 4612	 4615	 4616
1	 4612	 4606	 4615	 4610
1	 4609	 4597	 4606	 4612
1	 4613	 4612	 4616	 4614
1	 4615	 4613	 4616	 4617
1	 4616	 30	 48	 4615
1	 4615	 4613	 4617	 3171
1	 295	 3171	 263	 4617
1	 313	 295	 263	 4617
1	 295	 313	 338	 4617
1	 4610	 3190	 4612	 4597
1	 4603	 4605	 4608	 4599
1	 4611	 4609	 4612	 334
1	 4611	 4612	 4614	 334
1	 355	 297	 334	 4614
1	 334	 355	 4614	 4611
1	 355	 297	 4614	 436
1	 4611	 4622	 4614	 4613
1	 4604	 4592	 4610	 4597
1	 4616	 4615	 4617	 263
1	 3171	 263	 4617	 4615
1	 4601	 4599	 4603	 4618
1	 4603	 4601	 4618	 4619
1	 4603	 4601	 4619	 4604
1	 462	 384	 4619	 4618
1	 4619	 4601	 4618	 384
1	 4618	 4619	 462	 3569
1	 462	 4618	 3569	 543
1	 4618	 3569	 543	 3571
1	 462	 4618	 543	 449
1	 389	 462	 449	 4618
1	 341	 4618	 462	 389
1	 4618	 3569	 3571	 4603
1	 4618	 4603	 4619	 3569
1	 4613	 4616	 4617	 4620
1	 3171	 4622	 4613	 4620
1	 4613	 4616	 4620	 4614
1	 4617	 4620	 4621	 3171
1	 4621	 4617	 3171	 295
1	 4629	 4621	 4622	 3171
1	 4620	 4617	 4621	 338
1	 4617	 4621	 338	 295
1	 4621	 338	 295	 458
1	 4620	 4617	 4613	 3171
1	 4613	 4620	 4622	 4614
1	 4614	 355	 436	 4622
1	 4611	 4614	 4622	 355
1	 4616	 4617	 4620	 4623
1	 4617	 4620	 4623	 338
1	 4623	 4617	 338	 313
1	 4623	 4617	 313	 4616
1	 4620	 4616	 4623	 4624
1	 4977	 4616	 4624	 4623
1	 4623	 4620	 4624	 4625
1	 4624	 4623	 4625	 3172
1	 4623	 4625	 3172	 261
1	 261	 313	 214	 4623
1	 3172	 4623	 261	 214
1	 4623	 4625	 261	 338
1	 4620	 4623	 338	 4625
1	 338	 313	 261	 4623
1	 4620	 4624	 4625	 4626
1	 4625	 4620	 4626	 3327
1	 4625	 3327	 405	 4620
1	 4941	 3068	 3327	 4626
1	 4624	 4625	 4626	 3041
1	 4626	 3041	 4625	 4941
1	 4941	 405	 322	 261
1	 3041	 322	 261	 4941
1	 3327	 405	 373	 4941
1	 3327	 4620	 4628	 405
1	 405	 4625	 338	 261
1	 4624	 4625	 3041	 3172
1	 4620	 4624	 4626	 4614
1	 4616	 4620	 4614	 4624
1	 4607	 4603	 4608	 4627
1	 4603	 4608	 4627	 3571
1	 4605	 4607	 4608	 463
1	 4608	 3571	 4603	 4599
1	 4633	 4608	 4599	 3571
1	 4601	 4599	 4618	 4600
1	 449	 389	 4618	 4600
1	 449	 472	 389	 4600
1	 4620	 4621	 4622	 4628
1	 4620	 338	 4628	 405
1	 4621	 4620	 338	 4628
1	 4622	 4620	 4628	 4626
1	 4626	 4620	 4614	 4622
1	 4620	 4628	 4626	 3327
1	 4586	 4601	 4602	 4592
1	 4621	 4622	 4628	 4629
1	 4613	 3171	 4607	 4622
1	 4611	 4613	 4607	 4622
1	 4622	 4628	 4629	 4630
1	 436	 459	 4626	 4628
1	 4630	 4622	 4628	 436
1	 436	 478	 553	 4630
1	 478	 553	 4630	 4631
1	 4630	 4622	 436	 425
1	 425	 478	 436	 4630
1	 478	 553	 4631	 548
1	 553	 4630	 4631	 4632
1	 4630	 478	 4631	 4629
1	 4631	 478	 548	 4629
1	 4631	 4630	 4629	 4628
1	 553	 4630	 4632	 459
1	 459	 553	 504	 4632
1	 553	 4630	 459	 436
1	 4630	 478	 4629	 425
1	 4629	 4630	 425	 4622
1	 4631	 553	 4632	 601
1	 548	 601	 553	 4631
1	 4630	 4631	 4632	 4628
1	 4628	 4621	 4629	 458
1	 4622	 4607	 4629	 3171
1	 4622	 4629	 4607	 425
1	 4602	 4601	 4604	 4592
1	 4606	 4597	 4602	 4604
1	 4586	 4598	 4600	 4591
1	 4586	 4600	 4601	 389
1	 286	 4586	 347	 4585
1	 4600	 389	 4586	 347
1	 4585	 347	 4591	 4586
1	 4601	 4586	 389	 286
1	 389	 4601	 286	 341
1	 389	 4601	 341	 4618
1	 4618	 4601	 4600	 389
1	 4598	 4599	 4600	 4633
1	 4777	 3257	 4633	 4598
1	 4599	 4600	 4633	 4618
1	 4600	 4598	 4633	 4634
1	 449	 472	 4600	 4634
1	 472	 449	 513	 4634
1	 524	 472	 513	 4634
1	 4633	 3257	 4823	 4598
1	 4633	 4600	 4634	 449
1	 4600	 4598	 4634	 4591
1	 4608	 4607	 4627	 4635
1	 4627	 4608	 4635	 3456
1	 4608	 4635	 3456	 506
1	 3456	 506	 3570	 4608
1	 3571	 3456	 4608	 4627
1	 4608	 4607	 4635	 463
1	 4635	 4608	 463	 506
1	 549	 463	 506	 4635
1	 4607	 4603	 4627	 3171
1	 4582	 293	 4570	 4573
1	 4607	 4627	 4635	 4629
1	 4629	 4607	 425	 4635
1	 4489	 4513	 4567	 4636
1	 4513	 4567	 4636	 4572
1	 4567	 4489	 4636	 3060
1	 4489	 4513	 4636	 4495
1	 4513	 4636	 4495	 4499
1	 4511	 4495	 4499	 4513
1	 4496	 4495	 4489	 4636
1	 4495	 4496	 4499	 4636
1	 4489	 4636	 3060	 4496
1	 4489	 4487	 4512	 4513
1	 4487	 4513	 4511	 4490
1	 4636	 3060	 4496	 320
1	 4499	 4496	 440	 4636
1	 320	 380	 4636	 309
1	 244	 320	 4636	 309
1	 3060	 4496	 320	 321
1	 4496	 360	 320	 321
1	 380	 320	 4636	 440
1	 440	 380	 4499	 4636
1	 4513	 4636	 4499	 4572
1	 4523	 4525	 4557	 4535
1	 4576	 4578	 4579	 4593
1	 4599	 4598	 4593	 4777
1	 271	 215	 293	 4581
1	 4571	 4576	 4579	 4573
1	 4579	 4571	 4573	 4582
1	 4560	 4563	 4565	 4637
1	 4563	 4565	 4637	 4638
1	 4637	 4563	 4638	 3425
1	 4560	 4563	 4637	 783
1	 4565	 4637	 4638	 4639
1	 4565	 4637	 4639	 4640
1	 4637	 4639	 4640	 4641
1	 4637	 4639	 4641	 4642
1	 4637	 4639	 4642	 4638
1	 4639	 4565	 4640	 4643
1	 4640	 4639	 4643	 4644
1	 4639	 4643	 4644	 727
1	 3157	 721	 676	 4639
1	 4639	 3157	 4643	 676
1	 3157	 4639	 4643	 4565
1	 4643	 3157	 4565	 3719
1	 3157	 676	 4962	 4643
1	 3719	 3470	 4643	 3634
1	 676	 721	 727	 4639
1	 4565	 4640	 4643	 3719
1	 3157	 4565	 3719	 4645
1	 4640	 4643	 3719	 3470
1	 3157	 662	 4645	 625
1	 4565	 3719	 4645	 4559
1	 721	 662	 772	 4638
1	 4639	 4642	 4638	 772
1	 594	 625	 676	 4962
1	 3133	 4537	 4536	 4645
1	 4643	 4640	 4644	 3470
1	 3408	 3460	 3470	 4644
1	 4640	 4644	 3470	 3460
1	 4640	 4644	 3460	 4641
1	 3470	 727	 3408	 4644
1	 4640	 4639	 4644	 4641
1	 4559	 3719	 3612	 4640
1	 4565	 4560	 4640	 4559
1	 3157	 4639	 4638	 721
1	 3157	 662	 721	 4638
1	 4565	 662	 3157	 4638
1	 4639	 4641	 4642	 4646
1	 4639	 4641	 4646	 4644
1	 4639	 831	 4644	 4646
1	 4641	 4637	 4642	 4647
1	 4641	 4642	 4646	 4648
1	 4646	 4641	 4648	 4649
1	 4649	 4646	 4641	 3032
1	 3032	 4641	 3460	 4644
1	 4646	 4644	 4641	 3032
1	 901	 3032	 831	 4646
1	 831	 901	 4646	 803
1	 3032	 831	 4646	 4644
1	 4639	 4644	 831	 727
1	 788	 831	 4644	 727
1	 901	 4646	 803	 4648
1	 4642	 4646	 4648	 803
1	 4935	 901	 3032	 874
1	 4641	 4642	 4648	 4647
1	 4651	 3027	 1014	 4648
1	 4648	 4646	 4649	 901
1	 4642	 4639	 4646	 803
1	 721	 803	 831	 4639
1	 803	 831	 4639	 4646
1	 4639	 727	 831	 721
1	 721	 4639	 772	 803
1	 3460	 4640	 4641	 4650
1	 3460	 4640	 4650	 3612
1	 4641	 3460	 4650	 4651
1	 3460	 3267	 3370	 4651
1	 3460	 3267	 4651	 4649
1	 3408	 3032	 3460	 4644
1	 4641	 3460	 4651	 4649
1	 3460	 4641	 3032	 4649
1	 4651	 3460	 4650	 3370
1	 4647	 4648	 4651	 1014
1	 4651	 4650	 891	 3130
1	 4651	 4650	 4641	 4647
1	 4649	 4641	 4648	 4651
1	 3370	 814	 4650	 3130
1	 4637	 4642	 4647	 3425
1	 4640	 4641	 4650	 4637
1	 4641	 4637	 4647	 4650
1	 891	 4650	 4651	 4647
1	 4565	 4637	 4640	 4560
1	 4563	 4565	 4638	 3133
1	 4525	 4522	 4557	 4544
1	 4571	 4581	 4582	 4583
1	 4581	 4571	 99	 4583
1	 4490	 4512	 4513	 4577
1	 431	 4513	 4577	 4511
1	 371	 4490	 4511	 4577
1	 4155	 4148	 4153	 3584
1	 3580	 3578	 3584	 2914
1	 3578	 3584	 2914	 2919
1	 4417	 4363	 4418	 4364
1	 4083	 4359	 4406	 4417
1	 4407	 4417	 4418	 4411
1	 4243	 4237	 4244	 2926
1	 4244	 4243	 2926	 2937
1	 4244	 2962	 4243	 2937
1	 3560	 3561	 3564	 3562
1	 4488	 3564	 3562	 3560
1	 3412	 3628	 3854	 4350
1	 4350	 3316	 3317	 3412
1	 3628	 3412	 3316	 4350
1	 3628	 3674	 3412	 3854
1	 3316	 3285	 3317	 3412
1	 4101	 3435	 3434	 4095
1	 3243	 3434	 3435	 4095
1	 3434	 3431	 3435	 3438
1	 2451	 2491	 3977	 4369
1	 3642	 3767	 3768	 4652
1	 3768	 3642	 4652	 3643
1	 3642	 3767	 4652	 4653
1	 3642	 3767	 4653	 3766
1	 1635	 1769	 3643	 3642
1	 4652	 3643	 3642	 1635
1	 1769	 1635	 1882	 4653
1	 3767	 4652	 4653	 4654
1	 4653	 3767	 4654	 4655
1	 4653	 3767	 4655	 3766
1	 3767	 4655	 3766	 4462
1	 4652	 4653	 4654	 4656
1	 4653	 4654	 4656	 4657
1	 1635	 4653	 4656	 1882
1	 1635	 1780	 1882	 4656
1	 1780	 1895	 1882	 4657
1	 4657	 1882	 1780	 4656
1	 4657	 4656	 4653	 1882
1	 4654	 4656	 4657	 1780
1	 1635	 4659	 1780	 4656
1	 1882	 4653	 4657	 4658
1	 2057	 1994	 1882	 4658
1	 1882	 2057	 4658	 4657
1	 1780	 1895	 4657	 4654
1	 1882	 4653	 4658	 1964
1	 1994	 1964	 1882	 4658
1	 4653	 4657	 4658	 4655
1	 4658	 4653	 4655	 3766
1	 4653	 4654	 4657	 4655
1	 4652	 4653	 4656	 1635
1	 4654	 4652	 4992	 3767
1	 4654	 4652	 4656	 4659
1	 4656	 4654	 4659	 1780
1	 4652	 4656	 4659	 1635
1	 1635	 1780	 4659	 1532
1	 3767	 4654	 4655	 2015
1	 3767	 4654	 2015	 1949
1	 2015	 3767	 1949	 1963
1	 3767	 1949	 1963	 1880
1	 4655	 4462	 3767	 3210
1	 3767	 1963	 2015	 2090
1	 3025	 2015	 2090	 4655
1	 3767	 3210	 4462	 3748
1	 3767	 1949	 3768	 4992
1	 3767	 3748	 3768	 1880
1	 4042	 4040	 4043	 4660
1	 4040	 4043	 4660	 4038
1	 4040	 4043	 4038	 4037
1	 4042	 4040	 4660	 4103
1	 3042	 4042	 4043	 1908
1	 4043	 3042	 1908	 1986
1	 4043	 3042	 1986	 2102
1	 2102	 2039	 1986	 4043
1	 4043	 4042	 4660	 4661
1	 4660	 4043	 4661	 4662
1	 4660	 4043	 4662	 4038
1	 4042	 4660	 4661	 2083
1	 4660	 4661	 2083	 2166
1	 4661	 4660	 4662	 2166
1	 2128	 2166	 2083	 4661
1	 4662	 4661	 2166	 2128
1	 2128	 2277	 2166	 4662
1	 4043	 4661	 4662	 2039
1	 1962	 2039	 2040	 4661
1	 2040	 1962	 4661	 1791
1	 2257	 2039	 4043	 2271
1	 4043	 4662	 4038	 3338
1	 4043	 4042	 4661	 1908
1	 1332	 1307	 1301	 1224
1	 1307	 1286	 1301	 1224
1	 3560	 3558	 3562	 4541
1	 4488	 4541	 3560	 3562
1	 4519	 3558	 3545	 4527
1	 3657	 3698	 3699	 4163
1	 4158	 4157	 4059	 3698
1	 3820	 3901	 4969	 4201
1	 4201	 3183	 2627	 4200
1	 2604	 2627	 4200	 2668
1	 4398	 4400	 4401	 4663
1	 3132	 2395	 4663	 4664
1	 4399	 4667	 4358	 4400
1	 4663	 4398	 4400	 4399
1	 4399	 2395	 2385	 4663
1	 4397	 4394	 4358	 3132
1	 4401	 4398	 4663	 4664
1	 4401	 4398	 4664	 2578
1	 4398	 4664	 2578	 2445
1	 4663	 4401	 4664	 4665
1	 4664	 4663	 4665	 4666
1	 4664	 4663	 4666	 2385
1	 2448	 2385	 2510	 4666
1	 2448	 2385	 4666	 2288
1	 4665	 3191	 4401	 4664
1	 4664	 4665	 2510	 4666
1	 2578	 2510	 4664	 3191
1	 4663	 4401	 4665	 4400
1	 4663	 4665	 4666	 4667
1	 4666	 4663	 4667	 2288
1	 4666	 4663	 2288	 2385
1	 4663	 4665	 4667	 4400
1	 4665	 4666	 4667	 4668
1	 4666	 4667	 4668	 2326
1	 4666	 4667	 2326	 2288
1	 2448	 2326	 2288	 4666
1	 4667	 2326	 2288	 3338
1	 4665	 4666	 4668	 2560
1	 4665	 2510	 4666	 2560
1	 2448	 2510	 2560	 4666
1	 4667	 4665	 4668	 2403
1	 2403	 2459	 2488	 4668
1	 2459	 2488	 4668	 4669
1	 4668	 2459	 4669	 2471
1	 2522	 2471	 2560	 4669
1	 2560	 2607	 2522	 4669
1	 2522	 2471	 4669	 2472
1	 2561	 2472	 4669	 2521
1	 2459	 2488	 4669	 2521
1	 2488	 4668	 4669	 4665
1	 4668	 4665	 2560	 4669
1	 2560	 4668	 4669	 2471
1	 2299	 2198	 2436	 3325
1	 4167	 4156	 2884	 2889
1	 2884	 2889	 2874	 4167
1	 2870	 2874	 2889	 4409
1	 4156	 2884	 2889	 2913
1	 4156	 4150	 2884	 4155
1	 2884	 4156	 4155	 2913
1	 4155	 2884	 2913	 2908
1	 2913	 2908	 2921	 4155
1	 3851	 3799	 3852	 3855
1	 4510	 4681	 4515	 3140
1	 4515	 4510	 3140	 4553
1	 4509	 4505	 4519	 4553
1	 4514	 4505	 4515	 4518
1	 1463	 1531	 3226	 1635
1	 1388	 3371	 1463	 3226
1	 159	 236	 21	 3234
1	 31	 159	 3234	 170
1	 170	 181	 159	 3234
1	 3386	 3494	 3495	 1894
1	 1894	 3386	 1629	 3495
1	 3494	 3398	 3495	 4670
1	 3494	 3398	 4670	 4671
1	 3494	 3398	 4671	 3468
1	 3398	 4671	 3468	 1743
1	 3398	 3495	 4670	 3238
1	 1717	 1768	 3238	 4670
1	 4936	 1717	 4670	 1768
1	 1768	 1952	 1993	 4936
1	 1768	 3238	 4670	 3138
1	 1768	 3238	 3138	 1707
1	 3238	 3138	 1707	 3176
1	 3138	 1768	 1707	 1950
1	 3398	 3495	 3238	 3346
1	 4670	 3398	 3238	 1717
1	 3495	 4670	 3238	 3138
1	 3238	 3138	 3176	 3495
1	 4670	 3494	 4671	 3253
1	 3253	 1953	 3200	 4671
1	 1757	 1936	 1953	 4671
1	 4799	 4670	 3494	 3495
1	 3436	 3508	 3414	 3054
1	 895	 745	 703	 861
1	 937	 1032	 3320	 877
1	 1032	 967	 3320	 1019
1	 1032	 3295	 3320	 877
1	 1032	 3295	 877	 933
1	 4307	 2235	 2309	 3243
1	 3466	 3364	 3467	 1830
1	 4367	 4365	 4368	 3122
1	 4365	 3806	 4368	 3709
1	 3806	 4368	 3709	 3977
1	 4369	 4368	 3806	 3977
1	 242	 243	 282	 4554
1	 2789	 2706	 4783	 2741
1	 3525	 3645	 3197	 3566
1	 2704	 2826	 3115	 2769
1	 2769	 2811	 2826	 3115
1	 2769	 2711	 2811	 3115
1	 4041	 4040	 4042	 4103
1	 4042	 4041	 3307	 3042
1	 3766	 3748	 3767	 4462
1	 355	 436	 4622	 425
1	 4622	 355	 425	 4611
1	 4658	 3691	 4913	 4994
1	 3182	 3346	 3398	 1568
1	 3346	 3398	 1568	 3238
1	 4017	 4018	 4019	 4023
1	 4019	 2162	 4018	 3889
1	 1275	 1449	 1308	 1302
1	 3793	 3654	 3798	 4405
1	 3654	 3798	 4405	 4081
1	 1954	 1995	 1916	 1941
1	 1916	 1995	 3181	 1941
1	 1916	 1954	 1941	 1809
1	 902	 806	 804	 3010
1	 1552	 1523	 1589	 1637
1	 1538	 1552	 1637	 1523
1	 1538	 1637	 1744	 1523
1	 3259	 3312	 3313	 4353
1	 3312	 3616	 3313	 4353
1	 3313	 3259	 4353	 4445
1	 3259	 3312	 4353	 3679
1	 3679	 3259	 4445	 4353
1	 3312	 3313	 4046	 3276
1	 3679	 3349	 3680	 2045
1	 3013	 3310	 3311	 4672
1	 3311	 3013	 4672	 4673
1	 1812	 3311	 4673	 3013
1	 3013	 1826	 1687	 1812
1	 3013	 3310	 4672	 1825
1	 3013	 4672	 4673	 1870
1	 4720	 4673	 3615	 3311
1	 3310	 1826	 3311	 1933
1	 1826	 1933	 1875	 3311
1	 3311	 1826	 1812	 1875
1	 3310	 3311	 4672	 3532
1	 3615	 3531	 4720	 3532
1	 591	 637	 690	 3459
1	 3459	 3455	 591	 637
1	 3459	 3011	 3455	 637
1	 4158	 3865	 4163	 3697
1	 4961	 4441	 3698	 3694
1	 4073	 3225	 4130	 4312
1	 4073	 3225	 4312	 4089
1	 4313	 4312	 4089	 4073
1	 3225	 4130	 4312	 2461
1	 1742	 1661	 1632	 3176
1	 1865	 1634	 3176	 1742
1	 1865	 1661	 1742	 3176
1	 1661	 1632	 3176	 4674
1	 1632	 3176	 4674	 1634
1	 3176	 4674	 1634	 1595
1	 1661	 1632	 4674	 1420
1	 3495	 3238	 3346	 4674
1	 3176	 4674	 1595	 3238
1	 4139	 4200	 4201	 3922
1	 4481	 4144	 3922	 4200
1	 4144	 4132	 3922	 4200
1	 2600	 4137	 4143	 4200
1	 4132	 3922	 4200	 4139
1	 3922	 4481	 4200	 4201
1	 4137	 4132	 4200	 4139
1	 4398	 4397	 4400	 4358
1	 521	 3321	 3322	 3552
1	 3321	 3322	 3552	 3554
1	 3606	 3322	 3802	 426
1	 3606	 3554	 3555	 3322
1	 426	 391	 3802	 3606
1	 3547	 3321	 3554	 3546
1	 1241	 1157	 1227	 1131
1	 1227	 1157	 3357	 1131
1	 1129	 1157	 1131	 3357
1	 1183	 1129	 1131	 3090
1	 1131	 1129	 3357	 3090
1	 3090	 1183	 1226	 1131
1	 3357	 1131	 3090	 1227
1	 1241	 1157	 1131	 1228
1	 485	 3166	 499	 3049
1	 499	 437	 485	 3049
1	 388	 3049	 485	 437
1	 3540	 3228	 252	 3544
1	 3556	 3228	 3544	 227
1	 178	 184	 3007	 227
1	 798	 801	 873	 3384
1	 4360	 2817	 4470	 2842
1	 2842	 2847	 3252	 4362
1	 3252	 2842	 4362	 4360
1	 4360	 3252	 4470	 4084
1	 4360	 4084	 4074	 3252
1	 2842	 2847	 4362	 2857
1	 4362	 2842	 2857	 2854
1	 4084	 3252	 4470	 4085
1	 4471	 2840	 2848	 2847
1	 2771	 2831	 4919	 4471
1	 2830	 2840	 2848	 4471
1	 2771	 2830	 4471	 2758
1	 2705	 4472	 2758	 2771
1	 2840	 2817	 2842	 4470
1	 2842	 4360	 2817	 2834
1	 4360	 2817	 2834	 4364
1	 2842	 4360	 2834	 2854
1	 4433	 4429	 3181	 4675
1	 3181	 4433	 4675	 2173
1	 3181	 2009	 4435	 2173
1	 3181	 2009	 2173	 1995
1	 4159	 4161	 4162	 4165
1	 4151	 4159	 4165	 4161
1	 4162	 4160	 3583	 3582
1	 3584	 3582	 3580	 3731
1	 3582	 4161	 4162	 4160
1	 1070	 1141	 3303	 3101
1	 1064	 1141	 1070	 3101
1	 1141	 1160	 3303	 1327
1	 613	 612	 3394	 675
1	 546	 613	 3394	 588
1	 4007	 4029	 4120	 4119
1	 3851	 3846	 4385	 3857
1	 3851	 4344	 4385	 4384
1	 3850	 3846	 3847	 4385
1	 3851	 4385	 4344	 3857
1	 4378	 4377	 3850	 4376
1	 3851	 3850	 4376	 4384
1	 4383	 4378	 4381	 3850
1	 4378	 4376	 3850	 4384
1	 4373	 2291	 3991	 2096
1	 2291	 3991	 2096	 2164
1	 2096	 2192	 3083	 4373
1	 2291	 2192	 2096	 4373
1	 1547	 1494	 1716	 4676
1	 1547	 1494	 4676	 3179
1	 1547	 1469	 1494	 3179
1	 1547	 1517	 1469	 3179
1	 3305	 1716	 1603	 1494
1	 1716	 1778	 1547	 4676
1	 2705	 2771	 4919	 4472
1	 4472	 3250	 2620	 2705
1	 1840	 1589	 1698	 1637
1	 1523	 1589	 1637	 1698
1	 3922	 3901	 3923	 4201
1	 3920	 3922	 3923	 4127
1	 3923	 3920	 4127	 3916
1	 4085	 4471	 4472	 2848
1	 2758	 4472	 2705	 3250
1	 4514	 444	 443	 4504
1	 1312	 1244	 1170	 1314
1	 3992	 3991	 2096	 3083
1	 3991	 4373	 2096	 3083
1	 3992	 3991	 3083	 3999
1	 4373	 3990	 4699	 3083
1	 4421	 4426	 4427	 4677
1	 4130	 4086	 4073	 4421
1	 4421	 4426	 4677	 4428
1	 4677	 4421	 4428	 4086
1	 4086	 4130	 4677	 4421
1	 4426	 4427	 4677	 4678
1	 3892	 3984	 4427	 4678
1	 3892	 4357	 3984	 4678
1	 3325	 3984	 4678	 4677
1	 4677	 4427	 4421	 4130
1	 4427	 3892	 4678	 4426
1	 4677	 4426	 4678	 4433
1	 4433	 4357	 4426	 4678
1	 4434	 4357	 4433	 4678
1	 4678	 4677	 4433	 3325
1	 4678	 4427	 4677	 3984
1	 4426	 3891	 4427	 3887
1	 2773	 2739	 2701	 4283
1	 2983	 2773	 4283	 4284
1	 4463	 4439	 2849	 2868
1	 2869	 2868	 4463	 2849
1	 2849	 4439	 2867	 2868
1	 4121	 4122	 4128	 4124
1	 4125	 4122	 4124	 3326
1	 4463	 4124	 3326	 2869
1	 3326	 2875	 4124	 4125
1	 4124	 3326	 2869	 2875
1	 3887	 3684	 3891	 3888
1	 3684	 3651	 3891	 4423
1	 3891	 3684	 4423	 4087
1	 3684	 3891	 3888	 4087
1	 3888	 3684	 4087	 3881
1	 3271	 3066	 849	 701
1	 367	 361	 441	 3171
1	 3955	 3158	 3961	 3185
1	 2360	 3955	 2268	 3158
1	 2120	 2194	 2269	 3961
1	 3957	 3955	 3961	 3948
1	 3984	 4434	 3325	 4678
1	 3325	 4130	 3984	 4677
1	 2118	 4434	 2119	 1998
1	 1466	 3043	 1418	 1467
1	 3666	 3630	 3667	 3628
1	 3361	 3441	 3021	 1915
1	 2895	 2898	 2916	 4057
1	 2916	 2898	 2924	 4057
1	 3584	 4474	 4153	 4155
1	 4153	 4147	 4155	 4474
1	 4147	 4153	 4161	 4474
1	 4156	 4155	 2913	 3584
1	 3731	 4156	 3584	 4148
1	 4153	 4161	 4474	 3582
1	 4474	 3505	 3575	 3585
1	 1498	 1490	 3156	 1500
1	 3156	 1498	 1500	 1499
1	 1498	 1500	 1499	 1381
1	 1498	 1500	 1381	 1370
1	 1370	 1490	 1498	 1500
1	 1370	 1490	 1500	 1343
1	 2851	 4204	 4813	 4220
1	 4222	 4220	 2858	 4813
1	 4220	 2851	 4204	 4461
1	 4461	 2866	 2851	 4459
1	 10	 33	 34	 3063
1	 2663	 2662	 3331	 2745
1	 2628	 2663	 3331	 2651
1	 3328	 2699	 2757	 2691
1	 1746	 1745	 1809	 1916
1	 1941	 1916	 1809	 1745
1	 1065	 1180	 995	 1143
1	 1065	 1142	 1180	 3064
1	 1206	 1180	 3064	 1143
1	 4052	 4158	 4165	 3697
1	 1546	 1515	 1582	 1658
1	 1658	 1515	 1557	 1546
1	 1705	 1656	 1658	 1582
1	 1515	 1555	 1582	 1656
1	 1590	 1591	 1611	 3240
1	 170	 46	 29	 3380
1	 2515	 2365	 3224	 2329
1	 2939	 4250	 2963	 4243
1	 4243	 4250	 2925	 2939
1	 4250	 2948	 2963	 4264
1	 2948	 2963	 4264	 2961
1	 2963	 4250	 4264	 4255
1	 4264	 2963	 4255	 2969
1	 2961	 2969	 2963	 4264
1	 3399	 3192	 3182	 4904
1	 3386	 3468	 3494	 3466
1	 4671	 3494	 3468	 3631
1	 3622	 1743	 3468	 4671
1	 3631	 1936	 4671	 3200
1	 1936	 4671	 3200	 1953
1	 515	 427	 510	 3037
1	 4017	 4019	 4020	 4023
1	 3613	 4017	 4020	 3885
1	 4020	 3613	 3885	 3649
1	 4021	 4017	 3885	 4020
1	 3885	 4021	 4020	 3872
1	 4020	 3885	 3872	 3649
1	 2	 8	 216	 185
1	 784	 826	 725	 3492
1	 725	 784	 3492	 654
1	 3610	 3492	 3461	 784
1	 4852	 3380	 45	 46
1	 252	 3228	 284	 3544
1	 311	 252	 3544	 3540
1	 1864	 1960	 1907	 1985
1	 1355	 3048	 1421	 1328
1	 1355	 3048	 1328	 3211
1	 3161	 451	 529	 424
1	 374	 470	 424	 3161
1	 2387	 2311	 2205	 2258
1	 2258	 2311	 2312	 2387
1	 2418	 2312	 2406	 2417
1	 3430	 3706	 3433	 3243
1	 3433	 4307	 3243	 3706
1	 3430	 3706	 3632	 3626
1	 3430	 3287	 3632	 3706
1	 2112	 3302	 3428	 2061
1	 3428	 2145	 2061	 3302
1	 3428	 2112	 2061	 3489
1	 2099	 2112	 2202	 4952
1	 1573	 1602	 1425	 1491
1	 3108	 1425	 1602	 1491
1	 1491	 1574	 1465	 1573
1	 1491	 1363	 1573	 1465
1	 1644	 1543	 1627	 1465
1	 1008	 940	 3227	 1051
1	 1379	 1551	 1399	 1534
1	 4432	 3077	 3014	 3181
1	 4371	 3014	 4432	 3220
1	 4432	 4434	 4435	 4679
1	 4434	 4435	 4679	 2033
1	 2033	 1901	 3014	 4679
1	 4435	 4434	 2143	 2033
1	 4434	 2143	 2033	 2118
1	 2033	 4434	 2118	 1998
1	 4679	 4434	 2033	 1998
1	 1901	 1998	 1887	 4679
1	 2033	 4679	 1998	 1901
1	 3014	 1725	 4679	 1901
1	 4371	 3220	 1622	 3014
1	 3181	 1916	 3077	 3014
1	 4435	 4432	 4679	 3014
1	 4371	 4432	 3014	 4679
1	 3014	 2033	 4679	 4435
1	 103	 99	 4594	 4583
1	 110	 99	 103	 4583
1	 99	 4581	 4583	 110
1	 588	 546	 508	 3394
1	 1417	 1288	 1320	 1376
1	 4654	 4657	 4655	 2057
1	 4657	 4655	 2057	 4658
1	 4654	 4657	 2057	 1895
1	 1882	 1895	 2057	 4657
1	 3386	 3364	 3466	 1893
1	 3466	 3386	 1893	 4450
1	 2299	 2436	 2461	 4130
1	 4130	 2299	 2436	 3325
1	 2298	 3325	 4130	 2436
1	 2436	 4130	 2298	 2401
1	 4679	 4434	 1998	 4680
1	 4680	 2048	 1998	 1887
1	 4679	 1998	 1887	 4680
1	 904	 791	 3266	 938
1	 514	 501	 443	 4681
1	 443	 514	 4681	 480
1	 443	 492	 514	 480
1	 514	 501	 4681	 565
1	 480	 565	 4681	 422
1	 501	 443	 4681	 4514
1	 443	 4681	 4514	 4510
1	 4510	 409	 4504	 443
1	 969	 889	 4651	 898
1	 1016	 1106	 3215	 1044
1	 1016	 1106	 1044	 1004
1	 459	 3246	 399	 316
1	 3246	 399	 316	 3144
1	 3152	 1313	 1354	 1432
1	 2491	 2523	 3279	 4369
1	 2592	 2523	 2544	 4369
1	 2544	 2523	 2491	 4369
1	 2544	 2592	 4369	 2614
1	 4369	 2544	 2614	 2563
1	 2523	 3024	 2424	 3279
1	 2523	 2424	 3024	 2482
1	 1402	 4909	 1352	 1429
1	 410	 465	 372	 3074
1	 4270	 4272	 4281	 4269
1	 4434	 1998	 4680	 2119
1	 1998	 4680	 2119	 2048
1	 1887	 3112	 4679	 4680
1	 4680	 4679	 4434	 4432
1	 4371	 4430	 4432	 4680
1	 785	 694	 786	 3134
1	 1353	 3280	 1433	 1351
1	 1399	 1351	 1430	 1433
1	 1433	 1353	 1351	 1430
1	 1353	 1433	 1521	 1430
1	 3042	 4039	 4041	 4106
1	 4041	 3042	 4106	 3097
1	 3629	 3534	 3701	 3786
1	 3701	 3629	 3786	 3739
1	 3629	 3315	 3786	 3667
1	 3786	 3315	 3629	 3534
1	 3737	 3703	 3736	 3701
1	 3693	 3534	 3701	 3567
1	 3642	 3620	 3766	 3622
1	 2376	 2433	 4306	 2369
1	 2369	 2376	 2236	 4306
1	 4303	 4306	 2433	 2369
1	 4544	 4546	 668	 4558
1	 4544	 4530	 681	 605
1	 3078	 765	 845	 3162
1	 722	 765	 3162	 776
1	 3256	 682	 3255	 712
1	 3255	 3256	 712	 667
1	 619	 3255	 682	 742
1	 4651	 1061	 3027	 3267
1	 3365	 3267	 4649	 3027
1	 329	 248	 3348	 266
1	 3222	 1230	 1108	 4734
1	 1261	 1108	 1230	 1243
1	 1230	 1323	 1261	 1243
1	 1965	 2093	 1980	 2095
1	 920	 3295	 4708	 862
1	 423	 4580	 431	 487
1	 423	 4580	 487	 3257
1	 696	 670	 744	 4682
1	 670	 651	 744	 4682
1	 2643	 4143	 2685	 3115
1	 2643	 2685	 4143	 2644
1	 2581	 2632	 2566	 4079
1	 2581	 3447	 4079	 2566
1	 2581	 2566	 2434	 3447
1	 4077	 4079	 3447	 2566
1	 3447	 4077	 2566	 2466
1	 2632	 2566	 4079	 2534
1	 4077	 4079	 2566	 2534
1	 2587	 2534	 4079	 4075
1	 4675	 4426	 4429	 3889
1	 4018	 4016	 3889	 4429
1	 2104	 2128	 2103	 4683
1	 4683	 2104	 2106	 2103
1	 2013	 2104	 2103	 3015
1	 4661	 1910	 2002	 2103
1	 2104	 2128	 4683	 2227
1	 2162	 1997	 2087	 4019
1	 3475	 3474	 2162	 3651
1	 2162	 3475	 3651	 4019
1	 3475	 3651	 4019	 3613
1	 2162	 3474	 3337	 3651
1	 3475	 2162	 2087	 4019
1	 3474	 3337	 3651	 3488
1	 3337	 3651	 3488	 4423
1	 3488	 3447	 3337	 4425
1	 4425	 4076	 4423	 3488
1	 3337	 3651	 4423	 4424
1	 3651	 3488	 4423	 3684
1	 3061	 3681	 4004	 3966
1	 3994	 3988	 3987	 4004
1	 2932	 2922	 2907	 4294
1	 2208	 2133	 2263	 3012
1	 2251	 2345	 3309	 4684
1	 3309	 2251	 4684	 3499
1	 3703	 3772	 3499	 4684
1	 2251	 2345	 4684	 2209
1	 2345	 3309	 4684	 4685
1	 3309	 4684	 4685	 3703
1	 3499	 3703	 4684	 3309
1	 3736	 3786	 3703	 4685
1	 3786	 3736	 3740	 4685
1	 4684	 2345	 4685	 4686
1	 4685	 4684	 4686	 3703
1	 3786	 3703	 4685	 4686
1	 4685	 3786	 4686	 2345
1	 4684	 2345	 4686	 2209
1	 2345	 4686	 2209	 2285
1	 4686	 2209	 2285	 2222
1	 2285	 2222	 3315	 4686
1	 3786	 3315	 3534	 4686
1	 3786	 3315	 4686	 3396
1	 3740	 3736	 3309	 4685
1	 575	 452	 493	 4687
1	 575	 452	 4687	 479
1	 452	 3446	 493	 4687
1	 493	 575	 4687	 598
1	 575	 4687	 598	 3111
1	 3175	 911	 983	 954
1	 983	 954	 1070	 3175
1	 1070	 954	 3209	 3175
1	 954	 1070	 3209	 3101
1	 1070	 3209	 3101	 3303
1	 3209	 3101	 3303	 1110
1	 1257	 1110	 1181	 3303
1	 1181	 1257	 3303	 1220
1	 4581	 4569	 4574	 120
1	 115	 126	 117	 4569
1	 115	 120	 126	 4569
1	 102	 4569	 115	 117
1	 4574	 4569	 3262	 126
1	 4581	 115	 4569	 120
1	 3857	 3764	 3844	 3617
1	 3844	 3857	 3617	 4340
1	 3857	 3617	 4340	 4344
1	 3844	 3857	 4340	 4391
1	 491	 637	 3455	 3572
1	 93	 105	 97	 4688
1	 76	 4984	 172	 93
1	 4234	 4226	 2917	 4238
1	 3259	 1711	 3312	 1760
1	 2070	 1915	 3021	 3441
1	 3198	 2070	 2132	 3441
1	 3021	 2070	 3441	 2132
1	 3361	 3441	 2182	 2132
1	 2182	 2018	 3426	 3361
1	 2070	 3198	 3197	 3441
1	 799	 720	 798	 849
1	 2045	 2020	 3679	 3349
1	 2020	 3442	 2140	 2058
1	 3442	 3260	 2058	 2020
1	 3679	 3442	 3349	 2020
1	 3679	 3260	 3442	 2020
1	 2770	 2758	 4470	 4471
1	 2770	 2758	 4471	 2830
1	 4504	 4516	 4514	 444
1	 158	 185	 189	 2
1	 158	 2	 216	 185
1	 240	 185	 4981	 189
1	 189	 11	 8	 3172
1	 189	 8	 185	 4981
1	 3041	 240	 4981	 223
1	 185	 8	 189	 2
1	 2	 158	 216	 146
1	 423	 4580	 3257	 4576
1	 4580	 4754	 4576	 4573
1	 3699	 3737	 3700	 3877
1	 3524	 3700	 3737	 3877
1	 1213	 1280	 1164	 1185
1	 1832	 1792	 1649	 1756
1	 3246	 3068	 3144	 316
1	 3093	 1046	 916	 4815
1	 5	 1	 3	 155
1	 155	 1	 9	 5
1	 2397	 2263	 3291	 2365
1	 4348	 2397	 3291	 2365
1	 2343	 4841	 2397	 3291
1	 3139	 4283	 4285	 4477
1	 4283	 3139	 2657	 4477
1	 1332	 1307	 1224	 1248
1	 1307	 1332	 1331	 1248
1	 1886	 1826	 3310	 1943
1	 3310	 1826	 1933	 1943
1	 4050	 4057	 2898	 2895
1	 2895	 2873	 2898	 4050
1	 4060	 4050	 4051	 2895
1	 2097	 2201	 4390	 3423
1	 2921	 2916	 2929	 4689
1	 2929	 2921	 4689	 3585
1	 2929	 2921	 3585	 2930
1	 4155	 3585	 4689	 2921
1	 2921	 2916	 4689	 4155
1	 2921	 2916	 4155	 2908
1	 2916	 2929	 4689	 2924
1	 4689	 2916	 2924	 4057
1	 4689	 2916	 4057	 4155
1	 4060	 4147	 4057	 4155
1	 4147	 4057	 4155	 4689
1	 737	 762	 752	 4690
1	 737	 762	 4690	 4691
1	 716	 663	 677	 762
1	 710	 737	 4682	 4691
1	 756	 4690	 4691	 4682
1	 4682	 744	 696	 756
1	 696	 756	 628	 4691
1	 756	 628	 4691	 733
1	 677	 628	 733	 4691
1	 733	 832	 677	 4691
1	 4690	 737	 4682	 752
1	 737	 4682	 752	 651
1	 762	 4690	 4691	 4692
1	 733	 832	 4691	 4692
1	 832	 733	 882	 4692
1	 882	 756	 4690	 4692
1	 4692	 4691	 733	 756
1	 733	 756	 882	 4692
1	 4690	 756	 882	 805
1	 4692	 4690	 4691	 756
1	 4690	 756	 805	 851
1	 756	 744	 851	 4690
1	 744	 4682	 4690	 756
1	 696	 756	 4691	 4682
1	 4691	 762	 4692	 832
1	 762	 4690	 4692	 4693
1	 870	 4693	 4694	 4690
1	 4690	 762	 752	 870
1	 752	 817	 870	 762
1	 915	 762	 4693	 870
1	 752	 870	 4694	 4690
1	 4693	 870	 4694	 4695
1	 870	 1009	 924	 4695
1	 984	 924	 1009	 4695
1	 870	 1009	 4695	 915
1	 4695	 870	 915	 4693
1	 870	 752	 4694	 835
1	 924	 835	 870	 4694
1	 4693	 762	 4690	 870
1	 4695	 851	 4694	 4693
1	 4690	 805	 4693	 851
1	 805	 851	 4695	 4693
1	 870	 4694	 4695	 924
1	 817	 883	 915	 762
1	 883	 762	 4692	 915
1	 915	 817	 762	 870
1	 4690	 4692	 4693	 882
1	 4693	 805	 4690	 882
1	 1720	 1636	 2005	 1808
1	 1668	 1636	 1720	 1808
1	 1720	 1636	 1668	 1588
1	 1668	 1720	 1588	 1669
1	 1588	 1507	 1636	 1668
1	 1636	 1507	 1519	 1668
1	 1636	 1650	 1668	 1519
1	 2047	 1852	 2005	 2030
1	 1852	 2005	 2030	 1866
1	 1852	 2046	 1866	 2030
1	 1852	 2005	 1866	 1636
1	 1668	 1808	 1852	 1636
1	 501	 444	 443	 4514
1	 4164	 4053	 4152	 3793
1	 3648	 318	 3742	 4556
1	 2342	 2230	 2171	 3383
1	 2171	 2342	 3383	 2195
1	 3067	 2342	 2195	 3383
1	 3996	 3989	 3997	 4029
1	 4029	 3989	 3221	 3996
1	 3992	 3994	 3998	 4812
1	 2876	 2853	 2875	 4221
1	 4127	 4125	 2875	 3916
1	 2876	 4221	 2858	 2853
1	 1719	 1770	 1839	 1913
1	 1807	 1913	 1770	 1821
1	 1719	 1913	 1821	 1770
1	 2630	 2506	 3332	 2410
1	 3733	 2630	 3740	 2410
1	 30	 48	 35	 4616
1	 4615	 41	 48	 4610
1	 3497	 3674	 3762	 3774
1	 3626	 3497	 3774	 3596
1	 3530	 3694	 3697	 3054
1	 1401	 1495	 1385	 1474
1	 1522	 1495	 1401	 1474
1	 1385	 1401	 1474	 3154
1	 1522	 1495	 1474	 1695
1	 1495	 1385	 1474	 1535
1	 1474	 1385	 1561	 1535
1	 1474	 1561	 1695	 1535
1	 1695	 1561	 1719	 1535
1	 1495	 1474	 1695	 1535
1	 1535	 1495	 1666	 1695
1	 4226	 2926	 2917	 4238
1	 4238	 4237	 2926	 4244
1	 4238	 4237	 4234	 4226
1	 4226	 2903	 2904	 2917
1	 4238	 2926	 2917	 2927
1	 2917	 4238	 2927	 2912
1	 1386	 1412	 1482	 4431
1	 692	 790	 753	 4696
1	 2464	 2451	 2408	 3977
1	 3856	 4230	 3841	 4206
1	 4206	 3911	 4230	 3841
1	 1858	 4031	 1828	 4105
1	 1738	 4105	 1858	 1828
1	 1858	 4031	 4105	 1918
1	 3608	 3629	 3630	 3628
1	 3608	 3375	 3449	 3629
1	 3629	 3630	 3628	 3667
1	 1981	 2007	 2059	 3644
1	 249	 277	 3424	 3652
1	 249	 3348	 3652	 3424
1	 277	 319	 3424	 379
1	 3424	 277	 379	 3555
1	 2830	 2840	 4471	 2823
1	 4471	 2770	 2840	 4470
1	 2840	 4471	 4470	 3252
1	 2840	 2770	 2817	 4470
1	 3252	 2840	 2842	 4470
1	 2770	 2817	 4470	 2693
1	 2847	 3252	 4085	 4471
1	 780	 856	 701	 800
1	 3335	 1151	 1072	 1193
1	 4137	 3183	 4200	 2604
1	 2604	 3183	 3040	 4137
1	 1590	 1413	 1410	 1382
1	 1413	 1410	 1382	 1267
1	 1382	 1413	 1267	 1258
1	 1358	 1410	 1413	 1267
1	 1392	 1358	 1267	 1410
1	 1410	 1382	 1267	 1392
1	 3458	 699	 829	 794
1	 4432	 3014	 4435	 3181
1	 4435	 2009	 3181	 3014
1	 2033	 2009	 3014	 1884
1	 3181	 2009	 1916	 3014
1	 2033	 3014	 2009	 4435
1	 3014	 1916	 1884	 2009
1	 138	 145	 140	 3565
1	 207	 3565	 140	 145
1	 207	 144	 145	 140
1	 2479	 2577	 3341	 4310
1	 2479	 2577	 4310	 2528
1	 4310	 2479	 2528	 2477
1	 3341	 3132	 2479	 4316
1	 4316	 3341	 4310	 2479
1	 2577	 2529	 3341	 2583
1	 521	 538	 4983	 3553
1	 4983	 481	 466	 403
1	 3321	 466	 403	 4983
1	 3136	 1202	 1138	 1062
1	 1062	 1202	 1087	 4700
1	 1087	 1062	 1158	 1202
1	 1158	 1138	 1202	 1062
1	 1132	 1087	 1158	 1202
1	 3062	 2383	 4010	 4009
1	 1394	 1464	 1436	 1331
1	 1464	 1436	 1331	 1382
1	 1413	 1464	 1360	 1331
1	 1258	 1331	 1382	 1413
1	 1413	 1464	 1331	 1382
1	 2083	 1861	 3307	 4103
1	 4103	 4042	 4041	 3307
1	 4042	 1908	 3042	 3307
1	 1861	 1704	 3307	 4041
1	 4247	 4229	 4228	 4299
1	 4207	 4247	 4228	 4214
1	 4207	 4247	 4214	 4213
1	 2243	 2197	 2160	 3083
1	 3083	 2243	 2197	 3402
1	 2368	 2378	 3402	 2197
1	 2349	 3002	 2263	 2365
1	 3901	 3921	 3924	 3922
1	 1650	 1868	 1683	 1866
1	 1868	 1683	 1866	 1782
1	 1866	 1868	 1782	 2029
1	 2046	 1868	 1866	 2029
1	 2046	 1868	 2029	 2006
1	 1868	 1733	 1683	 1782
1	 1733	 1683	 1782	 1781
1	 1868	 1733	 1782	 1938
1	 1868	 1782	 2029	 1938
1	 1868	 2029	 2006	 1938
1	 1782	 2029	 1938	 2086
1	 1469	 1517	 1468	 3179
1	 1469	 1468	 1517	 1337
1	 4922	 3377	 1468	 1408
1	 3204	 2307	 2233	 2391
1	 1526	 1674	 1593	 1676
1	 1593	 1594	 1526	 1676
1	 1523	 3085	 1487	 1589
1	 1708	 1619	 1794	 1621
1	 105	 97	 4688	 114
1	 4506	 4508	 114	 4688
1	 93	 4892	 105	 4688
1	 3795	 3869	 4052	 4162
1	 2227	 2279	 2296	 2247
1	 2247	 2279	 2178	 2227
1	 2362	 2227	 2296	 2346
1	 3206	 855	 925	 997
1	 1666	 1495	 1522	 1695
1	 1522	 1721	 1431	 1666
1	 1368	 1434	 1509	 1431
1	 1401	 1368	 1431	 1434
1	 1509	 1434	 1368	 1486
1	 1431	 1509	 1368	 1550
1	 1431	 1509	 1550	 1721
1	 1522	 1431	 1721	 1509
1	 1795	 1721	 1550	 1509
1	 1431	 1550	 1835	 1721
1	 1666	 1835	 1721	 1431
1	 696	 670	 4682	 580
1	 4008	 4010	 2315	 2456
1	 4010	 3986	 4009	 4008
1	 3658	 3606	 3802	 3648
1	 3424	 3658	 3802	 3348
1	 3100	 3036	 949	 941
1	 3088	 3458	 3382	 3188
1	 2849	 2824	 4439	 4438
1	 2940	 3503	 3578	 2952
1	 2940	 2919	 2952	 3578
1	 3503	 3585	 2952	 3575
1	 2235	 2210	 3287	 3749
1	 3287	 3745	 2210	 2071
1	 790	 753	 4696	 836
1	 836	 795	 790	 753
1	 753	 692	 4696	 652
1	 2354	 2213	 2302	 4374
1	 5014	 2864	 2856	 4168
1	 2872	 4051	 4168	 2864
1	 2872	 4168	 4051	 4150
1	 4149	 4150	 4051	 4168
1	 1409	 3028	 1422	 1537
1	 3438	 3436	 3378	 3054
1	 3436	 3508	 3054	 3438
1	 1297	 1298	 3005	 1451
1	 3005	 1297	 1451	 1324
1	 3734	 3737	 3692	 3735
1	 689	 650	 3610	 3609
1	 3610	 689	 3609	 3125
1	 539	 689	 3609	 661
1	 661	 689	 3609	 650
1	 3610	 689	 3125	 613
1	 2080	 2047	 2094	 1965
1	 2008	 2047	 1914	 1965
1	 2080	 2047	 1965	 1914
1	 1965	 2093	 2095	 2094
1	 1914	 2008	 1965	 1927
1	 2008	 1914	 1796	 1927
1	 2667	 2632	 2581	 4079
1	 1288	 1333	 1320	 1201
1	 1333	 1417	 1320	 1286
1	 1320	 1333	 1286	 1201
1	 2950	 2956	 2928	 4328
1	 2939	 4243	 2937	 2926
1	 2939	 4243	 2926	 2925
1	 1664	 1586	 1732	 1597
1	 1597	 1586	 1693	 1664
1	 1693	 1597	 1664	 1867
1	 1848	 1850	 1693	 1867
1	 1850	 1693	 1867	 1709
1	 1867	 1709	 1979	 1850
1	 1664	 1693	 1867	 1848
1	 1709	 1867	 1597	 1693
1	 1597	 1664	 1867	 1732
1	 1664	 1867	 1732	 1848
1	 1875	 3311	 3532	 1812
1	 1812	 1905	 3493	 3532
1	 2617	 2646	 2682	 3128
1	 1996	 1869	 3845	 1928
1	 1747	 3045	 1928	 1723
1	 3088	 818	 690	 3188
1	 690	 3459	 729	 671
1	 729	 3519	 671	 3459
1	 729	 3519	 3459	 3188
1	 3459	 729	 3188	 690
1	 3458	 3459	 3188	 3088
1	 1266	 3211	 1235	 3075
1	 3442	 3603	 3349	 2140
1	 1188	 1206	 3064	 1097
1	 3064	 1206	 1143	 1097
1	 1252	 1339	 3336	 3397
1	 1252	 1339	 3397	 1348
1	 1339	 3397	 1348	 1462
1	 1339	 1231	 3336	 1262
1	 1068	 1016	 3215	 991
1	 4429	 3181	 4675	 2022
1	 4433	 4429	 4675	 4426
1	 135	 134	 3262	 152
1	 135	 3262	 191	 152
1	 1413	 1464	 1382	 1590
1	 3360	 3192	 3399	 3372
1	 1699	 1562	 1482	 3045
1	 1699	 3755	 3045	 1482
1	 1699	 1639	 4978	 1481
1	 1481	 4978	 3755	 3756
1	 2386	 2416	 2372	 3288
1	 2829	 2828	 2850	 3444
1	 2815	 3464	 3444	 3345
1	 4227	 4225	 2885	 4389
1	 4225	 4232	 2896	 4389
1	 2896	 4225	 4389	 2885
1	 4225	 4232	 4389	 4227
1	 2861	 2896	 4387	 4389
1	 1326	 1473	 1519	 4697
1	 1519	 1326	 4697	 1423
1	 1473	 1519	 4697	 1536
1	 1326	 1473	 4697	 1312
1	 4007	 4029	 4119	 3989
1	 1391	 1455	 1369	 1358
1	 1455	 1369	 1358	 1285
1	 1122	 1135	 1073	 4698
1	 1122	 1135	 4698	 1198
1	 1135	 1073	 4698	 1053
1	 4669	 2459	 2521	 2472
1	 4669	 2459	 2472	 2471
1	 2459	 2521	 2472	 2396
1	 4175	 4061	 3714	 4056
1	 3714	 3661	 3664	 4175
1	 3661	 4175	 3510	 3664
1	 3510	 4175	 4443	 4179
1	 2226	 2311	 2304	 2355
1	 4698	 1122	 1198	 3350
1	 1122	 1198	 3350	 1189
1	 1073	 4895	 1122	 4698
1	 3347	 3101	 994	 941
1	 669	 802	 649	 3400
1	 669	 802	 3400	 715
1	 3990	 3999	 4699	 3083
1	 3999	 3990	 4699	 3966
1	 3981	 3980	 3966	 3990
1	 3966	 3981	 3990	 4419
1	 3990	 4373	 4699	 4372
1	 4699	 3990	 4372	 4419
1	 3999	 3991	 3083	 3990
1	 4699	 3083	 5005	 3402
1	 2284	 2218	 2161	 2149
1	 2218	 2284	 2375	 2149
1	 2284	 2375	 2149	 2110
1	 2161	 2284	 2149	 2110
1	 2110	 2030	 2149	 2046
1	 2284	 2375	 2110	 2250
1	 2284	 2161	 2233	 2250
1	 2161	 2284	 2110	 2250
1	 2161	 2233	 2250	 2124
1	 2250	 2161	 2124	 2110
1	 2159	 2250	 2124	 2110
1	 2284	 2375	 2250	 2391
1	 2391	 2313	 2233	 3204
1	 2391	 2284	 2307	 2233
1	 2284	 2375	 2391	 2398
1	 2307	 2284	 2391	 2398
1	 2284	 2375	 2398	 2323
1	 2218	 2161	 2149	 2006
1	 2086	 2149	 2029	 2006
1	 2029	 1938	 2086	 2006
1	 1938	 2086	 2006	 2123
1	 1757	 1717	 1585	 3398
1	 1585	 3398	 1743	 1757
1	 3398	 4671	 1743	 1757
1	 2810	 2825	 2827	 4413
1	 2825	 2810	 2807	 4413
1	 5014	 2825	 2798	 4413
1	 2952	 3585	 2946	 3575
1	 541	 584	 435	 3098
1	 435	 584	 536	 3098
1	 1109	 1081	 1001	 4700
1	 1109	 1081	 4700	 1139
1	 1081	 1001	 4700	 962
1	 1001	 1079	 4700	 1000
1	 1115	 1091	 1092	 1004
1	 4611	 4605	 463	 4607
1	 1286	 1301	 1224	 1201
1	 633	 675	 654	 4701
1	 4701	 633	 538	 622
1	 633	 675	 4701	 4702
1	 675	 4701	 4702	 3394
1	 660	 633	 582	 4702
1	 3114	 4701	 4702	 582
1	 582	 538	 3114	 4701
1	 4701	 3125	 4703	 508
1	 508	 3114	 4703	 4701
1	 508	 3394	 3125	 588
1	 588	 3125	 613	 3394
1	 4702	 4701	 3114	 3394
1	 3394	 3114	 508	 4701
1	 3114	 4703	 4701	 538
1	 4702	 4701	 633	 582
1	 538	 582	 633	 4701
1	 3114	 4702	 3394	 612
1	 4702	 3394	 612	 675
1	 782	 660	 4748	 4702
1	 4702	 633	 675	 782
1	 675	 4701	 3394	 3610
1	 675	 654	 4701	 3610
1	 966	 974	 1041	 4704
1	 1041	 966	 4704	 975
1	 917	 847	 975	 4704
1	 966	 974	 4704	 964
1	 974	 1041	 4704	 1124
1	 3556	 178	 3007	 227
1	 3556	 3228	 227	 3007
1	 3556	 178	 227	 222
1	 4216	 4219	 2901	 2876
1	 4216	 4219	 2876	 4221
1	 2253	 2199	 2234	 4705
1	 4705	 2253	 4825	 2234
1	 3205	 4033	 2010	 4825
1	 4705	 2234	 3205	 2308
1	 4045	 4013	 3205	 4705
1	 2308	 4395	 4705	 2199
1	 4705	 2308	 2199	 2234
1	 2253	 2199	 4705	 2252
1	 4395	 4705	 2199	 3984
1	 2864	 2859	 4051	 3502
1	 4051	 2873	 3491	 2859
1	 1007	 1069	 3193	 1117
1	 4667	 2288	 4663	 4399
1	 2325	 4045	 4394	 4399
1	 4398	 4358	 4400	 4399
1	 4358	 4400	 4667	 3194
1	 4358	 3194	 4028	 4400
1	 1285	 1369	 1219	 1455
1	 3048	 1219	 1552	 1523
1	 335	 234	 266	 4706
1	 335	 234	 4706	 369
1	 234	 266	 4706	 206
1	 266	 335	 4706	 329
1	 1796	 1914	 1720	 1784
1	 1720	 1588	 1796	 1620
1	 1620	 1720	 1784	 1796
1	 1670	 1722	 1796	 1784
1	 1658	 1863	 1862	 4707
1	 1879	 1862	 1975	 1863
1	 1862	 1658	 4707	 1705
1	 1862	 1658	 1705	 1656
1	 1705	 1555	 1656	 1582
1	 1658	 1515	 1582	 1656
1	 1658	 1863	 4707	 4355
1	 2916	 2895	 4057	 4155
1	 4155	 4060	 2883	 2895
1	 2883	 4155	 2895	 2908
1	 2908	 2895	 2916	 4155
1	 2883	 2873	 2895	 4051
1	 4060	 4051	 2883	 2895
1	 2895	 4057	 4155	 4060
1	 2141	 2059	 2007	 3525
1	 2059	 2007	 3525	 3644
1	 1867	 1732	 1848	 1937
1	 977	 3070	 938	 1047
1	 1288	 1239	 1146	 1156
1	 1291	 1277	 1156	 1240
1	 1383	 1291	 1240	 1277
1	 1156	 1240	 1277	 1288
1	 1288	 1146	 1277	 1156
1	 4552	 4556	 3742	 4554
1	 4427	 4421	 4073	 3888
1	 4313	 4073	 4427	 4130
1	 1363	 1573	 1465	 1335
1	 1573	 1335	 1543	 1465
1	 1465	 1574	 1627	 1644
1	 1275	 1543	 1465	 1627
1	 1275	 1465	 1543	 1335
1	 1465	 1275	 1363	 1335
1	 848	 760	 856	 4708
1	 3255	 760	 4708	 856
1	 3429	 712	 848	 732
1	 848	 856	 877	 4708
1	 742	 800	 856	 4708
1	 4708	 856	 877	 800
1	 856	 780	 877	 800
1	 4708	 742	 839	 858
1	 877	 848	 4708	 3320
1	 848	 877	 937	 3320
1	 2752	 2767	 2807	 4413
1	 2263	 2208	 2158	 2133
1	 2338	 2078	 2133	 2263
1	 2078	 2158	 2263	 2349
1	 2661	 2670	 2590	 4709
1	 2590	 3091	 4709	 2670
1	 2661	 2670	 4709	 2760
1	 2590	 2661	 4709	 2570
1	 4354	 3944	 4782	 2439
1	 2422	 2379	 2295	 3960
1	 2270	 2379	 3956	 2295
1	 3960	 2379	 2295	 3956
1	 2379	 2446	 2360	 3956
1	 2295	 2146	 3960	 3956
1	 3158	 3956	 2146	 2270
1	 3158	 2270	 2360	 3956
1	 2394	 3953	 3955	 2360
1	 2270	 2379	 2360	 3956
1	 29	 168	 170	 269
1	 4175	 4179	 4180	 4443
1	 4440	 4443	 4175	 4180
1	 3184	 913	 1010	 1011
1	 4494	 360	 294	 417
1	 3610	 3461	 650	 786
1	 4626	 4624	 3041	 4711
1	 4624	 3041	 4711	 3172
1	 4894	 4624	 4614	 4711
1	 4614	 297	 334	 225
1	 3068	 4626	 3041	 4711
1	 1696	 1759	 1761	 3284
1	 3284	 1759	 1981	 3705
1	 3814	 3284	 1759	 1696
1	 1981	 1759	 3284	 1761
1	 3705	 3644	 1759	 1981
1	 3644	 1759	 1981	 2007
1	 3705	 3644	 1981	 3677
1	 3758	 3284	 4924	 3677
1	 3646	 3758	 3284	 3754
1	 1673	 1750	 1651	 3276
1	 1651	 3276	 1598	 1673
1	 1943	 1902	 1930	 4712
1	 1902	 1930	 4712	 4713
1	 1902	 1930	 4713	 1841
1	 4712	 1902	 4713	 4714
1	 1902	 1855	 1942	 4714
1	 1942	 1902	 4714	 4713
1	 1997	 2032	 1855	 4714
1	 1902	 1855	 4714	 1900
1	 1855	 1997	 4714	 1900
1	 1886	 1900	 1902	 4712
1	 1886	 4712	 4715	 1900
1	 1902	 1900	 1886	 1811
1	 1811	 1825	 1900	 1886
1	 4712	 1902	 1886	 1943
1	 4713	 4712	 4714	 4018
1	 4022	 4429	 4018	 4713
1	 4712	 4714	 4018	 4715
1	 4714	 4018	 4715	 1997
1	 2162	 1997	 4019	 4018
1	 1997	 4019	 4018	 4715
1	 2162	 1997	 4018	 2032
1	 1997	 4018	 2032	 4714
1	 4019	 4018	 4715	 4023
1	 4018	 4715	 4023	 4712
1	 4715	 4712	 4714	 1900
1	 1930	 4712	 4713	 4030
1	 641	 730	 629	 3159
1	 629	 641	 3159	 567
1	 240	 273	 223	 3041
1	 2589	 2651	 2628	 4141
1	 3331	 2628	 2651	 4141
1	 2628	 2589	 4141	 2644
1	 2899	 2753	 3004	 4920
1	 841	 948	 840	 3365
1	 1424	 3028	 1422	 1315
1	 186	 204	 221	 4716
1	 186	 204	 4716	 182
1	 204	 221	 4716	 279
1	 14	 190	 4989	 186
1	 1962	 1791	 1908	 4661
1	 4424	 3891	 4426	 3651
1	 3651	 3887	 4426	 3889
1	 4694	 752	 4690	 4682
1	 1091	 1092	 1131	 1157
1	 1115	 1157	 1228	 1092
1	 1228	 1157	 1131	 1092
1	 1092	 1091	 1115	 1157
1	 1228	 1093	 1106	 1092
1	 522	 486	 3446	 408
1	 530	 522	 3446	 4717
1	 3446	 530	 4717	 4687
1	 4717	 3446	 4687	 493
1	 452	 493	 3446	 378
1	 530	 522	 4717	 646
1	 522	 3446	 4717	 4718
1	 3446	 4717	 4718	 493
1	 4718	 525	 4873	 522
1	 522	 3446	 4718	 408
1	 961	 1043	 933	 988
1	 920	 933	 3295	 978
1	 1043	 933	 988	 3020
1	 3295	 3020	 933	 1042
1	 1043	 961	 1091	 999
1	 961	 1043	 988	 999
1	 4636	 309	 432	 352
1	 3745	 3749	 2210	 4719
1	 4719	 4817	 4928	 3745
1	 2071	 2000	 3745	 2210
1	 3745	 3749	 4719	 3741
1	 4928	 2210	 4710	 4719
1	 3242	 3431	 3378	 3435
1	 3431	 3438	 3378	 3435
1	 3438	 3378	 3435	 4100
1	 3378	 3435	 4100	 3358
1	 3438	 3378	 4100	 3054
1	 2728	 2757	 3328	 2699
1	 2757	 2756	 2795	 3328
1	 3328	 2756	 2715	 2757
1	 1424	 1539	 1390	 1422
1	 1422	 1342	 1507	 1390
1	 1424	 1539	 1422	 1540
1	 1428	 1398	 1419	 1470
1	 3978	 4389	 4232	 3863
1	 4232	 3978	 3863	 3803
1	 4389	 4232	 3863	 4227
1	 3847	 4391	 3764	 3978
1	 3863	 4232	 3803	 4224
1	 3863	 4232	 4224	 4227
1	 3710	 3711	 3237	 4720
1	 3711	 3237	 4720	 3772
1	 3534	 3711	 3772	 3515
1	 3710	 3711	 4720	 3506
1	 3237	 3710	 4720	 2023
1	 2023	 1996	 2117	 3710
1	 3778	 3635	 3817	 3825
1	 795	 808	 753	 836
1	 3696	 3507	 3414	 3481
1	 419	 353	 375	 4721
1	 419	 364	 4721	 406
1	 375	 419	 4721	 383
1	 419	 4721	 383	 398
1	 406	 398	 365	 4721
1	 419	 4721	 398	 406
1	 365	 406	 4721	 323
1	 353	 375	 4721	 279
1	 398	 365	 4721	 3231
1	 242	 305	 4776	 282
1	 305	 282	 306	 4776
1	 2956	 2965	 2928	 4328
1	 2649	 2654	 2564	 3178
1	 2564	 2649	 3178	 2580
1	 4619	 462	 3569	 511
1	 263	 315	 241	 4722
1	 361	 3171	 4604	 4722
1	 4722	 263	 315	 361
1	 3171	 263	 4615	 4722
1	 5019	 58	 241	 4722
1	 201	 22	 263	 241
1	 2437	 2461	 2508	 4312
1	 269	 29	 168	 202
1	 202	 4853	 269	 29
1	 3493	 3480	 3532	 2100
1	 1905	 3532	 2100	 3493
1	 3532	 3480	 2267	 2100
1	 3480	 3532	 3615	 3493
1	 1596	 1783	 1833	 1781
1	 1596	 1833	 1783	 1806
1	 2654	 2679	 4414	 2702
1	 2767	 2702	 4414	 2679
1	 2607	 2522	 4669	 2561
1	 702	 787	 827	 3461
1	 4134	 2476	 2541	 2589
1	 4644	 4643	 3470	 727
1	 702	 676	 727	 3470
1	 4643	 3470	 727	 676
1	 702	 676	 3634	 573
1	 4643	 3634	 3470	 676
1	 676	 3634	 573	 594
1	 2792	 2713	 2992	 2984
1	 2713	 3273	 2984	 3099
1	 1932	 4030	 4023	 4712
1	 4712	 1930	 1943	 1932
1	 148	 201	 12	 22
1	 1604	 1748	 1745	 1746
1	 1745	 1622	 1713	 3077
1	 4653	 3642	 3766	 3622
1	 1769	 3642	 4653	 3622
1	 4293	 4296	 3942	 4122
1	 3942	 4296	 3943	 4122
1	 3972	 3753	 3771	 4723
1	 1737	 1874	 1944	 4723
1	 3972	 3753	 4723	 3177
1	 3753	 3771	 4723	 3757
1	 3972	 3771	 3051	 4723
1	 1828	 4032	 1827	 4370
1	 2236	 2165	 4710	 2201
1	 1133	 1035	 1080	 4724
1	 3336	 1231	 1252	 4736
1	 1133	 1035	 4724	 1028
1	 3301	 666	 3299	 593
1	 593	 569	 3570	 3301
1	 3301	 3299	 3570	 593
1	 3301	 3570	 3299	 3390
1	 3887	 3892	 4427	 4426
1	 2670	 4709	 2760	 2719
1	 3885	 3872	 3649	 3870
1	 2116	 1898	 1988	 4000
1	 3083	 2116	 1988	 4000
1	 3337	 4425	 2283	 4424
1	 2232	 2344	 3337	 2313
1	 3447	 3204	 3337	 2313
1	 2434	 2466	 2313	 3447
1	 2566	 2434	 3447	 2466
1	 3337	 3447	 2313	 2344
1	 3337	 3447	 2344	 4425
1	 4076	 3488	 4425	 4078
1	 4078	 4076	 4077	 4425
1	 4070	 4077	 4425	 2500
1	 2500	 2466	 4077	 4425
1	 3447	 4425	 4077	 2466
1	 3447	 4425	 2466	 2344
1	 2500	 2466	 4425	 2344
1	 2313	 2434	 3447	 3204
1	 2790	 3218	 2738	 2953
1	 2790	 2738	 2959	 2953
1	 1367	 1399	 1403	 1433
1	 1399	 1403	 1433	 1551
1	 1379	 1399	 1551	 1403
1	 3219	 3813	 3284	 1478
1	 3284	 1639	 3219	 1478
1	 1639	 3219	 1478	 1524
1	 1639	 3219	 1524	 1696
1	 3219	 3813	 1478	 3258
1	 4138	 4140	 3967	 3981
1	 4746	 1694	 1538	 1710
1	 1619	 1538	 1710	 4746
1	 4746	 1538	 1694	 1637
1	 1621	 1744	 1510	 1619
1	 375	 340	 383	 4721
1	 1849	 2123	 1793	 2157
1	 2619	 2684	 2625	 3147
1	 3109	 2684	 2619	 3147
1	 3408	 3032	 4644	 788
1	 3408	 3032	 788	 3365
1	 2678	 3245	 2716	 2665
1	 1895	 1951	 2066	 3235
1	 1074	 1145	 1199	 3019
1	 3019	 1199	 1247	 1222
1	 1199	 1145	 1222	 3019
1	 3495	 1865	 3176	 1661
1	 4674	 3176	 1661	 3495
1	 1629	 1865	 1934	 3495
1	 3495	 3176	 1865	 3138
1	 3495	 1934	 1629	 1894
1	 3495	 3138	 1934	 4799
1	 3495	 3494	 1934	 1894
1	 84	 74	 65	 4725
1	 4725	 65	 4855	 74
1	 65	 84	 4725	 57
1	 2540	 2548	 2474	 3777
1	 3777	 3862	 2540	 2548
1	 3862	 3777	 3782	 3298
1	 3784	 3782	 3777	 3298
1	 3900	 3298	 3862	 3782
1	 4379	 3782	 3784	 3298
1	 3383	 2260	 3067	 2337
1	 957	 915	 883	 4726
1	 915	 883	 4726	 4692
1	 4693	 4692	 762	 915
1	 957	 915	 4726	 3335
1	 3335	 4726	 4884	 982
1	 957	 4884	 3335	 4726
1	 1071	 1072	 957	 3335
1	 4726	 3335	 915	 4695
1	 883	 957	 4726	 963
1	 2498	 2470	 2511	 4336
1	 2498	 2470	 4727	 2361
1	 2470	 4331	 4727	 4728
1	 2470	 4331	 4728	 2480
1	 2480	 4335	 4331	 4728
1	 4320	 4331	 4335	 4728
1	 4727	 2470	 4728	 2404
1	 2470	 4728	 2404	 2414
1	 2404	 2294	 2414	 4098
1	 4099	 4098	 4097	 4728
1	 4331	 4727	 4728	 4320
1	 4727	 4728	 4320	 4097
1	 4336	 4331	 4727	 2470
1	 1234	 3154	 1474	 1401
1	 4813	 2851	 2838	 4458
1	 699	 685	 3457	 3300
1	 685	 3300	 3390	 3457
1	 699	 685	 3300	 731
1	 653	 3389	 685	 723
1	 1912	 1969	 1992	 1767
1	 1969	 1992	 1767	 1911
1	 1767	 1969	 1911	 2016
1	 2355	 2239	 2301	 2295
1	 2146	 2301	 2239	 2295
1	 2735	 2728	 2999	 4729
1	 2995	 2989	 2998	 4876
1	 2728	 3328	 4729	 2699
1	 2998	 2735	 2999	 4729
1	 2998	 3328	 4729	 2999
1	 2735	 2708	 2728	 4729
1	 1568	 1585	 1717	 3398
1	 1312	 1326	 1244	 1314
1	 4697	 1326	 1312	 1314
1	 1314	 1389	 1536	 4697
1	 1326	 4697	 1423	 1389
1	 1389	 1423	 1536	 4697
1	 4697	 1326	 1314	 1389
1	 1423	 1536	 4697	 1519
1	 270	 291	 399	 4730
1	 4730	 270	 291	 3063
1	 399	 270	 4730	 3248
1	 3248	 399	 3144	 4730
1	 399	 270	 3248	 382
1	 3144	 4711	 4730	 316
1	 291	 316	 399	 4730
1	 3868	 3871	 3653	 3607
1	 3653	 3607	 3649	 3868
1	 3607	 3653	 4163	 3871
1	 3653	 4163	 3871	 3865
1	 3698	 3657	 3697	 4163
1	 4163	 3698	 4158	 3697
1	 1507	 1390	 1327	 1423
1	 1423	 1326	 1389	 1327
1	 1423	 1326	 1507	 1519
1	 4307	 4304	 3769	 3759
1	 3953	 4354	 2439	 3944
1	 1227	 1241	 1131	 1302
1	 1308	 1275	 1302	 1227
1	 1275	 1302	 1227	 3090
1	 1302	 1308	 1227	 1241
1	 1131	 3090	 1227	 1302
1	 1226	 1302	 3090	 1131
1	 1227	 1225	 1275	 3090
1	 1225	 1275	 3090	 1335
1	 3090	 1225	 1335	 1210
1	 1275	 3090	 1335	 1302
1	 667	 604	 577	 3256
1	 578	 3374	 3282	 532
1	 3374	 3281	 3282	 3440
1	 2038	 4116	 2126	 1857
1	 2885	 4227	 4389	 2866
1	 786	 827	 840	 3356
1	 786	 827	 3356	 3461
1	 22	 30	 15	 4616
1	 4616	 15	 4977	 30
1	 1789	 1815	 1892	 1705
1	 576	 487	 4731	 450
1	 3257	 487	 450	 4731
1	 576	 544	 4731	 593
1	 487	 576	 4731	 604
1	 544	 576	 4731	 450
1	 3257	 450	 544	 4731
1	 4266	 2969	 4255	 2982
1	 2968	 2969	 2982	 4255
1	 4266	 4255	 4256	 2982
1	 2094	 2191	 2159	 2093
1	 2159	 2080	 2094	 2093
1	 1230	 1108	 1163	 1243
1	 1108	 1163	 1243	 1212
1	 838	 964	 903	 4732
1	 964	 903	 4732	 966
1	 838	 964	 4732	 3206
1	 838	 964	 3206	 925
1	 855	 3206	 838	 837
1	 4715	 1886	 1900	 1825
1	 3885	 3870	 3886	 3872
1	 3870	 3886	 3872	 4356
1	 3870	 3880	 3886	 3894
1	 3886	 3870	 3894	 4356
1	 3886	 3880	 3882	 3894
1	 1682	 1707	 1779	 3138
1	 3176	 1707	 1682	 3138
1	 1634	 1865	 3176	 1682
1	 3176	 1865	 3138	 1682
1	 4161	 4153	 4160	 3582
1	 2862	 2685	 2860	 3115
1	 2723	 2832	 3115	 2862
1	 2862	 2723	 2832	 2777
1	 2298	 3325	 2143	 2173
1	 938	 918	 960	 919
1	 1596	 1667	 1806	 1783
1	 3996	 4979	 3997	 2081
1	 1856	 2024	 2081	 3997
1	 2321	 2440	 2320	 4733
1	 2440	 2320	 4733	 2319
1	 2473	 3024	 4740	 4733
1	 2440	 3024	 4733	 2424
1	 4733	 2440	 2424	 2321
1	 2320	 2321	 4733	 4453
1	 1769	 1743	 1518	 3478
1	 1412	 1482	 4431	 1481
1	 3755	 1481	 4431	 1482
1	 1159	 1197	 1187	 1254
1	 1260	 1230	 4734	 1242
1	 1102	 1049	 1242	 4734
1	 3222	 1260	 4734	 3213
1	 1242	 1102	 4734	 1260
1	 1260	 1103	 1242	 1102
1	 3222	 1260	 3213	 1346
1	 1230	 1346	 1260	 3222
1	 1230	 3222	 3131	 1346
1	 1260	 4736	 3213	 1346
1	 4734	 3213	 4735	 1050
1	 3213	 1050	 1169	 4735
1	 1186	 3213	 3222	 1050
1	 1050	 1108	 4734	 3222
1	 1054	 1050	 1108	 4734
1	 1163	 1108	 1230	 4734
1	 1163	 1242	 1049	 4734
1	 1260	 4734	 1230	 3222
1	 3695	 4443	 4440	 4444
1	 4444	 4441	 4442	 4440
1	 3695	 4440	 4441	 4444
1	 3854	 3855	 3412	 4737
1	 3854	 4737	 4841	 3851
1	 3412	 3854	 4737	 3317
1	 3566	 3855	 4737	 3412
1	 3525	 3412	 3450	 3566
1	 4799	 1950	 1993	 4670
1	 4670	 1768	 3138	 1950
1	 2478	 2423	 2405	 4738
1	 2478	 4743	 2423	 4738
1	 4739	 4738	 2405	 2423
1	 2478	 2312	 2364	 4738
1	 4738	 2405	 3232	 4739
1	 3232	 4738	 4739	 4740
1	 2407	 3232	 2319	 4740
1	 2473	 2407	 2319	 4740
1	 4740	 2319	 2473	 4733
1	 4740	 2537	 4742	 2473
1	 2490	 4740	 2407	 2537
1	 4740	 2407	 2537	 2473
1	 4740	 3024	 2473	 4742
1	 4738	 4739	 4740	 4741
1	 4740	 4738	 4741	 4742
1	 2537	 2538	 4742	 2473
1	 2537	 2538	 2555	 4742
1	 2575	 2537	 2555	 4742
1	 4744	 4742	 4475	 2555
1	 2490	 2575	 4742	 2537
1	 4740	 4738	 4742	 2490
1	 4742	 4740	 2490	 2537
1	 4742	 3223	 2490	 4738
1	 2405	 2430	 4739	 2423
1	 4741	 2423	 4738	 4739
1	 4738	 4741	 4742	 4743
1	 4738	 4741	 4743	 2423
1	 2430	 2423	 4741	 4739
1	 2478	 2423	 4743	 2481
1	 4742	 4738	 4743	 3223
1	 4741	 4740	 4742	 3024
1	 3024	 2538	 2473	 4742
1	 4733	 2440	 2319	 2473
1	 4741	 4742	 4743	 4744
1	 4743	 4741	 4744	 4268
1	 4268	 3024	 4741	 4744
1	 3024	 4741	 4744	 4742
1	 3024	 2538	 4742	 4744
1	 3212	 2555	 2538	 4744
1	 4742	 4743	 4744	 4475
1	 4475	 3212	 4744	 2555
1	 4739	 3232	 4740	 2319
1	 4741	 4740	 3024	 4733
1	 4733	 2319	 4739	 4740
1	 2405	 3232	 4739	 4745
1	 3232	 2318	 4745	 2405
1	 2317	 2312	 2405	 2318
1	 2303	 3046	 2317	 4745
1	 4745	 2405	 2317	 2303
1	 3232	 4739	 4745	 2319
1	 4739	 2405	 4745	 2303
1	 2040	 2039	 2247	 4662
1	 2039	 2247	 4662	 2271
1	 4662	 2039	 2271	 4043
1	 518	 681	 615	 565
1	 3028	 1424	 1357	 3286
1	 1424	 3028	 1315	 3286
1	 786	 650	 827	 3461
1	 403	 391	 3549	 359
1	 3549	 3688	 403	 359
1	 3285	 3317	 3412	 2141
1	 3317	 3285	 2244	 2141
1	 1733	 1782	 1938	 1783
1	 1782	 1733	 1781	 1783
1	 486	 3446	 408	 429
1	 3446	 486	 517	 429
1	 2177	 2015	 2090	 3025
1	 4655	 3767	 2015	 2090
1	 2090	 2177	 3025	 3383
1	 2423	 4743	 2481	 2519
1	 4426	 4677	 4428	 4433
1	 4428	 4426	 4433	 4675
1	 4428	 4424	 4426	 4675
1	 178	 166	 188	 3557
1	 3556	 178	 222	 3557
1	 166	 3557	 178	 154
1	 166	 3557	 154	 143
1	 3557	 154	 143	 137
1	 154	 3007	 137	 3557
1	 3557	 3007	 178	 154
1	 3007	 178	 154	 184
1	 659	 712	 3255	 760
1	 659	 3255	 712	 667
1	 4659	 1532	 1780	 1847
1	 446	 357	 4534	 312
1	 4534	 351	 446	 312
1	 283	 3038	 4540	 4534
1	 351	 4534	 3038	 312
1	 3913	 4210	 4171	 4206
1	 1620	 1588	 1670	 1422
1	 1620	 1537	 1422	 1670
1	 2491	 2544	 4369	 2451
1	 3609	 661	 650	 3461
1	 827	 702	 3461	 661
1	 702	 661	 3609	 3461
1	 3461	 650	 827	 661
1	 455	 620	 495	 3120
1	 469	 455	 495	 4796
1	 3120	 3263	 3196	 620
1	 606	 495	 620	 3263
1	 495	 3263	 3440	 4796
1	 3440	 495	 606	 3263
1	 1569	 1652	 1591	 4093
1	 1569	 1652	 4093	 1606
1	 4093	 1569	 1606	 1712
1	 1606	 4093	 1712	 1697
1	 1697	 4090	 4093	 1797
1	 1797	 1712	 4092	 4093
1	 1744	 1797	 1712	 4092
1	 1744	 1712	 1607	 4092
1	 4093	 4445	 1697	 1606
1	 1652	 1591	 4093	 1702
1	 4746	 4002	 1797	 4092
1	 4746	 1797	 4002	 3415
1	 2612	 2637	 3417	 3418
1	 3069	 2608	 2597	 3418
1	 2608	 3069	 3099	 3418
1	 1822	 1823	 1972	 3058
1	 3058	 1853	 1795	 1823
1	 3058	 1822	 1823	 1795
1	 2807	 2752	 4413	 2810
1	 2807	 2786	 2752	 2810
1	 263	 313	 4617	 4616
1	 805	 4695	 882	 4693
1	 4434	 4430	 4680	 4432
1	 1732	 1848	 1937	 1718
1	 1848	 1937	 1718	 1924
1	 1758	 1732	 1937	 4937
1	 1718	 1805	 1924	 1937
1	 1252	 1325	 1348	 3397
1	 883	 738	 861	 817
1	 1694	 1925	 1710	 4746
1	 1694	 2031	 4746	 1939
1	 1637	 1744	 4746	 1538
1	 4746	 1710	 4980	 1925
1	 1755	 1756	 1649	 1442
1	 1649	 1441	 1755	 1442
1	 1558	 1441	 1649	 1442
1	 1233	 1153	 1205	 3119
1	 2593	 2526	 2627	 4201
1	 2627	 2593	 4201	 2631
1	 4201	 2627	 2631	 4200
1	 2668	 2627	 4200	 2631
1	 2715	 2691	 2684	 3109
1	 2691	 2625	 2684	 3147
1	 2691	 2684	 3109	 3147
1	 5017	 3249	 3147	 2625
1	 2116	 2031	 1898	 4000
1	 2116	 2160	 2031	 4000
1	 2116	 2160	 4000	 3083
1	 2160	 2031	 4000	 3415
1	 2160	 2031	 3415	 2079
1	 658	 3102	 581	 673
1	 1239	 1156	 1184	 1067
1	 1240	 1156	 1239	 1288
1	 1130	 1067	 1146	 1239
1	 1067	 1130	 1146	 1026
1	 232	 155	 220	 3167
1	 213	 3167	 232	 262
1	 4431	 3051	 3195	 1541
1	 2146	 2120	 2269	 3158
1	 4387	 2861	 2855	 2886
1	 2855	 4387	 2886	 2878
1	 621	 3196	 3263	 3127
1	 352	 308	 396	 4572
1	 396	 432	 352	 4572
1	 309	 255	 352	 4636
1	 1944	 2071	 4723	 1874
1	 1047	 1113	 3070	 1002
1	 3070	 1047	 1002	 938
1	 1026	 960	 1047	 977
1	 3186	 2781	 2695	 2755
1	 4492	 4495	 4487	 4489
1	 3120	 396	 4572	 432
1	 3165	 965	 1019	 967
1	 3320	 967	 3057	 3165
1	 944	 967	 965	 3057
1	 3439	 606	 634	 624
1	 4331	 4329	 4336	 4727
1	 1379	 1473	 1312	 1341
1	 3280	 1341	 1403	 1367
1	 1253	 1367	 1379	 1341
1	 1403	 1379	 1341	 1551
1	 1312	 1379	 1341	 1253
1	 4266	 4287	 2986	 4274
1	 3039	 1945	 2002	 1921
1	 1522	 1666	 1695	 1721
1	 2752	 2767	 4413	 4411
1	 511	 461	 542	 3521
1	 3521	 542	 498	 461
1	 542	 511	 3521	 512
1	 2021	 2044	 1978	 1848
1	 2695	 3186	 2755	 2676
1	 3186	 2781	 2755	 2945
1	 2755	 2781	 2953	 2945
1	 3186	 2781	 2945	 2931
1	 2945	 3186	 2931	 3297
1	 3	 5	 155	 14
1	 14	 9	 155	 190
1	 14	 155	 9	 5
1	 155	 3	 14	 3167
1	 3	 16	 14	 3167
1	 2508	 2461	 2496	 4089
1	 2496	 2508	 4089	 2570
1	 2508	 2461	 4089	 4312
1	 4312	 3225	 2461	 4089
1	 3225	 2461	 4089	 2496
1	 2345	 4686	 2285	 3396
1	 3396	 2285	 3315	 4686
1	 2410	 2345	 2285	 3396
1	 1830	 1864	 1960	 1893
1	 1960	 1830	 1893	 3466
1	 1893	 1960	 3466	 4450
1	 1893	 2176	 1960	 4450
1	 1960	 3466	 4450	 3065
1	 4450	 2176	 1960	 4446
1	 1960	 1830	 3466	 3065
1	 1830	 3466	 3065	 3467
1	 1893	 1830	 3364	 3466
1	 547	 3107	 3033	 505
1	 2695	 2676	 2616	 3186
1	 654	 675	 784	 3610
1	 784	 654	 3610	 3492
1	 3156	 1499	 1592	 1498
1	 1419	 1428	 1528	 4674
1	 1428	 1549	 1595	 4674
1	 566	 501	 514	 565
1	 1153	 1205	 3119	 3347
1	 1118	 3347	 1153	 1096
1	 1060	 1200	 1128	 3026
1	 1059	 1060	 1128	 3355
1	 3169	 1060	 3026	 3293
1	 1756	 1792	 1681	 1617
1	 1558	 1484	 1442	 1756
1	 1649	 1558	 1442	 1756
1	 1484	 1617	 1756	 1558
1	 1681	 1792	 1756	 1649
1	 1164	 1213	 1185	 1228
1	 1164	 3118	 1228	 1185
1	 1164	 3118	 1185	 1280
1	 3118	 1164	 1150	 1280
1	 3005	 1324	 3377	 1280
1	 1280	 1185	 1213	 3377
1	 1997	 4714	 1900	 4715
1	 4714	 1902	 1900	 4712
1	 1900	 1825	 1989	 4715
1	 2447	 3969	 2458	 2386
1	 1428	 1549	 4674	 1419
1	 1634	 1632	 1559	 4674
1	 115	 4581	 110	 120
1	 126	 120	 4574	 4569
1	 110	 121	 120	 4581
1	 1270	 3108	 1237	 1249
1	 2767	 3055	 4412	 4414
1	 3275	 3350	 3286	 1284
1	 1357	 1284	 3286	 1220
1	 3134	 769	 888	 771
1	 662	 726	 772	 4638
1	 4639	 4638	 4565	 3157
1	 65	 53	 47	 3323
1	 506	 549	 4635	 3456
1	 3456	 3572	 568	 549
1	 3456	 3572	 549	 4635
1	 1561	 1508	 1472	 1432
1	 1508	 1432	 1506	 1472
1	 1561	 1472	 1535	 1385
1	 940	 1051	 1056	 984
1	 1056	 940	 984	 3050
1	 940	 3227	 1051	 984
1	 984	 1040	 924	 3227
1	 3060	 250	 4945	 231
1	 2600	 2594	 2711	 3115
1	 2600	 3115	 4143	 2594
1	 3115	 2711	 2600	 2704
1	 3115	 2643	 4143	 2594
1	 4143	 3115	 2600	 4144
1	 2680	 3115	 2594	 2643
1	 1364	 1279	 1365	 3207
1	 1851	 1938	 1926	 1849
1	 1926	 1851	 1849	 1833
1	 303	 216	 3063	 289
1	 289	 303	 3144	 4730
1	 311	 252	 3540	 310
1	 3540	 311	 310	 3081
1	 310	 3540	 3081	 3539
1	 287	 3539	 251	 310
1	 287	 3539	 310	 3081
1	 287	 3539	 3081	 3551
1	 3539	 251	 310	 3540
1	 471	 452	 479	 4687
1	 4687	 471	 3049	 3166
1	 4687	 479	 3166	 3111
1	 3166	 479	 592	 3111
1	 4687	 479	 3111	 575
1	 1726	 1676	 1727	 1860
1	 1533	 1454	 1400	 1429
1	 1454	 1533	 1586	 1429
1	 1454	 1400	 1429	 1352
1	 1454	 1400	 1352	 1216
1	 2493	 2513	 2613	 2543
1	 3111	 563	 4687	 646
1	 4717	 530	 646	 4687
1	 1206	 1380	 3180	 1316
1	 2574	 2601	 2579	 4747
1	 2579	 2574	 4747	 3137
1	 2574	 4747	 3137	 3147
1	 2543	 2499	 2579	 3137
1	 2574	 2499	 3137	 2579
1	 2619	 3109	 3147	 4747
1	 3099	 2656	 2565	 2579
1	 4747	 2601	 2579	 3099
1	 2601	 2565	 3099	 2608
1	 2928	 4062	 4689	 2924
1	 2924	 2928	 2929	 4689
1	 2924	 4057	 4203	 4062
1	 4203	 4057	 2924	 2918
1	 2898	 4055	 2918	 4057
1	 4203	 4055	 4062	 4057
1	 592	 665	 630	 3111
1	 3195	 1653	 1571	 1541
1	 1571	 1653	 1703	 1541
1	 1571	 3195	 1541	 1513
1	 4521	 4491	 4493	 4487
1	 4493	 4488	 4491	 4538
1	 3038	 3174	 4540	 4538
1	 4541	 3038	 4538	 4488
1	 4538	 4493	 4488	 3174
1	 720	 798	 849	 3384
1	 849	 798	 867	 3384
1	 720	 798	 3384	 801
1	 1893	 1830	 1706	 3364
1	 1504	 1706	 1516	 1646
1	 2135	 2209	 2251	 4684
1	 2135	 2251	 2163	 4684
1	 1938	 1926	 1849	 2123
1	 1849	 1938	 2123	 2086
1	 2123	 2157	 2218	 2242
1	 2149	 2157	 2207	 2218
1	 2297	 2218	 2375	 2207
1	 2207	 2149	 2218	 2375
1	 2123	 1849	 2086	 2157
1	 2157	 2086	 2123	 2218
1	 2218	 2149	 2157	 2086
1	 2218	 2006	 2149	 2086
1	 2123	 2086	 2006	 2218
1	 2189	 2123	 2157	 1793
1	 1849	 1793	 2123	 1926
1	 1849	 1938	 2086	 1782
1	 1938	 1783	 1849	 1851
1	 201	 12	 22	 203
1	 599	 612	 714	 4748
1	 599	 612	 4748	 4702
1	 599	 3114	 612	 4702
1	 612	 4702	 675	 4748
1	 4748	 4702	 660	 599
1	 612	 714	 4748	 750
1	 819	 816	 950	 4829
1	 1005	 1087	 989	 3214
1	 2652	 3091	 2590	 2670
1	 2719	 2754	 2670	 3072
1	 2686	 3072	 3091	 2652
1	 797	 887	 918	 919
1	 919	 887	 918	 960
1	 1927	 1954	 1940	 1980
1	 1965	 1980	 1927	 1940
1	 1940	 2008	 1927	 1965
1	 259	 253	 246	 40
1	 4020	 4019	 3650	 4749
1	 3650	 4020	 4749	 3876
1	 4020	 3876	 3650	 3723
1	 3723	 3649	 3650	 4020
1	 3723	 3876	 3873	 3872
1	 4020	 4019	 4749	 4023
1	 4019	 4749	 4023	 4715
1	 3475	 4715	 4838	 4019
1	 2087	 3475	 4019	 4715
1	 1997	 4019	 4715	 2087
1	 4749	 4019	 3650	 4838
1	 4020	 4749	 3876	 4023
1	 788	 3408	 787	 727
1	 727	 4644	 788	 3408
1	 3470	 3408	 727	 702
1	 4847	 46	 53	 31
1	 2380	 2450	 2259	 2272
1	 2450	 2381	 2272	 2380
1	 2450	 2380	 2493	 2381
1	 2383	 4009	 2456	 4010
1	 4135	 4009	 3018	 3925
1	 3937	 3981	 3925	 4009
1	 3018	 4135	 3925	 4131
1	 4009	 3062	 3018	 3939
1	 1913	 1807	 1839	 3361
1	 1407	 1546	 3368	 3372
1	 1407	 1546	 3372	 1557
1	 1449	 1627	 1543	 1275
1	 182	 149	 42	 186
1	 42	 182	 186	 4716
1	 42	 14	 27	 4716
1	 4373	 3083	 4699	 3402
1	 4373	 4699	 4372	 3402
1	 4373	 4372	 2331	 3402
1	 3083	 3999	 4699	 4001
1	 4582	 4581	 215	 4750
1	 215	 4582	 4750	 194
1	 157	 163	 194	 4750
1	 103	 157	 110	 4750
1	 157	 163	 4750	 103
1	 163	 4750	 103	 4588
1	 163	 194	 4750	 4588
1	 4582	 4750	 194	 4588
1	 4750	 215	 194	 157
1	 103	 110	 4583	 4750
1	 4583	 103	 4750	 4588
1	 110	 4583	 4750	 4581
1	 4583	 4750	 4581	 4582
1	 4588	 4583	 4582	 4750
1	 4750	 215	 157	 110
1	 4581	 215	 4750	 110
1	 4661	 4662	 2039	 2040
1	 4043	 4661	 2039	 1962
1	 4661	 4043	 1908	 1962
1	 4043	 1908	 1962	 1986
1	 3046	 2317	 4745	 2318
1	 2312	 2318	 3232	 2405
1	 2317	 2405	 4745	 2318
1	 2317	 2312	 2318	 2248
1	 2261	 2258	 2248	 2347
1	 2318	 2312	 2347	 2248
1	 3046	 2229	 2317	 2091
1	 1157	 1091	 1115	 999
1	 1106	 1004	 1115	 1092
1	 3164	 3005	 1338	 1202
1	 3005	 4700	 1202	 3164
1	 3164	 3136	 4700	 1202
1	 1077	 947	 1027	 990
1	 1525	 1579	 1435	 4751
1	 5018	 3975	 1672	 1749
1	 4751	 1435	 1525	 3975
1	 3975	 1641	 1525	 1672
1	 1672	 1525	 4751	 1579
1	 3975	 1641	 1562	 1525
1	 1579	 1435	 4751	 1437
1	 2249	 2380	 2259	 2272
1	 369	 335	 401	 4706
1	 3390	 3299	 3391	 3570
1	 3391	 3390	 3570	 618
1	 3391	 3390	 618	 653
1	 653	 618	 685	 3390
1	 1445	 1486	 1476	 1485
1	 1445	 1476	 1510	 1485
1	 425	 548	 478	 4629
1	 4262	 4287	 4274	 4479
1	 4287	 2993	 4274	 4479
1	 1650	 1536	 1587	 1551
1	 1095	 1062	 1139	 4822
1	 1095	 1139	 4700	 1081
1	 582	 4702	 3114	 507
1	 507	 3114	 599	 4702
1	 507	 599	 3114	 482
1	 1538	 1619	 1744	 4746
1	 1904	 1889	 1933	 4771
1	 1876	 3239	 1889	 1904
1	 2729	 2804	 2805	 2816
1	 2139	 2179	 2180	 2274
1	 2274	 2138	 2139	 2179
1	 989	 928	 1005	 3214
1	 989	 928	 3214	 979
1	 3058	 1721	 1785	 1897
1	 4312	 4313	 3983	 4130
1	 4313	 3983	 4130	 4427
1	 4130	 4073	 4312	 4313
1	 4315	 4312	 3983	 3984
1	 3504	 2944	 3297	 2945
1	 2513	 2472	 2521	 2543
1	 2513	 2472	 2543	 2493
1	 1941	 1940	 1954	 2022
1	 1954	 1940	 1980	 2022
1	 3228	 199	 252	 184
1	 3526	 3604	 3835	 3635
1	 3835	 3526	 3635	 3832
1	 1683	 1733	 1587	 1781
1	 1733	 1650	 1587	 1551
1	 726	 772	 4638	 892
1	 662	 726	 4638	 655
1	 3006	 2001	 3042	 4037
1	 3042	 4037	 2001	 2063
1	 3042	 2063	 2102	 4037
1	 2372	 2386	 3288	 2422
1	 2422	 2301	 3960	 2295
1	 2386	 2416	 3288	 4752
1	 2386	 3288	 2422	 4752
1	 3288	 2489	 2422	 4752
1	 2559	 2502	 2489	 4752
1	 2416	 3288	 4752	 2489
1	 2386	 2416	 4752	 2458
1	 2416	 3288	 2489	 2406
1	 2431	 2311	 2387	 2406
1	 2417	 2489	 2406	 2536
1	 3288	 2489	 2406	 2431
1	 2416	 2406	 2311	 3288
1	 4752	 2416	 2489	 2533
1	 2489	 2559	 4752	 2533
1	 1096	 1153	 1117	 3119
1	 3119	 1153	 3347	 1096
1	 1937	 1977	 2067	 2131
1	 1937	 1977	 2131	 1971
1	 1977	 2043	 2131	 1971
1	 409	 443	 444	 4504
1	 3489	 3490	 3757	 1753
1	 1688	 1753	 1764	 3489
1	 2375	 2297	 2207	 2350
1	 4717	 522	 550	 646
1	 3317	 3405	 4350	 3224
1	 774	 855	 3121	 865
1	 651	 608	 684	 641
1	 3159	 641	 730	 835
1	 641	 590	 651	 608
1	 344	 395	 472	 4754
1	 4580	 308	 344	 4754
1	 395	 472	 4754	 4591
1	 395	 472	 4591	 347
1	 4598	 4634	 4591	 4754
1	 472	 4754	 4591	 4634
1	 4754	 4598	 4634	 4823
1	 472	 4754	 4634	 344
1	 4591	 395	 4573	 4754
1	 4669	 2561	 2521	 2597
1	 1638	 1711	 1771	 3312
1	 3182	 3398	 1585	 1568
1	 2885	 2866	 4461	 4227
1	 249	 212	 277	 3652
1	 249	 212	 3652	 230
1	 2715	 2756	 3328	 2996
1	 2691	 2715	 2757	 3328
1	 2012	 2185	 3110	 4446
1	 3065	 2012	 3110	 4446
1	 4450	 1960	 3065	 4446
1	 2012	 2176	 2185	 4446
1	 4136	 2476	 4135	 2456
1	 4135	 2456	 4008	 4136
1	 4130	 4086	 4677	 2314
1	 2401	 2298	 2314	 4130
1	 3319	 3427	 3436	 3378
1	 2402	 3864	 3867	 2413
1	 2402	 2421	 2413	 3867
1	 3010	 963	 861	 4726
1	 185	 289	 4981	 216
1	 3173	 1983	 3278	 3185
1	 1983	 2120	 2144	 3185
1	 1983	 2144	 2120	 2051
1	 3173	 2194	 1983	 3185
1	 2194	 1983	 3185	 2120
1	 2194	 3185	 3961	 2120
1	 3961	 3185	 3158	 2120
1	 3961	 2194	 2269	 2238
1	 2082	 2212	 2238	 3961
1	 3173	 2194	 3185	 3961
1	 3158	 2120	 2269	 3961
1	 2862	 2685	 2745	 2860
1	 2860	 2832	 2862	 3115
1	 572	 515	 3037	 3609
1	 515	 572	 661	 3609
1	 661	 515	 3609	 539
1	 3609	 3634	 3037	 572
1	 573	 534	 594	 3634
1	 1958	 2026	 1814	 1877
1	 4173	 2934	 2918	 4203
1	 4203	 4177	 4173	 2934
1	 2860	 2824	 2826	 4145
1	 2860	 2824	 4145	 4439
1	 3198	 3012	 3197	 4755
1	 3198	 3012	 4755	 2390
1	 2390	 3198	 3801	 4755
1	 3012	 3197	 4755	 4737
1	 3198	 3801	 4755	 3645
1	 4755	 3198	 3645	 3197
1	 3198	 3197	 3441	 3645
1	 2866	 2861	 2846	 4456
1	 2866	 2861	 4456	 4389
1	 4389	 3979	 2861	 4456
1	 4456	 2866	 4389	 4392
1	 4392	 4227	 2866	 4389
1	 2861	 2846	 4456	 2855
1	 2861	 3979	 2855	 4456
1	 3915	 3902	 3900	 3923
1	 3916	 3915	 3923	 3902
1	 3923	 3920	 3916	 3902
1	 3920	 3900	 3902	 3923
1	 1379	 1473	 1341	 1551
1	 1534	 1587	 1473	 1551
1	 1551	 1534	 1379	 1473
1	 1473	 1312	 1341	 4697
1	 1312	 4697	 1314	 1341
1	 1341	 1314	 1536	 4697
1	 3075	 1022	 1066	 1024
1	 1637	 4746	 1698	 1840
1	 1523	 1637	 1744	 1698
1	 1439	 1376	 1375	 1417
1	 341	 384	 462	 4618
1	 384	 462	 4619	 407
1	 4619	 462	 511	 407
1	 2239	 2077	 2186	 2076
1	 2175	 2076	 2077	 2239
1	 1669	 1539	 1670	 1588
1	 1670	 1669	 1588	 1796
1	 1670	 1620	 1784	 1796
1	 1669	 1588	 1796	 1720
1	 1989	 1955	 2111	 4756
1	 1989	 1955	 4756	 1870
1	 4702	 660	 633	 782
1	 660	 507	 599	 4702
1	 675	 782	 4748	 4702
1	 713	 660	 4748	 782
1	 675	 4748	 782	 3134
1	 2449	 2374	 2337	 4757
1	 2337	 4899	 2449	 4757
1	 2374	 2337	 4757	 3067
1	 2260	 3067	 2337	 2374
1	 2449	 4902	 2374	 4757
1	 3580	 3583	 3581	 3590
1	 3583	 3516	 3581	 3893
1	 850	 825	 801	 873
1	 801	 783	 850	 879
1	 3425	 801	 879	 783
1	 4563	 4637	 783	 3425
1	 1284	 3286	 1220	 3350
1	 3275	 3286	 3350	 1104
1	 3350	 1284	 1198	 1220
1	 1016	 3215	 991	 880
1	 565	 615	 4530	 681
1	 615	 681	 643	 4547
1	 4547	 668	 681	 741
1	 447	 382	 3248	 484
1	 447	 382	 484	 448
1	 4120	 1956	 2126	 1857
1	 1135	 4698	 1198	 3303
1	 1198	 1135	 3303	 1181
1	 3303	 1198	 1181	 1220
1	 472	 4591	 347	 4600
1	 4600	 4586	 4591	 347
1	 347	 472	 4600	 389
1	 472	 4591	 4600	 4634
1	 1008	 995	 1166	 1083
1	 4899	 4878	 4727	 2498
1	 1848	 1867	 1937	 2021
1	 2044	 1867	 1848	 2021
1	 1867	 1979	 2021	 2044
1	 3539	 3543	 3540	 3081
1	 3539	 3551	 3543	 3081
1	 2399	 2540	 3777	 3779
1	 2611	 2531	 2606	 4165
1	 2531	 2606	 4165	 2421
1	 2626	 2639	 2658	 4758
1	 2626	 2658	 2660	 4758
1	 2639	 2658	 4758	 4380
1	 2626	 2639	 4758	 2494
1	 233	 171	 5019	 3000
1	 2289	 2350	 2207	 2297
1	 2289	 2400	 2350	 2297
1	 487	 494	 604	 3120
1	 395	 4573	 4754	 308
1	 2315	 2456	 2411	 4008
1	 1064	 1170	 1141	 3101
1	 2588	 2535	 2633	 4067
1	 2582	 2535	 4067	 2633
1	 2501	 2535	 2588	 4067
1	 1108	 1054	 4734	 1163
1	 1054	 4734	 1163	 1049
1	 1350	 4909	 1272	 1402
1	 646	 3111	 4717	 4687
1	 2222	 3315	 4686	 3515
1	 2222	 3315	 3515	 3146
1	 3315	 4686	 3515	 3534
1	 894	 860	 876	 4759
1	 876	 705	 4759	 860
1	 3078	 821	 722	 4759
1	 3078	 821	 4759	 876
1	 821	 3078	 943	 876
1	 876	 894	 4759	 996
1	 4759	 876	 996	 3078
1	 2434	 2516	 2539	 3410
1	 3410	 2516	 3124	 3477
1	 3273	 3418	 2637	 3099
1	 3418	 2637	 3099	 2608
1	 2637	 3099	 2608	 2638
1	 3099	 2608	 2638	 2601
1	 3418	 3273	 2707	 3099
1	 2707	 3099	 3069	 3418
1	 3418	 2637	 2608	 2612
1	 532	 533	 578	 3374
1	 1724	 1480	 1479	 1511
1	 2010	 2183	 2001	 4035
1	 2010	 3205	 2183	 4035
1	 4037	 4035	 2001	 2183
1	 2001	 3006	 2010	 4035
1	 4039	 3006	 3042	 4037
1	 2573	 2567	 4288	 4469
1	 2553	 2573	 4469	 2567
1	 2567	 4265	 2573	 4288
1	 4265	 2573	 4288	 4282
1	 4464	 4288	 2567	 4469
1	 4464	 2553	 4469	 2567
1	 2573	 2553	 4469	 2554
1	 1215	 1140	 1253	 1233
1	 3119	 1253	 1233	 3280
1	 3119	 1253	 1140	 1233
1	 1233	 1153	 3119	 1273
1	 3119	 1233	 1273	 3280
1	 4694	 4695	 924	 3227
1	 591	 597	 637	 3455
1	 3011	 690	 637	 3459
1	 4836	 4635	 3572	 537
1	 491	 537	 637	 3572
1	 3455	 637	 491	 597
1	 491	 3455	 597	 3521
1	 498	 491	 597	 3521
1	 1388	 1518	 1349	 3399
1	 1743	 3399	 1471	 1518
1	 1518	 1349	 3399	 1471
1	 3073	 4285	 4806	 3139
1	 3073	 2683	 3139	 2609
1	 2618	 3139	 2609	 4806
1	 2351	 2275	 2427	 2410
1	 2351	 2275	 2410	 2400
1	 2275	 2427	 2410	 2285
1	 2275	 2330	 2427	 2285
1	 3280	 1351	 1367	 1433
1	 1579	 1608	 3340	 1672
1	 1687	 3340	 1579	 1608
1	 1608	 1672	 1899	 4887
1	 2569	 2570	 2496	 3076
1	 3076	 2496	 2569	 3225
1	 4606	 3171	 4604	 4603
1	 3249	 2699	 3328	 2691
1	 376	 370	 453	 4576
1	 3740	 3733	 2410	 3309
1	 4685	 2345	 3309	 3740
1	 4010	 3062	 4006	 2393
1	 4009	 4006	 3062	 3939
1	 1370	 1236	 1381	 1411
1	 1381	 1268	 1480	 1411
1	 1236	 1381	 1411	 1268
1	 1268	 1480	 1411	 1477
1	 1411	 1268	 1477	 1359
1	 1268	 1477	 1359	 1318
1	 1480	 1477	 1479	 1411
1	 1477	 1411	 1359	 1479
1	 621	 659	 3127	 623
1	 352	 255	 271	 4572
1	 728	 709	 627	 4760
1	 627	 728	 4760	 640
1	 683	 709	 735	 4760
1	 709	 627	 4760	 607
1	 891	 928	 879	 4647
1	 928	 879	 4647	 3425
1	 891	 928	 4647	 1014
1	 1014	 1005	 891	 928
1	 4647	 891	 1014	 4651
1	 879	 783	 891	 4647
1	 2669	 2620	 3250	 2705
1	 4472	 4471	 3250	 2758
1	 887	 1033	 919	 1027
1	 887	 960	 1033	 952
1	 960	 952	 1048	 1033
1	 2914	 3578	 2919	 2935
1	 2914	 3578	 2935	 3579
1	 2935	 2914	 3579	 2915
1	 761	 741	 668	 4558
1	 761	 741	 4558	 830
1	 4547	 4558	 668	 741
1	 2950	 2956	 4328	 2964
1	 501	 468	 444	 4516
1	 565	 518	 514	 615
1	 703	 636	 678	 4760
1	 678	 703	 4760	 3330
1	 782	 713	 793	 4748
1	 2023	 1996	 3710	 1929
1	 750	 3134	 769	 4748
1	 782	 769	 3134	 4748
1	 2969	 2986	 4266	 2961
1	 4266	 4264	 2969	 2961
1	 4303	 2433	 2462	 2339
1	 2433	 4303	 2369	 2339
1	 3083	 2192	 2243	 4373
1	 4373	 2192	 2432	 2331
1	 2432	 4373	 2331	 3402
1	 4373	 3083	 3402	 2243
1	 4789	 2429	 2517	 2488
1	 2403	 2488	 4665	 4668
1	 2225	 3158	 2360	 2268
1	 2470	 4728	 2414	 2480
1	 133	 137	 3007	 3557
1	 3884	 3881	 3888	 4313
1	 247	 228	 172	 4761
1	 402	 247	 305	 4761
1	 228	 172	 4761	 4688
1	 172	 247	 4761	 253
1	 247	 305	 4761	 253
1	 247	 305	 253	 280
1	 247	 228	 4761	 328
1	 4632	 4630	 4628	 459
1	 4628	 4622	 4626	 436
1	 4630	 459	 436	 4628
1	 4626	 4628	 459	 3327
1	 294	 4494	 417	 386
1	 1424	 1357	 3286	 1390
1	 4043	 4038	 4037	 2102
1	 2288	 4036	 4038	 2204
1	 4038	 2288	 2257	 3338
1	 2102	 2204	 2257	 4038
1	 4038	 2288	 3338	 4667
1	 4038	 2288	 4667	 4036
1	 4667	 4036	 2288	 4399
1	 4667	 4038	 4036	 3194
1	 4358	 4036	 3194	 4667
1	 4036	 4358	 4399	 4667
1	 1606	 1697	 1640	 4445
1	 1429	 1281	 1352	 1400
1	 1954	 1980	 1995	 2022
1	 1995	 3181	 1941	 2022
1	 1954	 1941	 2022	 1995
1	 4040	 4660	 4103	 4109
1	 4660	 4042	 4103	 2083
1	 4516	 4518	 4514	 501
1	 4530	 4522	 501	 4518
1	 4522	 501	 4518	 468
1	 501	 468	 4516	 4518
1	 1493	 1544	 3351	 1443
1	 1443	 3351	 1466	 1544
1	 1545	 1544	 1466	 3351
1	 1545	 1790	 1544	 3351
1	 1545	 1790	 3351	 3096
1	 1790	 3096	 1846	 3351
1	 1790	 1846	 1544	 3351
1	 3351	 1545	 3096	 3043
1	 1466	 1545	 3351	 3043
1	 3096	 3443	 4766	 3351
1	 1466	 1545	 3043	 1467
1	 1545	 3096	 3043	 1467
1	 1844	 3353	 1527	 1775
1	 3353	 1654	 1527	 1775
1	 218	 211	 169	 3236
1	 169	 173	 218	 3236
1	 169	 173	 3236	 55
1	 4853	 3231	 20	 202
1	 1627	 1657	 3304	 1644
1	 693	 797	 792	 791
1	 797	 3266	 792	 791
1	 792	 693	 791	 748
1	 693	 791	 748	 793
1	 748	 693	 793	 713
1	 865	 835	 3121	 774
1	 2364	 2347	 2318	 2312
1	 2318	 2312	 3232	 2364
1	 4312	 4315	 2437	 2392
1	 2437	 4312	 2392	 2461
1	 4315	 2437	 2392	 2412
1	 4470	 3252	 4360	 2842
1	 4360	 4470	 2817	 4364
1	 4470	 2817	 4364	 2693
1	 2718	 4470	 4364	 2693
1	 4084	 4470	 4360	 4364
1	 2311	 2226	 2372	 3288
1	 976	 977	 1026	 3070
1	 1098	 1113	 1174	 1026
1	 3308	 918	 977	 938
1	 960	 977	 938	 1047
1	 1047	 1130	 960	 1026
1	 1047	 1130	 1026	 1098
1	 1130	 1098	 1146	 1026
1	 3439	 623	 3263	 3127
1	 623	 3263	 3127	 621
1	 3282	 623	 621	 3263
1	 1325	 3182	 4904	 1471
1	 952	 1048	 1033	 1027
1	 2981	 2975	 2984	 3273
1	 3273	 3419	 2981	 2975
1	 2713	 2984	 3273	 2981
1	 4841	 4762	 4382	 2428
1	 4382	 3783	 4841	 2549
1	 2549	 2390	 4841	 2428
1	 2494	 2428	 2549	 4382
1	 2494	 2428	 4762	 2547
1	 3809	 3393	 3704	 4763
1	 3704	 3718	 3645	 4763
1	 3815	 3704	 3645	 4763
1	 3809	 3815	 3604	 4763
1	 3393	 3704	 4763	 3718
1	 3809	 3393	 4763	 3388
1	 4763	 3393	 3718	 3441
1	 3604	 3809	 4763	 3388
1	 3388	 3604	 3441	 4763
1	 3704	 3809	 4763	 3815
1	 3718	 4763	 3441	 3645
1	 959	 836	 843	 3381
1	 1025	 1090	 1075	 1190
1	 274	 192	 193	 3251
1	 4675	 2220	 2022	 3181
1	 3821	 3831	 4230	 4308
1	 4396	 3982	 4393	 4395
1	 4395	 4393	 4013	 3982
1	 4681	 501	 4514	 4518
1	 501	 4530	 4518	 4681
1	 501	 444	 4514	 4516
1	 2336	 2185	 3110	 2127
1	 2343	 3291	 3012	 4755
1	 3012	 4755	 2390	 2343
1	 321	 250	 3060	 176
1	 250	 3060	 176	 191
1	 3262	 231	 191	 3060
1	 4157	 3877	 4166	 3735
1	 3732	 4146	 4166	 3735
1	 4058	 3699	 4157	 3735
1	 3699	 4157	 3735	 3877
1	 3877	 4157	 4164	 3699
1	 3735	 3699	 3877	 3737
1	 2662	 2745	 2685	 3331
1	 406	 323	 364	 4721
1	 419	 4721	 364	 353
1	 353	 4721	 364	 256
1	 4721	 364	 256	 323
1	 4270	 3708	 4273	 3806
1	 4271	 3724	 5016	 3708
1	 2013	 1947	 2037	 4764
1	 1947	 2037	 4764	 3235
1	 2013	 1947	 4764	 4765
1	 4766	 1947	 4767	 3017
1	 1947	 4764	 4766	 3235
1	 4768	 4765	 3017	 4767
1	 1921	 1846	 1947	 4767
1	 1921	 1846	 4767	 1690
1	 1921	 1813	 1846	 1690
1	 1921	 1813	 1690	 1776
1	 1813	 1846	 1690	 1659
1	 1846	 1659	 1544	 1690
1	 1947	 4766	 4767	 1803
1	 1846	 1803	 1947	 4767
1	 4765	 1947	 4767	 1921
1	 1947	 4765	 4767	 3017
1	 4767	 4766	 4768	 3351
1	 4765	 4767	 4768	 4769
1	 4767	 4768	 4769	 1503
1	 4765	 4767	 4769	 1921
1	 4767	 4769	 1921	 1690
1	 4769	 4767	 1503	 1690
1	 1690	 1921	 1776	 4769
1	 1921	 1776	 4769	 3039
1	 4768	 4765	 4769	 1778
1	 1633	 3017	 4768	 4765
1	 4765	 3017	 1881	 1633
1	 4764	 4766	 3017	 1947
1	 3017	 4766	 4768	 4767
1	 4766	 4764	 3017	 1804
1	 1633	 1804	 4766	 3017
1	 1804	 1922	 1923	 4764
1	 4765	 1922	 1881	 4764
1	 4764	 3017	 1804	 1881
1	 3017	 4768	 4766	 1633
1	 1922	 1923	 4764	 1970
1	 4769	 4765	 1921	 2002
1	 4769	 1921	 3039	 2002
1	 2013	 1947	 4765	 1921
1	 4764	 2013	 4765	 3015
1	 4764	 4765	 1922	 3015
1	 1881	 3017	 4765	 4764
1	 1778	 1633	 4768	 4765
1	 1922	 4764	 3015	 1970
1	 3015	 1922	 1970	 2042
1	 4764	 2013	 3015	 2084
1	 2037	 2013	 4764	 2084
1	 2013	 3015	 2084	 2122
1	 2013	 4765	 3015	 2103
1	 3215	 1068	 991	 3214
1	 1068	 991	 3214	 1150
1	 991	 3215	 3214	 880
1	 1566	 1544	 1690	 1503
1	 1544	 1690	 1503	 4767
1	 1544	 1846	 1690	 4767
1	 2167	 1911	 1969	 2055
1	 2177	 2215	 2054	 2195
1	 2260	 2177	 2195	 2215
1	 4383	 4380	 4758	 3082
1	 4380	 4758	 3082	 2658
1	 2658	 3264	 4758	 3082
1	 4383	 4380	 3082	 4381
1	 2556	 2492	 4352	 2630
1	 3229	 3557	 3559	 127
1	 118	 3229	 3559	 127
1	 118	 127	 125	 3229
1	 127	 125	 3229	 133
1	 133	 127	 3557	 3229
1	 4520	 4541	 3562	 4519
1	 4520	 4517	 3562	 4491
1	 4517	 3562	 4491	 3561
1	 3564	 4491	 3562	 3561
1	 480	 422	 4681	 362
1	 422	 4681	 362	 3140
1	 4681	 362	 3140	 4510
1	 443	 4681	 4510	 362
1	 4510	 443	 362	 409
1	 4681	 443	 480	 362
1	 443	 362	 492	 480
1	 1883	 3758	 1869	 1747
1	 3045	 1747	 1869	 3758
1	 3677	 4924	 3758	 1883
1	 1747	 1761	 1883	 4924
1	 1568	 1717	 3238	 3398
1	 2756	 2715	 2736	 3109
1	 2182	 3198	 3441	 3426
1	 3426	 3198	 2290	 2182
1	 2290	 3198	 3426	 3486
1	 3441	 3198	 3486	 3426
1	 565	 4681	 422	 488
1	 3555	 3554	 404	 433
1	 404	 379	 337	 3555
1	 2230	 2342	 2273	 3383
1	 4363	 4361	 4406	 4409
1	 4361	 4406	 4409	 3592
1	 4409	 4406	 3593	 3592
1	 4547	 741	 4933	 781
1	 4547	 643	 708	 781
1	 283	 350	 4540	 288
1	 350	 294	 386	 4540
1	 3016	 386	 4494	 3174
1	 4493	 3174	 4538	 4539
1	 208	 283	 3038	 3174
1	 4540	 288	 3174	 283
1	 3373	 3403	 3374	 4770
1	 3373	 3403	 4770	 3056
1	 4535	 3056	 4566	 4770
1	 4566	 4535	 4770	 4557
1	 3056	 4566	 4770	 3373
1	 3374	 3373	 4770	 583
1	 3373	 4770	 583	 4566
1	 4770	 583	 4566	 4557
1	 3403	 3374	 4770	 4498
1	 3374	 4770	 4498	 4501
1	 3403	 3281	 3374	 4497
1	 3374	 3403	 4497	 4498
1	 3281	 3374	 4497	 3440
1	 3779	 3776	 2399	 2367
1	 2399	 3779	 2367	 2540
1	 3393	 3718	 3441	 3361
1	 3718	 3441	 3361	 1915
1	 3393	 3718	 3361	 3814
1	 3393	 3361	 1771	 3814
1	 3361	 1771	 3814	 1839
1	 1771	 1684	 3814	 1839
1	 3361	 1771	 1839	 1838
1	 1684	 3814	 1839	 1759
1	 3718	 3705	 1759	 3814
1	 4763	 3393	 3441	 3388
1	 3102	 581	 599	 660
1	 660	 3102	 4748	 599
1	 4760	 678	 3330	 683
1	 4760	 728	 709	 735
1	 683	 735	 3330	 4760
1	 3330	 728	 4760	 735
1	 709	 4760	 683	 656
1	 709	 4760	 656	 607
1	 3611	 3719	 4559	 4645
1	 3634	 3611	 3037	 4537
1	 594	 4537	 4645	 3634
1	 3634	 3037	 572	 534
1	 3634	 4645	 3611	 4537
1	 1918	 4105	 4102	 4031
1	 3873	 4454	 4111	 4771
1	 4454	 4111	 4771	 2193
1	 3873	 4454	 4771	 3678
1	 4110	 3239	 3290	 4771
1	 336	 359	 3648	 391
1	 359	 3648	 391	 3549
1	 3688	 3549	 3648	 359
1	 3591	 3581	 3589	 3893
1	 3893	 3591	 3898	 3589
1	 92	 64	 83	 4772
1	 83	 92	 4772	 95
1	 64	 83	 4772	 71
1	 92	 64	 4772	 75
1	 3547	 3546	 3542	 3549
1	 2301	 2146	 2269	 3957
1	 2301	 4931	 3957	 2246
1	 3960	 3957	 2146	 2301
1	 2146	 3960	 2301	 2295
1	 2422	 3960	 2301	 2372
1	 3968	 3960	 2386	 2372
1	 3960	 2386	 2372	 2422
1	 1607	 1698	 1744	 4092
1	 1698	 1744	 4092	 4746
1	 3415	 1797	 4980	 4746
1	 1637	 1698	 4746	 1744
1	 1637	 1939	 4746	 1840
1	 1637	 4746	 1939	 1694
1	 3615	 3482	 3493	 4773
1	 3615	 3482	 4773	 3624
1	 3482	 3493	 4773	 1842
1	 3493	 3482	 3451	 1842
1	 3451	 3490	 1764	 1842
1	 3482	 3451	 1842	 3490
1	 1829	 1842	 3493	 3451
1	 1764	 2072	 3451	 1829
1	 1829	 2100	 3451	 3493
1	 3451	 1842	 1764	 1829
1	 1842	 1829	 3493	 1905
1	 3493	 3615	 4773	 1812
1	 4921	 3055	 4993	 5014
1	 3535	 3645	 3566	 3815
1	 3772	 3703	 3534	 3515
1	 3237	 3772	 3515	 2209
1	 4684	 3515	 4686	 3703
1	 4686	 3515	 3534	 3703
1	 4684	 3703	 3772	 3515
1	 3515	 4684	 4686	 2209
1	 4686	 3515	 2209	 2222
1	 3531	 3506	 3711	 3693
1	 3693	 3772	 3534	 3711
1	 3506	 3693	 3507	 3534
1	 3772	 3693	 3531	 3711
1	 3534	 3693	 3507	 3567
1	 3693	 3598	 3507	 3567
1	 3711	 3533	 3534	 3506
1	 3531	 3481	 3506	 3693
1	 3534	 3693	 3711	 3506
1	 3711	 3506	 3531	 4720
1	 3659	 3664	 3510	 3660
1	 3664	 3510	 3660	 4179
1	 3664	 4193	 4179	 3660
1	 3659	 3664	 3660	 4193
1	 3750	 3663	 3668	 4193
1	 3659	 3660	 3668	 4193
1	 4774	 256	 221	 220
1	 232	 256	 323	 4774
1	 323	 232	 4774	 262
1	 4774	 323	 262	 299
1	 256	 323	 4774	 4721
1	 4774	 256	 4721	 279
1	 4774	 256	 279	 221
1	 221	 220	 3167	 4774
1	 4774	 323	 299	 4721
1	 323	 365	 299	 4721
1	 365	 299	 4721	 3231
1	 299	 4721	 3231	 4774
1	 3231	 299	 4774	 3167
1	 299	 3231	 200	 3167
1	 262	 4774	 299	 3167
1	 3636	 3770	 3792	 3663
1	 3666	 3663	 3770	 3636
1	 3617	 3770	 3636	 3853
1	 3770	 3617	 3764	 3853
1	 3720	 3666	 3770	 3760
1	 3666	 3770	 3853	 3636
1	 3687	 3724	 3708	 3976
1	 3724	 3685	 3708	 4271
1	 3685	 3708	 4271	 3713
1	 4215	 4210	 4209	 2933
1	 4212	 2933	 4290	 4209
1	 4209	 2933	 2923	 4215
1	 2933	 2910	 2923	 4215
1	 3526	 3682	 3635	 3832
1	 3682	 3635	 3832	 3817
1	 3778	 3825	 3829	 3635
1	 3682	 3635	 3817	 3775
1	 3775	 3817	 3778	 3635
1	 3793	 3728	 3731	 4405
1	 4154	 4405	 3728	 4403
1	 3798	 3793	 4405	 3728
1	 4405	 3798	 3728	 4403
1	 3936	 3929	 3838	 4775
1	 3932	 3929	 3936	 4775
1	 3936	 3932	 4775	 3948
1	 3929	 3831	 4775	 3930
1	 3929	 3932	 3930	 4775
1	 3936	 3838	 3837	 3828
1	 2370	 3828	 3839	 4775
1	 4174	 2934	 4173	 4177
1	 4422	 4428	 4086	 2409
1	 4428	 4677	 4086	 2314
1	 4428	 4086	 2409	 2314
1	 2206	 4974	 3690	 3860
1	 4551	 4555	 4508	 4776
1	 4508	 4551	 4776	 4510
1	 4555	 4551	 4554	 282
1	 4776	 242	 282	 4555
1	 4555	 4550	 4508	 106
1	 107	 106	 4555	 91
1	 4984	 91	 4555	 106
1	 97	 91	 4984	 106
1	 4251	 4242	 4191	 4244
1	 4188	 4189	 4244	 4191
1	 3865	 3869	 3867	 4052
1	 4771	 3873	 3678	 3876
1	 2421	 2402	 2444	 3874
1	 4982	 2444	 3874	 2421
1	 4517	 4521	 4516	 4491
1	 4517	 4516	 4485	 4491
1	 4501	 4487	 4516	 4521
1	 4493	 4501	 4521	 4487
1	 4516	 4511	 4487	 4501
1	 4516	 4487	 4511	 4490
1	 4521	 468	 4516	 4501
1	 4605	 4608	 4599	 4777
1	 4599	 4605	 4777	 4593
1	 4605	 4608	 4777	 463
1	 4608	 4777	 463	 506
1	 463	 453	 506	 4777
1	 4608	 4777	 506	 4633
1	 3571	 3456	 3570	 4608
1	 4633	 506	 4608	 3570
1	 4608	 4777	 4633	 4599
1	 4291	 4464	 4467	 4468
1	 3824	 3821	 3822	 3839
1	 3813	 3807	 3810	 1598
1	 3813	 3807	 1598	 1771
1	 1598	 3813	 1771	 3219
1	 1771	 1598	 3219	 1496
1	 1496	 1598	 1638	 1771
1	 4294	 4289	 4292	 2922
1	 3758	 3752	 3845	 3045
1	 3757	 3752	 4959	 3716
1	 3753	 3716	 3757	 4723
1	 3832	 3829	 3825	 3635
1	 3832	 3817	 3635	 3825
1	 3801	 3635	 3778	 3829
1	 3832	 3829	 3635	 3835
1	 4011	 4015	 4013	 4430
1	 4015	 4044	 4013	 4430
1	 4430	 4011	 3984	 4013
1	 4054	 4062	 4057	 4147
1	 4059	 4054	 4147	 4062
1	 4432	 4022	 4430	 4371
1	 4371	 4044	 4022	 4430
1	 4770	 4557	 4535	 4523
1	 4557	 4521	 4523	 4770
1	 4770	 583	 4557	 4521
1	 4618	 449	 4600	 4633
1	 3798	 3728	 4403	 3788
1	 4642	 4637	 4638	 3425
1	 4126	 4128	 3326	 2888
1	 2892	 3326	 2888	 4126
1	 2869	 2892	 2893	 4126
1	 2875	 2893	 4126	 2869
1	 3326	 2892	 2869	 4126
1	 2892	 2893	 4126	 2907
1	 2888	 2892	 4126	 2907
1	 3655	 3715	 3741	 4817
1	 4021	 3890	 4012	 4028
1	 4028	 4012	 3982	 3890
1	 4021	 3890	 3886	 3885
1	 3886	 3885	 3872	 4021
1	 3664	 3714	 4175	 3750
1	 3819	 3791	 3799	 4376
1	 4384	 4344	 4349	 4346
1	 4344	 3851	 4346	 4384
1	 4411	 4415	 4404	 4417
1	 4417	 4406	 4083	 4080
1	 4292	 4289	 4290	 2920
1	 4289	 4292	 2922	 2920
1	 4292	 2922	 2920	 2943
1	 4204	 3861	 4172	 4381
1	 4381	 3861	 4172	 3850
1	 4050	 4060	 4057	 2895
1	 3965	 4064	 4088	 4309
1	 3919	 3925	 3918	 3934
1	 3934	 3925	 3967	 3919
1	 4228	 4205	 4214	 4300
1	 3910	 3913	 3914	 4222
1	 4223	 4209	 4211	 3914
1	 4063	 4182	 4177	 4203
1	 4182	 4063	 4062	 4203
1	 4186	 4187	 4320	 4096
1	 4187	 4186	 4194	 4096
1	 4187	 4320	 4096	 4269
1	 3913	 3909	 3914	 4208
1	 4513	 4568	 4572	 4580
1	 4568	 4580	 4573	 4572
1	 4325	 4322	 4328	 4437
1	 4325	 4437	 4321	 4322
1	 4322	 4328	 4437	 2964
1	 4585	 4586	 4592	 286
1	 4322	 4324	 4328	 4177
1	 3780	 3775	 3603	 3682
1	 3603	 3682	 3681	 3780
1	 3951	 3962	 3959	 4778
1	 3951	 3962	 4778	 3954
1	 3962	 4778	 3954	 3128
1	 3962	 4778	 3128	 2682
1	 3959	 3951	 4778	 2463
1	 3911	 4230	 3841	 3831
1	 3821	 4230	 3831	 3841
1	 3911	 4230	 3831	 4205
1	 4308	 4230	 4205	 3831
1	 229	 183	 286	 4592
1	 4592	 4590	 4585	 229
1	 4294	 4291	 3950	 3962
1	 4296	 3950	 3962	 4294
1	 4294	 4291	 3962	 3142
1	 4291	 3959	 3950	 3962
1	 3776	 3780	 3603	 2305
1	 3780	 3776	 2367	 2305
1	 3603	 2241	 2305	 3780
1	 2140	 2305	 3603	 2241
1	 4592	 4587	 4590	 67
1	 3962	 3959	 4778	 4467
1	 3900	 3862	 3923	 3820
1	 4201	 3820	 3901	 3923
1	 3946	 3932	 3948	 4775
1	 3932	 3946	 3930	 4775
1	 3946	 3930	 4775	 3971
1	 3744	 3632	 3716	 3430
1	 3862	 3298	 2548	 3777
1	 3740	 3786	 4685	 2345
1	 3309	 2345	 2410	 3740
1	 3740	 3786	 2345	 3396
1	 2345	 4686	 3396	 3786
1	 3738	 3786	 3740	 3396
1	 3738	 3740	 3332	 3396
1	 3740	 3332	 3396	 2410
1	 2630	 3740	 2410	 3332
1	 2345	 3740	 3396	 2410
1	 4570	 4572	 4573	 308
1	 293	 4570	 4573	 308
1	 4642	 4648	 4647	 4779
1	 4648	 4647	 4779	 1014
1	 4647	 4779	 1014	 928
1	 4642	 4648	 4779	 3333
1	 4779	 4642	 3333	 3425
1	 4647	 928	 3425	 4779
1	 4642	 4647	 3425	 4779
1	 4359	 4084	 4364	 2587
1	 2700	 2693	 2587	 4364
1	 4084	 4364	 2587	 2718
1	 4364	 2587	 2718	 2693
1	 4539	 4534	 4535	 509
1	 4309	 4314	 4311	 3965
1	 4309	 4311	 3595	 3965
1	 3595	 3965	 4088	 4309
1	 4579	 4598	 4591	 4754
1	 4601	 4619	 4604	 384
1	 4601	 341	 4618	 384
1	 4601	 341	 384	 233
1	 4601	 341	 233	 286
1	 4039	 4035	 4025	 4033
1	 4619	 4603	 4604	 3171
1	 4619	 4603	 3171	 4627
1	 4603	 4619	 3569	 4627
1	 3569	 4603	 4627	 3571
1	 4627	 3569	 3571	 3456
1	 4314	 4310	 4311	 2571
1	 2571	 2508	 2590	 4314
1	 4310	 2508	 2528	 4314
1	 2571	 4310	 2528	 4314
1	 4310	 2571	 2528	 2577
1	 4310	 4311	 2571	 2577
1	 4311	 4310	 3341	 2577
1	 2590	 2571	 4314	 4311
1	 4386	 4379	 4381	 4780
1	 4386	 3861	 3915	 4780
1	 4204	 3861	 4381	 4780
1	 4780	 3915	 3916	 3910
1	 3861	 4381	 4780	 4386
1	 4386	 4379	 4780	 3915
1	 4379	 4381	 4780	 3298
1	 4595	 4587	 4592	 73
1	 4046	 3808	 3810	 1872
1	 1799	 1872	 1686	 3810
1	 4561	 4566	 4549	 4525
1	 4574	 121	 175	 4581
1	 3807	 4046	 3810	 1598
1	 4562	 647	 4549	 4566
1	 4566	 583	 3373	 647
1	 1478	 3284	 3805	 3974
1	 3717	 3813	 3974	 3284
1	 4040	 4034	 4038	 4109
1	 4408	 4169	 4168	 2865
1	 4141	 4131	 4134	 2589
1	 4141	 4131	 2589	 2651
1	 2651	 3018	 4131	 2589
1	 2476	 2589	 4134	 2557
1	 4275	 4272	 4269	 4096
1	 4269	 4272	 4366	 4320
1	 4096	 4097	 4320	 4099
1	 3633	 3770	 4388	 3792
1	 3944	 3941	 3943	 4781
1	 3941	 3943	 4781	 3927
1	 3943	 4122	 4783	 4781
1	 3944	 3941	 4781	 3018
1	 4270	 4273	 4276	 4369
1	 4207	 4213	 4212	 4248
1	 4207	 4247	 4213	 4248
1	 3770	 4388	 3792	 3750
1	 3770	 4388	 3750	 4235
1	 3803	 3770	 3720	 4235
1	 3803	 3765	 4235	 3720
1	 3943	 3944	 4781	 4782
1	 4781	 3943	 4782	 4783
1	 4782	 4781	 4783	 4784
1	 4782	 4781	 4784	 4785
1	 4781	 4784	 4785	 2610
1	 2558	 2610	 2527	 4785
1	 2671	 2610	 2558	 4784
1	 2610	 2558	 4784	 4785
1	 4784	 4782	 4785	 2558
1	 2527	 2442	 2558	 4785
1	 3944	 4781	 4782	 4785
1	 4354	 2542	 2439	 4782
1	 4785	 2527	 2442	 3344
1	 2467	 3344	 3944	 4785
1	 4784	 4782	 2558	 2671
1	 2671	 2558	 2542	 4782
1	 2439	 2542	 2558	 4782
1	 3149	 2671	 2672	 4782
1	 4781	 4783	 4784	 4786
1	 4784	 4781	 4786	 2610
1	 4786	 4784	 2610	 2659
1	 2610	 2671	 2659	 4784
1	 4783	 4784	 4786	 2706
1	 4786	 4784	 2659	 2706
1	 2706	 2659	 2671	 4784
1	 4784	 4783	 4782	 2671
1	 4784	 2671	 2706	 4783
1	 2610	 4786	 2659	 2651
1	 4781	 4783	 4786	 4123
1	 4123	 3927	 4781	 4122
1	 4122	 4123	 4783	 4781
1	 3943	 4783	 4122	 4296
1	 4786	 4781	 4123	 2651
1	 4786	 4781	 2651	 2610
1	 4141	 4131	 2651	 4123
1	 4782	 3149	 4783	 3943
1	 3943	 4783	 4296	 3149
1	 3018	 2527	 4781	 3944
1	 4785	 4781	 2610	 2527
1	 3944	 3344	 3018	 2527
1	 4273	 4268	 4276	 3212
1	 4268	 4273	 3024	 3212
1	 3024	 4268	 3212	 4744
1	 3024	 2538	 4744	 3212
1	 3943	 3944	 4782	 3949
1	 3949	 4354	 3944	 4782
1	 4782	 3943	 3949	 3962
1	 3949	 4782	 3962	 4354
1	 3782	 3904	 4377	 3817
1	 3904	 3817	 3825	 4377
1	 4377	 3778	 3782	 3817
1	 4526	 4531	 4527	 4787
1	 4527	 4526	 4787	 4519
1	 4894	 4614	 4616	 4612
1	 4610	 48	 4615	 3190
1	 4531	 4527	 4787	 3543
1	 4787	 3543	 3545	 3542
1	 4527	 4787	 3543	 3545
1	 4787	 3689	 4983	 3542
1	 3545	 3544	 3543	 4527
1	 4542	 4541	 4527	 3544
1	 4541	 4542	 3556	 3544
1	 4527	 4787	 3545	 4519
1	 4787	 3545	 4519	 3689
1	 3558	 4519	 4541	 4527
1	 4541	 4527	 3544	 3558
1	 4541	 4527	 4519	 4520
1	 3543	 3547	 4787	 3553
1	 4787	 4531	 3543	 3553
1	 3553	 481	 4787	 4531
1	 556	 481	 3553	 4531
1	 3779	 2526	 3862	 4202
1	 2526	 4202	 3779	 2367
1	 2367	 2435	 2526	 4202
1	 4293	 4208	 3914	 3909
1	 4293	 3909	 3930	 4208
1	 3912	 3914	 3909	 4293
1	 3782	 3817	 3899	 3904
1	 4637	 4640	 4560	 4650
1	 3947	 3932	 3931	 3936
1	 3817	 3781	 3899	 3934
1	 3781	 3899	 3934	 3967
1	 3899	 3934	 3967	 3919
1	 3817	 3899	 3918	 3934
1	 3899	 3918	 3934	 3919
1	 3894	 3878	 3893	 4788
1	 3878	 4162	 3893	 4788
1	 3894	 3878	 4788	 3875
1	 4788	 3894	 3875	 4789
1	 3875	 4788	 4789	 4790
1	 2421	 3869	 4982	 4788
1	 4789	 3875	 4790	 2444
1	 2517	 2421	 2444	 4790
1	 4790	 4789	 2444	 2517
1	 4790	 4789	 2517	 4788
1	 3894	 3875	 4789	 4356
1	 4788	 3894	 4789	 3893
1	 3875	 4788	 3869	 3878
1	 4268	 4260	 4262	 4475
1	 4276	 4268	 4262	 4478
1	 4268	 4276	 3212	 4478
1	 4093	 4005	 4091	 4791
1	 3087	 4092	 4093	 4812
1	 4005	 4091	 4791	 4118
1	 4091	 4005	 4003	 4118
1	 4091	 4093	 4791	 4792
1	 4093	 4791	 4792	 1702
1	 4093	 1652	 1702	 4792
1	 4791	 4091	 4792	 3003
1	 4791	 4091	 3003	 4118
1	 4091	 3003	 4118	 4112
1	 3003	 4791	 4118	 4119
1	 4091	 4093	 4792	 4445
1	 4844	 2934	 4238	 4174
1	 4561	 4559	 4565	 4645
1	 4565	 4561	 4645	 3133
1	 4561	 4645	 3133	 4536
1	 4559	 4561	 4525	 4536
1	 4535	 4561	 3133	 4536
1	 4559	 4561	 4536	 4645
1	 3956	 3953	 3954	 2487
1	 3954	 3956	 2487	 2446
1	 2446	 2360	 3956	 2487
1	 2360	 3956	 2487	 3953
1	 3956	 2360	 3158	 3955
1	 3954	 3956	 2446	 3960
1	 3956	 2446	 3960	 2379
1	 4467	 4291	 3959	 4464
1	 4279	 4258	 4287	 4266
1	 4502	 4575	 128	 4512
1	 4575	 4569	 102	 117
1	 3917	 3925	 3927	 3928
1	 3927	 3928	 3925	 3941
1	 4060	 3732	 4149	 4051
1	 4065	 3965	 4049	 4709
1	 3881	 3888	 4313	 4088
1	 4421	 4071	 4073	 3888
1	 4087	 3888	 3881	 4088
1	 3897	 4313	 3881	 3884
1	 4449	 3840	 3528	 3640
1	 3747	 3640	 4449	 3528
1	 3640	 3631	 3766	 3620
1	 4449	 3528	 3065	 3747
1	 3773	 3747	 4449	 3467
1	 3747	 4449	 3467	 3065
1	 3466	 3065	 3467	 4449
1	 4455	 4458	 4172	 4381
1	 3638	 3670	 3672	 4061
1	 4061	 4056	 3672	 3714
1	 3800	 3714	 3638	 3672
1	 3498	 3602	 3653	 3650
1	 3602	 3600	 3653	 3700
1	 3676	 3653	 3597	 3602
1	 3702	 3700	 3524	 3602
1	 3602	 3600	 3700	 3524
1	 3499	 3448	 3387	 3524
1	 3602	 3499	 3524	 3702
1	 4264	 4279	 4278	 2961
1	 3412	 3566	 3855	 3497
1	 3617	 3636	 3618	 3853
1	 3667	 3636	 3618	 3479
1	 3479	 3667	 3734	 3738
1	 476	 455	 396	 3120
1	 476	 455	 3120	 620
1	 4342	 3577	 4340	 4793
1	 3577	 4340	 4793	 2844
1	 4340	 4793	 2844	 4455
1	 2844	 4340	 4455	 4456
1	 4340	 4793	 4455	 4385
1	 4172	 4455	 4381	 4385
1	 4385	 4340	 4391	 4455
1	 4826	 4793	 3577	 4342
1	 4340	 4342	 4793	 4385
1	 4340	 4342	 4385	 4344
1	 4385	 4340	 4344	 3857
1	 4349	 4344	 4384	 4342
1	 4383	 4342	 4385	 4793
1	 3710	 4720	 4887	 3624
1	 4673	 3615	 4887	 4720
1	 3506	 3624	 3710	 3533
1	 3624	 3615	 3506	 4720
1	 2786	 2810	 2800	 4418
1	 2786	 2800	 2744	 4418
1	 2752	 2786	 2744	 4418
1	 2752	 2744	 2667	 4418
1	 3612	 3492	 3611	 622
1	 3611	 3612	 622	 4546
1	 622	 3611	 4546	 4548
1	 4545	 4546	 622	 668
1	 4486	 4492	 4489	 3060
1	 3699	 3657	 4163	 3700
1	 882	 832	 4692	 4726
1	 882	 982	 832	 4726
1	 3421	 3893	 4900	 3516
1	 3587	 3504	 3589	 3516
1	 3893	 3516	 3581	 3589
1	 3195	 1541	 1513	 4431
1	 4605	 376	 463	 4777
1	 376	 453	 463	 4777
1	 4049	 4065	 4709	 4794
1	 4709	 4794	 2661	 2760
1	 4472	 2760	 2681	 4794
1	 4794	 2661	 2760	 2681
1	 4049	 4065	 4794	 4069
1	 4794	 4049	 4069	 4085
1	 3250	 2620	 4069	 4794
1	 4709	 4049	 4794	 3004
1	 4709	 4794	 2760	 3004
1	 3409	 3506	 3481	 3507
1	 3506	 3409	 3512	 3507
1	 3506	 3512	 3534	 3507
1	 3506	 3507	 3693	 3481
1	 3486	 3198	 3441	 3801
1	 2390	 3730	 3801	 3198
1	 3198	 3801	 3645	 3441
1	 3801	 3645	 3441	 4763
1	 4252	 4256	 4255	 2968
1	 4255	 4252	 2968	 2962
1	 2968	 2982	 4256	 4255
1	 4006	 4010	 2266	 2200
1	 4006	 3221	 4010	 2200
1	 1821	 1618	 1770	 1896
1	 4287	 2993	 4479	 2773
1	 2701	 2734	 2773	 4479
1	 3550	 3554	 3552	 404
1	 618	 519	 513	 3292
1	 3153	 1432	 1313	 3152
1	 972	 3193	 1021	 1096
1	 11	 15	 19	 3172
1	 11	 15	 3172	 148
1	 2900	 2893	 2909	 4795
1	 2893	 2909	 4795	 2907
1	 4795	 2893	 2907	 4126
1	 4126	 4125	 4295	 4795
1	 2907	 4795	 4126	 4295
1	 2907	 4795	 4295	 2922
1	 4295	 4289	 2922	 4795
1	 4295	 2907	 2922	 4294
1	 2907	 4795	 2922	 2909
1	 4289	 2922	 4795	 2920
1	 2922	 4795	 2920	 2909
1	 4216	 2900	 2920	 4795
1	 2900	 2920	 4795	 2909
1	 4223	 4216	 4289	 4795
1	 4289	 4295	 4223	 4795
1	 4795	 4289	 2920	 4216
1	 4289	 2920	 4216	 4290
1	 4125	 4221	 4223	 4795
1	 4216	 4795	 2875	 2900
1	 4216	 2875	 4795	 4221
1	 4295	 4125	 4223	 4795
1	 4125	 4126	 2875	 4795
1	 4126	 2875	 4795	 2893
1	 4795	 2875	 2900	 2893
1	 4486	 4482	 3565	 138
1	 128	 138	 132	 4482
1	 4794	 2661	 2681	 2605
1	 4794	 2661	 2605	 3076
1	 4065	 4794	 4069	 3076
1	 2215	 2249	 2281	 2388
1	 3209	 4845	 936	 959
1	 3209	 985	 936	 1118
1	 985	 3209	 1110	 1118
1	 3209	 1110	 1118	 3101
1	 1117	 972	 1096	 3193
1	 1784	 1914	 1927	 1796
1	 1784	 1927	 1722	 1940
1	 1722	 1796	 1784	 1940
1	 4162	 4161	 3582	 3505
1	 1031	 998	 3165	 3293
1	 3293	 3169	 1060	 998
1	 1873	 1982	 2024	 3339
1	 1873	 1982	 3339	 1727
1	 4072	 3225	 4089	 3076
1	 4072	 4089	 4065	 3076
1	 3225	 4089	 3076	 2496
1	 3076	 2551	 3225	 2569
1	 3681	 2241	 3349	 3603
1	 2521	 2513	 2543	 2565
1	 2945	 2944	 2953	 3504
1	 4372	 4136	 2411	 2382
1	 1170	 1215	 1312	 1245
1	 1170	 1312	 1314	 1245
1	 1314	 1341	 1245	 1312
1	 4416	 2650	 3124	 4415
1	 3469	 3448	 3410	 3124
1	 3469	 4081	 3448	 4416
1	 3789	 4416	 3523	 4081
1	 2731	 4996	 2812	 4813
1	 3700	 3524	 3600	 3877
1	 3700	 3600	 4164	 3877
1	 3654	 3877	 4164	 3600
1	 4164	 4157	 4163	 3699
1	 3877	 3700	 3699	 4164
1	 4291	 3959	 4464	 4214
1	 4291	 4214	 3958	 3959
1	 1269	 3026	 1200	 3293
1	 1200	 1269	 3293	 3095
1	 1060	 3026	 3293	 1200
1	 2047	 2030	 2046	 1852
1	 1121	 986	 3064	 3092
1	 565	 4681	 488	 4530
1	 282	 4554	 318	 4556
1	 2022	 1942	 4429	 1885
1	 1942	 1885	 4926	 4429
1	 2371	 2469	 2384	 3143
1	 917	 1012	 885	 4704
1	 744	 819	 851	 4690
1	 4690	 4682	 744	 819
1	 2857	 2881	 2847	 4362
1	 2847	 2881	 2848	 4085
1	 4085	 2848	 2847	 4471
1	 2881	 2848	 4085	 4472
1	 4155	 4689	 3585	 4474
1	 3584	 2913	 3585	 4155
1	 3341	 2529	 3132	 4398
1	 2578	 3341	 4398	 2529
1	 2443	 2578	 4398	 2529
1	 2443	 4398	 2578	 2445
1	 3132	 2529	 2443	 4398
1	 2529	 3341	 2583	 2578
1	 2026	 1877	 1958	 1729
1	 2074	 1958	 1729	 2026
1	 2074	 1729	 3208	 2026
1	 2074	 2193	 2026	 3208
1	 1877	 2026	 3208	 1729
1	 2689	 2690	 4478	 2623
1	 2623	 3212	 2690	 4478
1	 2261	 2248	 2055	 2065
1	 2318	 2248	 2261	 2065
1	 4888	 527	 607	 627
1	 3276	 1673	 1750	 4046
1	 4046	 4170	 1750	 3313
1	 1872	 4046	 4170	 1787
1	 4046	 3312	 3276	 1638
1	 3240	 1611	 1774	 1702
1	 2400	 2425	 2350	 2505
1	 2505	 2425	 2420	 2400
1	 2425	 2420	 2400	 2351
1	 3023	 1505	 1516	 1631
1	 1516	 1504	 1646	 1631
1	 1631	 1504	 1505	 1516
1	 3023	 1516	 3364	 1631
1	 3386	 1629	 3346	 1631
1	 3267	 3408	 3365	 3032
1	 3267	 3365	 4649	 3032
1	 841	 788	 874	 4997
1	 840	 787	 3365	 3356
1	 827	 3356	 3461	 787
1	 3408	 787	 3365	 788
1	 3408	 3356	 3365	 787
1	 827	 787	 840	 3356
1	 840	 3365	 787	 841
1	 1074	 1208	 3019	 1247
1	 1247	 1199	 3019	 1074
1	 1247	 1222	 1199	 1306
1	 3259	 1640	 4445	 1652
1	 1640	 4445	 1652	 1606
1	 4189	 4191	 4242	 4244
1	 4107	 1602	 1677	 1574
1	 2911	 2897	 2912	 4183
1	 4183	 4173	 2912	 2911
1	 2911	 2934	 4173	 2912
1	 4174	 4173	 2934	 2912
1	 2918	 2934	 2950	 4203
1	 2897	 2911	 2887	 4183
1	 3670	 2887	 2894	 4183
1	 4183	 3670	 4173	 2894
1	 4497	 4500	 4499	 4796
1	 4499	 4497	 4796	 440
1	 4497	 4500	 4796	 3374
1	 3374	 4497	 3440	 4796
1	 4500	 4499	 4796	 3120
1	 1754	 1705	 1815	 1789
1	 441	 537	 491	 4627
1	 2297	 2323	 2400	 2350
1	 2398	 2375	 2350	 2323
1	 2375	 2350	 2323	 2297
1	 851	 4694	 819	 950
1	 165	 121	 175	 4574
1	 271	 195	 175	 4574
1	 175	 165	 4574	 195
1	 4311	 3898	 2645	 2577
1	 3840	 4449	 3631	 3640
1	 3766	 3620	 3748	 3640
1	 3620	 3640	 4449	 3773
1	 2978	 2974	 2967	 4436
1	 2967	 2978	 4436	 2965
1	 2978	 4436	 2965	 2956
1	 2978	 4436	 2956	 4437
1	 4436	 4437	 4328	 2956
1	 4307	 4305	 3749	 3706
1	 4307	 4305	 3706	 3769
1	 3741	 3706	 4305	 3790
1	 3706	 3749	 3741	 4305
1	 1364	 1468	 1294	 3377
1	 3179	 1364	 1517	 1468
1	 1408	 1337	 1517	 1468
1	 1294	 1364	 3377	 1279
1	 3377	 1294	 1279	 1185
1	 1364	 3377	 1279	 3207
1	 1809	 1722	 1745	 1604
1	 1537	 1604	 1722	 1809
1	 1746	 1537	 1604	 1578
1	 1604	 1746	 1578	 1748
1	 1537	 1604	 1578	 1475
1	 1537	 1604	 1475	 1540
1	 1475	 3028	 1537	 1540
1	 3028	 1537	 1540	 1422
1	 1537	 1604	 1540	 1722
1	 3621	 3748	 4355	 3768
1	 829	 897	 3413	 3093
1	 884	 3382	 829	 3413
1	 3093	 3413	 4815	 897
1	 3382	 829	 3413	 3188
1	 829	 3413	 3188	 3093
1	 2702	 4414	 2649	 3055
1	 2702	 2649	 4993	 3055
1	 3162	 722	 776	 665
1	 3162	 765	 722	 3078
1	 3078	 3162	 4732	 722
1	 706	 665	 4732	 3162
1	 4732	 722	 3162	 665
1	 630	 665	 722	 4798
1	 722	 665	 4732	 4798
1	 630	 665	 4798	 3111
1	 722	 630	 4798	 4797
1	 722	 630	 4797	 705
1	 1223	 1343	 1269	 1305
1	 1343	 1269	 1305	 1370
1	 1500	 1305	 1370	 1343
1	 1269	 1223	 1305	 1172
1	 1223	 1343	 1305	 1500
1	 4339	 4323	 2966	 4244
1	 2962	 2966	 4244	 4252
1	 4339	 4323	 4244	 4188
1	 4339	 2968	 4252	 2966
1	 4252	 4244	 4188	 4339
1	 1719	 1695	 1535	 1666
1	 3111	 609	 4986	 638
1	 638	 598	 657	 3111
1	 3111	 598	 657	 4717
1	 646	 4717	 3111	 657
1	 3111	 598	 4717	 4687
1	 1140	 1030	 993	 3347
1	 3522	 3477	 3309	 2400
1	 2323	 2400	 3522	 4948
1	 2323	 3366	 3522	 4956
1	 4695	 915	 1009	 957
1	 3998	 1700	 4092	 1671
1	 4746	 4092	 3998	 4002
1	 1141	 1244	 1327	 1257
1	 3303	 1141	 1327	 1257
1	 4448	 4452	 3253	 4799
1	 4670	 3494	 3253	 4799
1	 1934	 3494	 3495	 4799
1	 3138	 4670	 4799	 3495
1	 4670	 1993	 1768	 1950
1	 1993	 4670	 3253	 4799
1	 4452	 4448	 2052	 4799
1	 3253	 2137	 1993	 4452
1	 2056	 2137	 4452	 1993
1	 4451	 4448	 3253	 3200
1	 3631	 3494	 4448	 3200
1	 4448	 4451	 3631	 3200
1	 3494	 4448	 3200	 3253
1	 3200	 3253	 4671	 3494
1	 4671	 3631	 3200	 3494
1	 3253	 4451	 3200	 2170
1	 3253	 4448	 4799	 3494
1	 4448	 4799	 3494	 4450
1	 4448	 4450	 2052	 4799
1	 4450	 2052	 4799	 1934
1	 1894	 1934	 2052	 4450
1	 3112	 1931	 1725	 1751
1	 1751	 1890	 1775	 4370
1	 1061	 1107	 3027	 3365
1	 2755	 2673	 2676	 3191
1	 2191	 2094	 2095	 2093
1	 2162	 2191	 2095	 2093
1	 2399	 2474	 2357	 3777
1	 2866	 2885	 2861	 4389
1	 2885	 2896	 2861	 4389
1	 4093	 1712	 4092	 1607
1	 4093	 4092	 3087	 1607
1	 4776	 239	 4688	 4508
1	 2429	 2517	 2444	 4789
1	 2488	 4891	 4789	 4665
1	 2429	 2403	 2488	 4789
1	 1506	 1618	 1663	 1520
1	 4397	 4400	 4358	 4028
1	 4358	 4397	 4028	 4393
1	 2635	 2707	 3069	 2696
1	 4771	 3678	 4454	 2300
1	 2267	 2193	 2300	 4771
1	 2967	 2980	 2958	 4800
1	 2980	 2958	 4800	 2975
1	 2980	 3230	 2975	 4800
1	 2958	 2967	 4800	 2949
1	 2967	 2980	 4800	 2974
1	 3230	 2980	 2974	 4800
1	 1353	 1273	 1340	 3280
1	 3280	 1351	 1353	 1179
1	 1353	 3280	 1179	 1273
1	 3151	 3153	 1194	 1272
1	 3151	 3153	 1272	 1264
1	 1194	 3151	 1272	 1134
1	 4574	 4581	 120	 121
1	 1823	 1621	 1795	 1794
1	 1823	 1797	 1621	 1794
1	 4225	 4226	 2902	 2896
1	 4226	 2902	 2896	 2903
1	 2639	 2658	 4380	 2703
1	 3082	 4380	 2658	 2703
1	 343	 371	 4577	 4512
1	 4577	 371	 4490	 4512
1	 4577	 370	 343	 4575
1	 4577	 343	 4512	 4575
1	 2037	 1949	 2015	 3235
1	 1949	 2015	 3235	 4654
1	 1895	 3235	 4654	 4659
1	 4659	 1847	 1780	 1895
1	 3235	 1847	 1731	 4659
1	 4659	 1532	 1847	 1662
1	 3235	 1847	 4659	 1895
1	 4654	 1780	 1895	 4659
1	 2829	 3395	 2804	 3345
1	 4759	 4801	 4797	 4798
1	 4801	 4797	 4798	 4802
1	 4797	 4798	 4802	 630
1	 4798	 630	 3111	 4802
1	 563	 646	 3111	 758
1	 646	 3111	 758	 657
1	 837	 4803	 3206	 838
1	 4732	 838	 3206	 4803
1	 2174	 2266	 2200	 4006
1	 4802	 617	 4797	 630
1	 630	 4797	 705	 617
1	 1373	 1406	 1460	 3103
1	 1361	 3289	 3103	 1572
1	 1373	 1361	 3103	 1460
1	 3678	 2267	 2300	 4771
1	 3765	 3803	 4241	 4240
1	 1022	 943	 1024	 3075
1	 190	 9	 25	 14
1	 1282	 1194	 1051	 1159
1	 770	 714	 750	 769
1	 750	 770	 769	 771
1	 1413	 1267	 1258	 1247
1	 1413	 1267	 1247	 1358
1	 1267	 1247	 1358	 1123
1	 1285	 1123	 1267	 1358
1	 1267	 1258	 1247	 1123
1	 1258	 1247	 1123	 1199
1	 1258	 1247	 1199	 1306
1	 3562	 4538	 4491	 4488
1	 4538	 4488	 3562	 4541
1	 4285	 4282	 3073	 2573
1	 984	 1040	 3227	 1051
1	 3544	 3545	 3229	 3558
1	 1795	 1621	 1708	 1794
1	 4542	 3556	 3544	 227
1	 284	 3544	 227	 4542
1	 1035	 948	 992	 3113
1	 3688	 3689	 403	 4515
1	 3688	 403	 359	 4553
1	 4515	 3688	 4553	 403
1	 4553	 3140	 4515	 403
1	 3140	 403	 359	 430
1	 1113	 976	 1174	 1026
1	 1025	 1125	 3070	 976
1	 1025	 1174	 976	 1090
1	 1025	 1090	 1190	 1174
1	 1190	 1224	 1301	 1090
1	 1174	 976	 1090	 1026
1	 1090	 1174	 1026	 1146
1	 1090	 1174	 1146	 1201
1	 1090	 1201	 1224	 1301
1	 1174	 1190	 1301	 1090
1	 1174	 1201	 1301	 1333
1	 1174	 1146	 1201	 1209
1	 1174	 1201	 1333	 1209
1	 1174	 1146	 1209	 1098
1	 976	 1113	 3070	 1026
1	 1174	 1146	 1098	 1026
1	 4415	 4416	 4081	 3469
1	 4823	 476	 3120	 4988
1	 942	 995	 1008	 3216
1	 942	 995	 3216	 955
1	 4791	 4118	 4119	 3997
1	 1603	 1494	 1449	 1575
1	 1575	 1603	 3304	 1449
1	 4539	 4538	 4493	 4521
1	 4538	 4493	 4521	 4491
1	 4516	 4487	 4491	 4521
1	 4590	 67	 81	 80
1	 183	 82	 80	 4590
1	 356	 329	 3348	 3074
1	 307	 356	 3348	 3074
1	 468	 4516	 4501	 4511
1	 4501	 4500	 3374	 468
1	 444	 468	 467	 4511
1	 468	 4516	 4511	 444
1	 1926	 1793	 2069	 1979
1	 4676	 1716	 3305	 1494
1	 1575	 1494	 4676	 3305
1	 1603	 3305	 1730	 1716
1	 3	 16	 3167	 200
1	 3	 16	 200	 180
1	 1534	 1587	 1551	 1781
1	 814	 826	 889	 3370
1	 3006	 1959	 1919	 1818
1	 1566	 1443	 1466	 1544
1	 1566	 1544	 1503	 1493
1	 19	 11	 3172	 8
1	 1773	 1610	 1737	 3973
1	 1736	 1610	 1773	 4942
1	 1737	 1773	 3973	 3094
1	 4372	 4008	 4136	 3981
1	 4008	 3990	 3981	 4372
1	 3981	 4419	 4138	 4372
1	 4138	 3981	 4372	 4136
1	 4136	 2411	 2476	 2456
1	 279	 4774	 221	 4716
1	 2486	 2531	 2611	 4442
1	 4333	 2486	 2611	 4442
1	 2531	 2611	 4442	 4165
1	 2965	 2967	 2949	 4436
1	 2235	 2210	 3749	 2369
1	 741	 830	 781	 4558
1	 4547	 741	 781	 4558
1	 708	 4558	 4547	 781
1	 2406	 2520	 2478	 4805
1	 2520	 2478	 4805	 3223
1	 2478	 2406	 4805	 2312
1	 4805	 2520	 3223	 4806
1	 3223	 4805	 4806	 2503
1	 2536	 2418	 4805	 2406
1	 4805	 4806	 2503	 2536
1	 4806	 2503	 2536	 2618
1	 2536	 4806	 2618	 2609
1	 4806	 2503	 2618	 3223
1	 4285	 2618	 4806	 3139
1	 3073	 2609	 3139	 4806
1	 4805	 2520	 4806	 2406
1	 2406	 2532	 2520	 4806
1	 2532	 2520	 4806	 4285
1	 4806	 3073	 2532	 4285
1	 3073	 4285	 2573	 2532
1	 2520	 3223	 4806	 4285
1	 2520	 2478	 3223	 4743
1	 2478	 2520	 2481	 4743
1	 2478	 3223	 4743	 4738
1	 2503	 2490	 4805	 2418
1	 4805	 4806	 2536	 2406
1	 891	 906	 1013	 4651
1	 4651	 891	 1014	 1013
1	 4651	 927	 3130	 906
1	 3417	 2612	 3418	 3009
1	 1328	 1485	 1444	 1445
1	 1380	 1328	 1444	 1445
1	 2998	 2997	 2735	 4729
1	 482	 507	 433	 3114
1	 1745	 1622	 3077	 1748
1	 1604	 1745	 1748	 1622
1	 140	 132	 138	 3565
1	 132	 138	 3565	 4482
1	 762	 716	 738	 718
1	 2772	 2932	 2789	 2710
1	 376	 453	 4777	 4593
1	 4605	 376	 4777	 4593
1	 14	 27	 4716	 16
1	 169	 211	 182	 37
1	 169	 211	 37	 3236
1	 4759	 3206	 996	 894
1	 3216	 955	 3206	 894
1	 663	 584	 3098	 536
1	 3098	 552	 663	 536
1	 4275	 4269	 4187	 4096
1	 4275	 4096	 4187	 4194
1	 4263	 2518	 2469	 4199
1	 3713	 4199	 4272	 4271
1	 4275	 4096	 4199	 4272
1	 2469	 3713	 4199	 4095
1	 4271	 4263	 4199	 4272
1	 4752	 2386	 2458	 3969
1	 3960	 3969	 2386	 4752
1	 2533	 2532	 2559	 4752
1	 1059	 998	 3169	 968
1	 3169	 998	 3165	 968
1	 612	 613	 750	 675
1	 750	 612	 675	 4748
1	 675	 4748	 3134	 750
1	 4116	 2126	 1857	 4120
1	 2818	 2836	 3502	 2859
1	 75	 87	 173	 206
1	 2633	 2669	 2588	 4069
1	 2669	 2633	 2694	 4069
1	 2588	 2633	 4069	 4067
1	 2669	 2620	 2588	 4069
1	 3489	 2098	 2112	 1957
1	 3489	 2112	 2098	 2099
1	 2112	 3489	 1957	 2061
1	 2971	 2957	 3254	 2944
1	 2957	 2970	 2971	 3254
1	 3254	 2957	 3504	 2944
1	 2316	 2459	 2472	 2396
1	 2296	 2396	 2346	 2316
1	 4668	 2346	 2459	 2316
1	 1030	 1140	 1215	 1205
1	 3119	 1205	 1233	 1140
1	 2605	 4794	 3076	 2620
1	 275	 316	 258	 4711
1	 4894	 4614	 225	 275
1	 275	 316	 4711	 4626
1	 4626	 297	 275	 436
1	 275	 4626	 436	 316
1	 316	 4711	 4626	 3068
1	 316	 291	 258	 4711
1	 4341	 2642	 2709	 2674
1	 2700	 4083	 2667	 4417
1	 4364	 2744	 4418	 4417
1	 4417	 2667	 2700	 2744
1	 4411	 4415	 4417	 2667
1	 4417	 4411	 2667	 4418
1	 2667	 4417	 4418	 2744
1	 2700	 2744	 4364	 4417
1	 2693	 2700	 2744	 4364
1	 4411	 2667	 4418	 2752
1	 2744	 2693	 4364	 2800
1	 4364	 2744	 2800	 4418
1	 2817	 2834	 4364	 2800
1	 2800	 2817	 2693	 4364
1	 2800	 4364	 4418	 2834
1	 4364	 4418	 2834	 4363
1	 2810	 2800	 4418	 2834
1	 4654	 3235	 1895	 2066
1	 1895	 4654	 2066	 2057
1	 2827	 2810	 4413	 4418
1	 4413	 4411	 4407	 4418
1	 2810	 4413	 4418	 2752
1	 2752	 2786	 4418	 2810
1	 1110	 1118	 3101	 1245
1	 769	 857	 922	 951
1	 403	 359	 430	 391
1	 1751	 3163	 1592	 1724
1	 4663	 2395	 3132	 4399
1	 2818	 2829	 2859	 3395
1	 3444	 2859	 3491	 2850
1	 2859	 2818	 3395	 3502
1	 3395	 3502	 3491	 2859
1	 2816	 2729	 2804	 2818
1	 811	 846	 871	 3165
1	 3394	 3125	 4701	 508
1	 4701	 3394	 3610	 3125
1	 3394	 3610	 3125	 613
1	 654	 3125	 4831	 4701
1	 654	 4701	 3610	 3125
1	 4742	 2555	 2575	 4477
1	 3115	 2711	 2704	 2769
1	 3792	 3633	 3619	 4388
1	 3638	 3792	 3619	 4388
1	 3573	 3471	 3464	 3638
1	 3633	 4388	 3573	 3638
1	 5019	 325	 210	 238
1	 1433	 1667	 1430	 1399
1	 1430	 1596	 1399	 1667
1	 1430	 1400	 1521	 1353
1	 1688	 1974	 1957	 2061
1	 1974	 2112	 1957	 2061
1	 2650	 4416	 2654	 4414
1	 2235	 2309	 2339	 4307
1	 3430	 2235	 3706	 3243
1	 4307	 3434	 3243	 4198
1	 3434	 3243	 3433	 4307
1	 2235	 3243	 4307	 3706
1	 2235	 3706	 4307	 3749
1	 2339	 2235	 4307	 3749
1	 3749	 2235	 2369	 2339
1	 3056	 4535	 4561	 3133
1	 260	 298	 254	 332
1	 1853	 1823	 2020	 1854
1	 90	 107	 104	 4554
1	 4552	 3742	 111	 104
1	 4724	 1133	 1028	 4736
1	 1133	 1028	 4736	 1169
1	 4736	 1133	 1169	 1231
1	 1231	 1133	 1252	 4736
1	 81	 96	 4590	 82
1	 81	 80	 82	 4590
1	 82	 229	 163	 96
1	 82	 229	 96	 4590
1	 82	 229	 4590	 183
1	 2487	 3953	 2439	 2360
1	 3953	 2439	 2360	 2394
1	 3953	 2439	 2394	 2467
1	 2358	 3344	 3955	 3953
1	 3801	 3635	 3829	 3604
1	 4722	 263	 22	 241
1	 2952	 2946	 2958	 3575
1	 2963	 4255	 2969	 2968
1	 1247	 1123	 1199	 1074
1	 3492	 725	 654	 622
1	 2084	 2037	 2054	 4807
1	 2084	 2037	 4807	 4764
1	 2054	 2084	 4807	 1970
1	 2107	 1923	 1970	 4807
1	 4764	 3015	 1970	 2084
1	 1970	 4764	 2084	 4807
1	 1923	 1970	 4807	 4764
1	 2195	 2107	 2281	 4807
1	 2037	 2054	 4807	 2015
1	 944	 965	 1011	 4808
1	 944	 965	 4808	 3057
1	 3057	 944	 3184	 4808
1	 3057	 3184	 3116	 4808
1	 944	 3184	 4808	 1011
1	 944	 3184	 1011	 913
1	 965	 1011	 4808	 1058
1	 4680	 4434	 2119	 3984
1	 2119	 2118	 2252	 3325
1	 4680	 4434	 3984	 4430
1	 4434	 3984	 4430	 4357
1	 2692	 2666	 4809	 2593
1	 3655	 3177	 3745	 3287
1	 3744	 3177	 2071	 3716
1	 3974	 4942	 1563	 3810
1	 1799	 1736	 3810	 1686
1	 1563	 4942	 3974	 3258
1	 1478	 3813	 3974	 3258
1	 3212	 4268	 4475	 4744
1	 4744	 4743	 4268	 4475
1	 4478	 4287	 4475	 4262
1	 728	 695	 806	 3330
1	 806	 695	 703	 3330
1	 806	 728	 3330	 807
1	 735	 3330	 728	 807
1	 1316	 1234	 1434	 1401
1	 1932	 1858	 1918	 4031
1	 2418	 2347	 2364	 2312
1	 2490	 2418	 2364	 4805
1	 379	 433	 3322	 3555
1	 3322	 3554	 3555	 433
1	 3035	 2626	 4342	 4758
1	 4762	 2494	 2547	 4758
1	 4758	 2626	 2547	 3035
1	 3035	 2465	 2547	 4348
1	 2397	 3291	 4841	 4762
1	 2397	 2547	 4762	 2428
1	 3510	 3660	 4179	 3438
1	 4179	 3510	 3438	 4443
1	 3510	 3508	 3438	 4443
1	 3695	 3508	 4443	 3054
1	 3508	 3054	 3438	 4443
1	 21	 3059	 36	 3323
1	 21	 36	 3059	 17
1	 3810	 1686	 1736	 1563
1	 3810	 3813	 1598	 1563
1	 3974	 3813	 3810	 1563
1	 3258	 1563	 1598	 3813
1	 3258	 1598	 3219	 3813
1	 1598	 3810	 1563	 1673
1	 3810	 1563	 1673	 1686
1	 508	 445	 483	 3552
1	 3232	 2405	 4738	 2312
1	 2095	 2094	 2008	 1965
1	 2022	 1940	 1980	 1965
1	 2095	 1965	 2008	 2022
1	 2008	 1965	 1940	 2022
1	 2022	 1980	 2095	 1965
1	 2094	 2047	 2008	 1965
1	 1685	 3086	 3240	 4810
1	 3086	 3240	 4810	 4811
1	 4810	 3086	 4811	 3087
1	 3086	 4811	 3087	 1590
1	 4811	 4810	 3087	 4812
1	 3240	 4810	 4811	 3997
1	 3339	 1873	 4810	 3997
1	 1856	 1685	 1873	 4810
1	 3997	 1856	 2024	 1873
1	 4811	 4093	 4812	 3087
1	 4811	 4812	 4791	 3997
1	 4791	 4005	 4812	 4093
1	 4810	 3087	 4812	 1700
1	 1700	 1856	 3998	 4812
1	 1856	 4812	 3996	 3995
1	 3989	 4812	 3993	 3996
1	 1856	 3997	 4812	 4810
1	 3989	 4118	 3988	 4812
1	 4007	 3988	 3989	 4118
1	 4812	 3997	 4118	 4791
1	 4118	 4812	 4791	 4005
1	 3997	 4812	 4810	 4811
1	 1685	 1873	 4810	 3240
1	 1685	 1873	 3240	 1674
1	 3995	 4812	 3993	 3992
1	 3998	 4002	 4092	 4812
1	 3339	 2024	 1873	 3997
1	 3260	 2018	 2020	 1853
1	 2020	 2018	 1897	 1853
1	 2140	 3349	 3442	 2020
1	 3260	 2020	 3679	 1854
1	 2020	 3260	 1853	 1854
1	 2838	 2837	 2858	 4813
1	 2837	 2858	 4813	 2853
1	 2838	 2837	 4813	 2812
1	 2858	 2838	 4813	 2851
1	 4813	 4204	 4222	 4220
1	 3544	 311	 3540	 3081
1	 3543	 3081	 4542	 3544
1	 4527	 4542	 3544	 3543
1	 4542	 284	 3544	 311
1	 1337	 1468	 1302	 1469
1	 1468	 1302	 1469	 1492
1	 1302	 1337	 1469	 1308
1	 1302	 1337	 1308	 1241
1	 1302	 1337	 1241	 1278
1	 1241	 1302	 1278	 1131
1	 1302	 1278	 1131	 1226
1	 2867	 2761	 2724	 2745
1	 484	 536	 503	 447
1	 447	 484	 3248	 503
1	 3247	 3199	 434	 503
1	 3654	 3793	 4164	 4405
1	 4405	 4164	 4814	 4166
1	 3793	 4164	 4405	 4152
1	 4166	 4149	 4814	 4405
1	 4405	 3654	 4081	 4814
1	 4814	 4164	 4405	 3654
1	 4152	 3731	 4405	 3793
1	 4152	 3731	 3793	 4053
1	 3731	 3793	 4053	 3795
1	 4405	 4152	 4164	 4166
1	 4166	 4152	 4149	 4405
1	 4166	 4814	 4149	 3637
1	 4814	 4164	 3654	 3877
1	 4778	 2559	 3073	 2554
1	 898	 927	 3130	 4651
1	 969	 889	 3267	 4651
1	 3267	 4651	 1061	 969
1	 1013	 1061	 4651	 969
1	 927	 969	 1003	 1013
1	 4651	 927	 1013	 969
1	 1219	 1285	 1455	 3211
1	 1219	 3048	 3211	 1455
1	 1299	 1455	 3211	 3048
1	 3211	 3048	 1328	 1299
1	 3211	 1455	 1299	 1358
1	 4111	 4108	 3239	 2193
1	 4111	 4108	 2193	 2152
1	 4111	 4771	 2193	 3239
1	 4108	 2193	 2152	 2035
1	 3873	 3290	 4771	 4110
1	 4111	 3239	 4110	 4771
1	 4232	 2896	 4389	 4387
1	 2896	 4232	 4236	 4387
1	 1412	 3289	 4431	 1386
1	 1482	 1386	 4431	 1435
1	 2986	 4287	 2993	 4274
1	 4274	 4266	 2982	 2986
1	 2982	 2993	 4274	 2986
1	 1023	 1046	 1120	 4815
1	 1046	 1120	 4815	 1104
1	 4815	 1046	 1104	 1082
1	 1120	 1023	 4815	 3350
1	 1039	 3093	 4815	 1082
1	 3093	 916	 897	 4815
1	 4815	 1023	 1046	 916
1	 4815	 1120	 3350	 1104
1	 1082	 1152	 4815	 1160
1	 3227	 950	 4694	 940
1	 4694	 4690	 4693	 851
1	 851	 940	 4695	 4694
1	 940	 3227	 4695	 4694
1	 1629	 1646	 1631	 3364
1	 1629	 1646	 3364	 1893
1	 1646	 1516	 3364	 1706
1	 1646	 1516	 1631	 3364
1	 1358	 1455	 1285	 3211
1	 127	 137	 3557	 139
1	 3557	 3559	 127	 139
1	 3127	 619	 743	 3255
1	 742	 3255	 3272	 743
1	 4210	 4218	 4246	 2933
1	 2165	 3423	 4710	 2201
1	 3423	 4719	 4710	 4816
1	 4306	 4305	 3822	 4929
1	 4719	 4305	 4929	 3822
1	 4719	 3741	 4305	 3822
1	 3423	 4719	 4816	 4817
1	 4719	 4816	 4817	 3741
1	 4719	 2210	 3745	 4928
1	 4816	 3423	 4817	 3836
1	 4816	 3423	 3836	 4818
1	 4816	 3826	 3828	 3836
1	 3836	 3826	 3815	 4816
1	 3826	 3828	 3822	 4816
1	 3836	 3833	 3826	 3828
1	 3423	 3836	 4818	 4113
1	 4818	 3423	 4113	 4390
1	 4113	 4390	 3828	 4818
1	 3423	 4116	 2025	 1888
1	 4390	 2038	 2097	 4116
1	 4816	 3423	 4818	 4710
1	 4710	 4816	 3822	 3839
1	 3828	 3822	 4816	 3839
1	 3822	 4710	 3839	 4929
1	 3839	 3822	 4306	 4301
1	 4306	 3839	 4301	 2376
1	 3745	 4719	 4817	 3741
1	 3715	 3177	 4817	 3655
1	 4390	 2201	 5002	 4710
1	 4818	 4710	 3423	 4390
1	 3865	 4052	 2413	 3697
1	 2531	 2413	 2421	 4165
1	 998	 1031	 1060	 3293
1	 998	 1031	 3165	 926
1	 3165	 3169	 3293	 998
1	 1031	 1060	 3293	 1126
1	 3293	 1060	 1200	 1126
1	 4593	 4576	 4578	 376
1	 4578	 4576	 370	 376
1	 4576	 3257	 423	 453
1	 204	 211	 237	 4819
1	 211	 237	 4819	 3236
1	 211	 37	 3236	 4819
1	 37	 182	 27	 4819
1	 211	 37	 4819	 182
1	 182	 27	 4819	 4716
1	 182	 27	 4716	 42
1	 4819	 211	 182	 204
1	 237	 204	 4819	 279
1	 182	 4819	 204	 4716
1	 4819	 204	 4716	 279
1	 4716	 16	 27	 4819
1	 4774	 3231	 3167	 4716
1	 1506	 1508	 1618	 1520
1	 4372	 4138	 4136	 3040
1	 4668	 4667	 2403	 2346
1	 4038	 4667	 2334	 3194
1	 2403	 4668	 2346	 2459
1	 2403	 3194	 4667	 4789
1	 2429	 2403	 4789	 4356
1	 2488	 2403	 4665	 4789
1	 3194	 4667	 4789	 4400
1	 4667	 2403	 4789	 4665
1	 1923	 1804	 4764	 1731
1	 3117	 3859	 3977	 2389
1	 2408	 2389	 3977	 2451
1	 335	 378	 401	 4706
1	 2170	 3858	 4451	 3200
1	 2236	 2211	 2201	 2370
1	 3119	 1165	 1179	 1195
1	 2066	 1951	 2107	 4807
1	 2107	 2066	 4807	 2195
1	 4807	 1970	 2107	 2281
1	 1083	 1097	 1052	 3216
1	 1083	 1143	 1097	 3216
1	 271	 195	 4574	 219
1	 374	 331	 339	 3160
1	 2470	 4727	 2361	 2404
1	 3159	 629	 567	 4820
1	 629	 567	 4820	 563
1	 629	 3217	 563	 4820
1	 3217	 4802	 563	 4820
1	 567	 3159	 4820	 3033
1	 3998	 3992	 1917	 4000
1	 3992	 3995	 1917	 2096
1	 2096	 1917	 2088	 3995
1	 4241	 3765	 4240	 4297
1	 2451	 4368	 3977	 2464
1	 1358	 1247	 1208	 1123
1	 4908	 1123	 1119	 1285
1	 1358	 1123	 1208	 4908
1	 1299	 1358	 1235	 3211
1	 1266	 1235	 3211	 1299
1	 1119	 3211	 4908	 1285
1	 1358	 1285	 1123	 4908
1	 1837	 1925	 2019	 4980
1	 232	 4774	 262	 3167
1	 4774	 232	 256	 220
1	 3167	 220	 232	 4774
1	 4774	 3167	 221	 4716
1	 4778	 2596	 2559	 4752
1	 2502	 3128	 4752	 2596
1	 1420	 1419	 1528	 4674
1	 1419	 1428	 1470	 1528
1	 1033	 887	 952	 1027
1	 887	 952	 1027	 899
1	 952	 1027	 899	 990
1	 4416	 3469	 4415	 3124
1	 3124	 2650	 2581	 4415
1	 4415	 2667	 2650	 2581
1	 3237	 4720	 3772	 4821
1	 3772	 2135	 4821	 2163
1	 3237	 4720	 4821	 1955
1	 4720	 3237	 2023	 1955
1	 4720	 3711	 3772	 3531
1	 4720	 3772	 4821	 3531
1	 4821	 4720	 3531	 4672
1	 3702	 3772	 3531	 4821
1	 4672	 3532	 3311	 4720
1	 2651	 2527	 2610	 4781
1	 3768	 3767	 1880	 1949
1	 1880	 3768	 1949	 1802
1	 1880	 3768	 1802	 1789
1	 1880	 3768	 1789	 1892
1	 3746	 3210	 1963	 3748
1	 4691	 677	 663	 762
1	 4691	 762	 832	 677
1	 4691	 737	 762	 663
1	 737	 716	 762	 663
1	 4097	 4320	 4099	 4728
1	 4098	 3283	 4728	 2404
1	 2277	 2166	 4662	 4660
1	 2277	 2184	 2166	 4660
1	 4662	 4660	 4038	 2277
1	 2184	 2166	 4660	 2035
1	 2083	 4660	 2166	 2035
1	 4660	 2184	 2035	 4109
1	 2035	 4660	 4109	 4103
1	 4103	 4660	 2083	 2035
1	 239	 328	 348	 3155
1	 2444	 2310	 2429	 4356
1	 2444	 2310	 4356	 3874
1	 3875	 4982	 4356	 3870
1	 2333	 2310	 2444	 3874
1	 4789	 2403	 3194	 4356
1	 4697	 1473	 1536	 1341
1	 1473	 1519	 1536	 1587
1	 1519	 1587	 1636	 1650
1	 4115	 4116	 4120	 2212
1	 1604	 1479	 1622	 1488
1	 1604	 1622	 1748	 1488
1	 1748	 1604	 1488	 1578
1	 3719	 4640	 3470	 3612
1	 3612	 3470	 3460	 4640
1	 800	 742	 839	 4708
1	 4708	 742	 3255	 856
1	 742	 800	 3272	 701
1	 3272	 701	 3255	 742
1	 856	 800	 742	 701
1	 3272	 659	 3255	 701
1	 3272	 3127	 3269	 743
1	 3294	 719	 700	 3277
1	 3453	 3277	 3294	 4976
1	 844	 757	 719	 3277
1	 757	 719	 3277	 700
1	 790	 3277	 700	 757
1	 3201	 3294	 3277	 719
1	 3277	 3201	 719	 844
1	 3201	 719	 844	 777
1	 719	 679	 777	 3201
1	 3330	 895	 703	 806
1	 4096	 4194	 4101	 4186
1	 4101	 4096	 4186	 4099
1	 4096	 4186	 4099	 4320
1	 3930	 3942	 3912	 4293
1	 3912	 3930	 4293	 3909
1	 3942	 3912	 4293	 4122
1	 3912	 4293	 4122	 4125
1	 4293	 4122	 4125	 4295
1	 4251	 4188	 4191	 4275
1	 4251	 4188	 4275	 4254
1	 4254	 4275	 4187	 4188
1	 4275	 4187	 4188	 4191
1	 17	 160	 4939	 193
1	 4198	 4199	 4095	 2462
1	 4199	 2469	 4095	 2462
1	 4792	 4091	 4445	 3313
1	 4792	 4091	 3313	 3003
1	 4091	 3313	 3003	 4112
1	 4112	 4113	 3313	 3003
1	 4113	 3313	 3003	 4170
1	 1116	 1095	 1192	 4822
1	 4822	 4724	 4903	 1116
1	 3407	 1139	 1062	 4822
1	 4150	 4155	 2883	 2884
1	 4155	 2883	 2884	 2908
1	 435	 411	 541	 3098
1	 411	 541	 3098	 424
1	 541	 3098	 424	 580
1	 4754	 4598	 3257	 4576
1	 4580	 4576	 4754	 3257
1	 4576	 4573	 4754	 4579
1	 4754	 4576	 4579	 4598
1	 4573	 4591	 4754	 4579
1	 293	 276	 395	 4582
1	 276	 4582	 293	 194
1	 4352	 3405	 3332	 3329
1	 4902	 3147	 4878	 2512
1	 4443	 4440	 4444	 4180
1	 4440	 4444	 4180	 4062
1	 4621	 338	 458	 4628
1	 3224	 2329	 2365	 2244
1	 3291	 2244	 3224	 2365
1	 2329	 2349	 2365	 3002
1	 2525	 2244	 2329	 3224
1	 2244	 3224	 3317	 3291
1	 3002	 2208	 2263	 3291
1	 3291	 2338	 3012	 2263
1	 2158	 2133	 2078	 2263
1	 3012	 2208	 3291	 2263
1	 2338	 2263	 2133	 3012
1	 3002	 2244	 3291	 2365
1	 2365	 2329	 3002	 2244
1	 3291	 3002	 2365	 2263
1	 2397	 3291	 2263	 2338
1	 3291	 4348	 2365	 3224
1	 4372	 4419	 3402	 4699
1	 4699	 2368	 2435	 3402
1	 4183	 4236	 4388	 2886
1	 3038	 4542	 302	 222
1	 4541	 3556	 4542	 3189
1	 3038	 222	 3189	 4542
1	 4542	 3038	 4541	 3189
1	 3556	 3189	 4541	 3560
1	 208	 222	 3038	 283
1	 3556	 222	 3189	 3557
1	 4541	 3556	 3560	 3558
1	 3556	 4542	 222	 227
1	 4542	 222	 227	 302
1	 227	 4542	 302	 284
1	 3557	 3189	 188	 222
1	 3560	 3557	 3556	 3189
1	 3130	 921	 889	 814
1	 90	 107	 4554	 91
1	 4555	 4554	 107	 91
1	 440	 4796	 456	 4497
1	 1224	 1075	 1090	 1190
1	 1224	 1075	 1190	 1167
1	 2297	 2289	 2242	 2218
1	 2218	 2157	 2207	 2289
1	 2218	 2242	 2157	 2289
1	 2377	 2380	 2249	 2356
1	 2377	 2380	 2356	 2381
1	 2380	 2249	 2356	 2272
1	 2381	 2272	 2380	 2356
1	 2543	 2493	 2380	 2377
1	 2377	 2514	 2543	 2493
1	 641	 3159	 567	 590
1	 271	 293	 352	 4570
1	 271	 352	 4572	 4570
1	 293	 4570	 308	 352
1	 352	 4572	 4570	 308
1	 4754	 4634	 344	 4823
1	 4633	 4823	 4634	 4598
1	 344	 4754	 4823	 4580
1	 4754	 4823	 4580	 3257
1	 4634	 472	 344	 524
1	 4634	 344	 4823	 524
1	 476	 344	 520	 4823
1	 3814	 1839	 1759	 1915
1	 3718	 1915	 3361	 3814
1	 1915	 1839	 3361	 3814
1	 3814	 1759	 3718	 1915
1	 3361	 2132	 2018	 1913
1	 4385	 4391	 4340	 3857
1	 1808	 1669	 1796	 1720
1	 2913	 4156	 3584	 2914
1	 2889	 4156	 2913	 2914
1	 4156	 3584	 2914	 3580
1	 1949	 4766	 3443	 3235
1	 4766	 1947	 3235	 1949
1	 2037	 1949	 3235	 1947
1	 3961	 3955	 3185	 4824
1	 3185	 3961	 4824	 3173
1	 3955	 3948	 3947	 3961
1	 3955	 3185	 4824	 2268
1	 3158	 3955	 2268	 3185
1	 2818	 2729	 4995	 2816
1	 2829	 2804	 3395	 2818
1	 2804	 3345	 3395	 2729
1	 1510	 3048	 1445	 1485
1	 3048	 1445	 1485	 1328
1	 1328	 1421	 1485	 3048
1	 3875	 3870	 3894	 3878
1	 145	 176	 207	 3565
1	 4651	 4650	 3130	 3370
1	 4629	 537	 4836	 458
1	 516	 458	 4629	 4836
1	 458	 516	 4629	 4628
1	 1453	 1597	 1586	 1454
1	 4511	 4490	 371	 4516
1	 3263	 620	 3120	 495
1	 606	 3439	 3263	 624
1	 3263	 3439	 3127	 624
1	 620	 624	 3263	 3196
1	 619	 620	 3196	 624
1	 3263	 606	 624	 620
1	 4292	 2943	 2920	 4290
1	 4465	 4292	 4290	 2943
1	 2938	 2920	 2943	 4290
1	 4290	 2938	 4465	 2943
1	 1832	 1992	 1792	 1767
1	 1992	 1792	 1767	 1911
1	 1792	 1832	 1767	 1617
1	 1558	 1617	 1756	 1681
1	 4380	 4382	 4758	 2639
1	 4762	 4384	 4382	 4349
1	 4383	 4349	 4342	 4758
1	 2547	 4348	 4762	 3035
1	 2674	 4342	 2586	 2626
1	 2639	 4382	 4758	 2494
1	 2639	 4382	 2494	 2549
1	 573	 572	 3634	 661
1	 3609	 3634	 572	 661
1	 4107	 4106	 1677	 3353
1	 4287	 4279	 4266	 2986
1	 2977	 3296	 2978	 4437
1	 2043	 1977	 1836	 1971
1	 1977	 1971	 1937	 1836
1	 2017	 1896	 1836	 2043
1	 4814	 4164	 3877	 4166
1	 3877	 3637	 4814	 4166
1	 3151	 1194	 1159	 984
1	 1051	 1056	 984	 1063
1	 1423	 1536	 1519	 1668
1	 1507	 1423	 1519	 1668
1	 4196	 4299	 4971	 4242
1	 4242	 4229	 4299	 4971
1	 4191	 4299	 4196	 4242
1	 4251	 4299	 4191	 4242
1	 1817	 1878	 1861	 2035
1	 1878	 4103	 1861	 2035
1	 4103	 1861	 2035	 2083
1	 3039	 1817	 1861	 2083
1	 1817	 1861	 2083	 2035
1	 1878	 4103	 2035	 4108
1	 1817	 1878	 2035	 2074
1	 1817	 1878	 2074	 1729
1	 4103	 4041	 1861	 3307
1	 1878	 2074	 1729	 3208
1	 3858	 2170	 2147	 3200
1	 4451	 4886	 3200	 3858
1	 2085	 3200	 2113	 2147
1	 1452	 1366	 1387	 3406
1	 3472	 1452	 1532	 1387
1	 120	 126	 4574	 121
1	 126	 4574	 121	 165
1	 3049	 420	 414	 381
1	 2048	 3112	 4680	 4825
1	 3112	 4680	 4825	 4044
1	 3112	 4680	 4044	 4371
1	 4371	 4044	 4430	 4680
1	 4679	 4371	 4432	 4680
1	 4679	 4680	 3112	 4371
1	 4044	 4430	 4680	 4825
1	 4825	 3112	 4044	 4033
1	 4044	 4033	 4013	 4825
1	 2048	 3112	 4825	 1990
1	 2253	 1990	 2048	 4825
1	 3205	 2234	 4705	 4825
1	 2253	 4705	 4825	 2252
1	 4825	 2253	 2252	 2048
1	 4680	 3984	 2119	 4825
1	 4825	 2048	 2252	 2119
1	 3984	 2252	 2119	 4825
1	 4825	 4680	 2048	 2119
1	 1767	 1634	 1682	 1865
1	 1682	 1767	 1865	 1779
1	 1779	 1911	 1865	 1948
1	 1779	 1865	 1911	 1767
1	 1865	 1911	 1767	 1792
1	 4000	 4002	 3415	 4746
1	 4200	 4481	 2631	 4201
1	 1352	 1281	 1429	 4909
1	 1352	 1453	 1402	 1429
1	 1272	 4909	 1264	 1402
1	 1264	 1352	 1402	 4909
1	 3153	 1264	 1402	 1272
1	 3317	 4350	 3854	 4346
1	 4350	 3854	 4346	 4344
1	 4845	 3100	 735	 833
1	 1488	 1480	 1479	 1724
1	 1724	 1479	 3163	 1511
1	 1411	 1609	 3163	 1570
1	 1411	 1480	 1511	 1479
1	 2820	 2803	 2797	 4826
1	 3008	 2774	 2803	 2749
1	 2797	 2749	 4826	 2803
1	 3008	 2803	 4826	 2749
1	 2797	 4826	 2749	 2776
1	 4826	 2749	 2776	 2740
1	 3264	 2740	 4826	 2820
1	 2776	 4826	 2740	 2820
1	 2776	 4826	 2820	 2797
1	 2740	 3264	 2819	 2820
1	 2819	 2740	 2820	 2776
1	 2451	 4368	 2464	 2563
1	 1687	 1512	 1608	 1579
1	 4566	 4557	 583	 4544
1	 4549	 4544	 4525	 4566
1	 1332	 1224	 1190	 1167
1	 1207	 1171	 1304	 1268
1	 1304	 1207	 1268	 1359
1	 1268	 1304	 1359	 1411
1	 1207	 1268	 1359	 1318
1	 3454	 632	 700	 666
1	 4728	 2404	 3283	 4727
1	 4727	 4728	 4097	 3283
1	 3868	 3871	 3607	 3794
1	 1432	 1506	 1472	 1303
1	 2560	 2607	 4669	 3009
1	 1863	 4707	 4355	 3747
1	 2406	 2418	 4805	 2312
1	 2418	 2347	 2312	 2417
1	 2387	 2347	 2417	 2312
1	 2311	 2387	 2406	 2312
1	 2387	 2417	 2431	 2406
1	 2347	 2258	 2312	 2387
1	 628	 696	 4691	 710
1	 4691	 4690	 737	 4682
1	 696	 710	 4682	 4691
1	 737	 4691	 710	 663
1	 4691	 628	 710	 663
1	 710	 737	 651	 4682
1	 651	 710	 4682	 590
1	 1078	 1185	 3118	 1132
1	 3213	 4736	 1169	 3131
1	 3213	 4736	 3131	 1346
1	 3222	 3131	 1346	 3213
1	 4687	 563	 3166	 530
1	 1338	 1279	 1132	 3005
1	 1185	 3377	 3005	 1279
1	 3005	 1185	 1279	 1132
1	 1338	 1279	 3005	 3352
1	 248	 174	 230	 3348
1	 4463	 2869	 2849	 2843
1	 4687	 3446	 530	 3166
1	 4687	 563	 530	 646
1	 2595	 2594	 2550	 4137
1	 2550	 3040	 2595	 4137
1	 1154	 4704	 986	 3092
1	 1266	 1188	 3064	 1221
1	 1121	 1097	 1188	 3064
1	 1221	 3064	 3092	 1121
1	 2622	 2638	 2584	 4473
1	 4823	 524	 3292	 4634
1	 4731	 3257	 4823	 4633
1	 2567	 2485	 2530	 4214
1	 3842	 3499	 3309	 3703
1	 3309	 3842	 3703	 3736
1	 3703	 3309	 3736	 4685
1	 3740	 3309	 3736	 3733
1	 3733	 3309	 3736	 3842
1	 2832	 2860	 2826	 3115
1	 2826	 2860	 4145	 3115
1	 3115	 2685	 2723	 2862
1	 4389	 3978	 4391	 3863
1	 1479	 1609	 1622	 1724
1	 1479	 1724	 3163	 1609
1	 1411	 3163	 1609	 1479
1	 1622	 1748	 1488	 1724
1	 1622	 1479	 1724	 1488
1	 714	 4748	 750	 769
1	 1879	 2062	 1976	 3359
1	 2061	 1975	 3302	 1879
1	 127	 118	 119	 4507
1	 3559	 127	 4507	 118
1	 4800	 2975	 2958	 3419
1	 3575	 2952	 3419	 2958
1	 4338	 3296	 4437	 2978
1	 4338	 2978	 2974	 3296
1	 2977	 2978	 3296	 2985
1	 2974	 2978	 2985	 3296
1	 4708	 742	 858	 688
1	 1346	 1419	 1420	 3131
1	 1346	 1420	 1567	 3131
1	 1419	 1420	 3131	 4674
1	 1567	 1346	 3131	 3336
1	 4736	 3131	 1346	 3336
1	 4736	 1169	 3131	 3336
1	 1169	 3131	 3336	 1262
1	 4736	 1169	 3336	 1231
1	 1420	 3131	 4674	 1567
1	 1661	 1567	 1420	 4674
1	 1497	 3258	 1458	 1563
1	 1404	 1458	 3258	 1393
1	 2079	 3415	 1925	 2031
1	 4655	 3766	 4462	 3691
1	 4197	 4196	 4241	 4971
1	 3765	 4297	 3785	 3856
1	 400	 324	 366	 4827
1	 4827	 366	 4848	 324
1	 366	 400	 4827	 497
1	 400	 324	 4827	 339
1	 4828	 3575	 4474	 3505
1	 4474	 3582	 3505	 3585
1	 979	 3203	 3214	 914
1	 1972	 1822	 2020	 1823
1	 1853	 2020	 1823	 1972
1	 3417	 3420	 2637	 2629
1	 3420	 3273	 2637	 4800
1	 1486	 1444	 1368	 1550
1	 1368	 1509	 1486	 1550
1	 1476	 1486	 1550	 1485
1	 1485	 1550	 1444	 1486
1	 1485	 1444	 1445	 1486
1	 4699	 3990	 4419	 3966
1	 1204	 1281	 1400	 1352
1	 879	 4647	 3425	 783
1	 4647	 3425	 783	 4637
1	 1367	 1351	 1399	 1433
1	 1536	 1473	 1587	 1551
1	 4145	 4143	 3115	 2685
1	 3142	 2941	 4468	 2742
1	 2742	 2941	 2772	 2687
1	 2772	 2742	 2947	 2941
1	 1319	 1259	 1210	 3026
1	 1270	 1249	 3026	 1319
1	 1249	 1225	 1137	 1210
1	 4418	 4411	 2752	 4413
1	 2415	 2302	 2430	 4375
1	 2302	 2303	 2430	 4739
1	 2354	 2302	 2415	 4375
1	 4375	 2415	 2354	 3143
1	 3724	 2415	 4375	 3143
1	 2302	 4374	 4375	 2354
1	 2354	 3143	 4374	 4375
1	 2050	 1872	 1999	 3423
1	 2232	 2159	 2231	 2191
1	 2093	 2159	 2232	 2191
1	 3270	 674	 801	 647
1	 3572	 549	 4635	 548
1	 3572	 549	 548	 568
1	 3110	 3143	 2203	 3376
1	 2202	 2203	 3376	 4946
1	 3376	 2203	 2202	 2276
1	 3358	 3302	 3342	 2202
1	 2102	 2204	 4037	 2183
1	 4037	 2102	 2183	 2063
1	 4037	 2001	 2063	 2183
1	 2204	 4037	 2183	 4035
1	 4147	 4155	 4474	 4689
1	 4474	 4147	 4689	 4828
1	 4474	 4147	 4828	 4161
1	 4689	 4474	 4828	 3575
1	 4689	 4474	 3575	 3585
1	 4147	 4689	 4828	 4062
1	 2928	 4203	 4062	 2924
1	 4147	 4689	 4062	 4057
1	 3130	 921	 814	 781
1	 921	 814	 781	 830
1	 2991	 2996	 2756	 2715
1	 2756	 2715	 3109	 2991
1	 2052	 3046	 2228	 4452
1	 4447	 4452	 2052	 2228
1	 4452	 4447	 3123	 2228
1	 2052	 2228	 3046	 2229
1	 2228	 4452	 3046	 3123
1	 3233	 1111	 3350	 3145
1	 4638	 726	 892	 3425
1	 726	 3400	 892	 3425
1	 1915	 2070	 2007	 3197
1	 3718	 1759	 3644	 2007
1	 2007	 3197	 3644	 3718
1	 3197	 2007	 1915	 3718
1	 2007	 3525	 3644	 3197
1	 2219	 2189	 2114	 2069
1	 2827	 2863	 4363	 4407
1	 4363	 4361	 4409	 2854
1	 1856	 1685	 4810	 1700
1	 1753	 1957	 1843	 4723
1	 1957	 1843	 4723	 1874
1	 1843	 3051	 3771	 4723
1	 1753	 1843	 3771	 4723
1	 2087	 2111	 2136	 3475
1	 865	 854	 973	 3044
1	 4907	 3121	 854	 835
1	 997	 973	 3044	 865
1	 924	 973	 854	 4829
1	 854	 924	 4829	 4694
1	 924	 835	 4694	 854
1	 924	 4694	 3227	 4829
1	 4829	 4694	 3227	 950
1	 816	 942	 950	 4829
1	 4829	 854	 4694	 819
1	 3227	 924	 4829	 973
1	 973	 854	 4829	 3044
1	 1853	 1897	 1838	 2018
1	 1897	 1785	 1838	 1695
1	 4106	 1738	 3353	 1828
1	 1738	 4105	 1828	 4106
1	 483	 515	 539	 4830
1	 515	 539	 4830	 3609
1	 3609	 3125	 539	 4830
1	 515	 3037	 3609	 4830
1	 4830	 483	 4703	 539
1	 3125	 508	 539	 4703
1	 4830	 3125	 539	 4703
1	 4830	 3125	 4703	 4831
1	 622	 4701	 654	 4831
1	 4703	 4830	 4831	 4832
1	 4703	 4830	 4832	 483
1	 483	 508	 4703	 539
1	 4830	 4831	 4832	 4532
1	 4548	 556	 4832	 4529
1	 4548	 4532	 4832	 4831
1	 622	 3611	 4548	 4831
1	 3492	 3611	 622	 4831
1	 538	 4548	 4832	 4703
1	 622	 4703	 4831	 4548
1	 4831	 3125	 4703	 4701
1	 622	 4831	 654	 3492
1	 4532	 4531	 4832	 4543
1	 515	 3037	 4830	 427
1	 4830	 515	 427	 483
1	 965	 1019	 1058	 3165
1	 835	 4694	 854	 819
1	 4694	 819	 950	 4829
1	 816	 854	 4829	 819
1	 819	 816	 854	 789
1	 854	 816	 4829	 3044
1	 819	 651	 835	 4694
1	 4694	 752	 4682	 651
1	 4694	 835	 752	 651
1	 851	 819	 4694	 4690
1	 4694	 4682	 4690	 819
1	 2508	 4314	 4089	 2570
1	 2614	 4369	 2563	 4367
1	 4369	 2544	 2563	 2451
1	 2563	 4369	 2451	 4368
1	 4368	 2563	 3122	 2464
1	 869	 3066	 880	 881
1	 3066	 907	 880	 1044
1	 1044	 1016	 1004	 880
1	 1004	 1044	 880	 907
1	 859	 907	 1044	 1004
1	 1056	 1063	 3050	 984
1	 1746	 1745	 1916	 1748
1	 1745	 1916	 1748	 3077
1	 4638	 4642	 3425	 892
1	 4642	 3425	 892	 3333
1	 4648	 803	 875	 4642
1	 803	 892	 4642	 772
1	 4638	 4642	 892	 772
1	 3400	 3203	 802	 892
1	 1964	 4994	 3622	 4653
1	 4658	 4653	 3766	 4994
1	 195	 219	 3262	 4574
1	 1413	 1258	 1331	 1360
1	 1331	 1248	 1360	 1258
1	 4820	 567	 3033	 517
1	 567	 3033	 517	 505
1	 2638	 2622	 2636	 4800
1	 2185	 3462	 3816	 3143
1	 2213	 3143	 2185	 3816
1	 408	 358	 327	 4833
1	 4833	 3446	 4860	 408
1	 408	 358	 4833	 415
1	 585	 554	 4834	 3166
1	 3166	 554	 499	 585
1	 499	 3166	 585	 528
1	 3166	 585	 528	 3033
1	 4834	 585	 3166	 4820
1	 3166	 585	 3033	 4820
1	 3033	 585	 3159	 4820
1	 3079	 1137	 1210	 3355
1	 708	 781	 783	 4560
1	 708	 4558	 781	 4560
1	 2040	 2227	 4683	 4662
1	 2247	 2040	 4662	 2227
1	 2178	 2247	 2227	 2040
1	 4662	 2040	 4661	 4683
1	 4683	 2227	 2128	 4662
1	 2227	 2040	 4683	 2178
1	 4662	 2227	 2128	 2277
1	 2040	 4683	 2178	 1910
1	 4683	 2178	 1910	 2106
1	 2178	 2104	 2106	 4683
1	 1910	 2103	 4683	 2106
1	 2106	 2104	 3015	 2103
1	 2178	 2104	 4683	 2227
1	 2178	 2279	 2104	 2227
1	 4347	 2556	 4352	 4958
1	 4284	 2733	 3139	 2721
1	 2764	 2763	 2733	 4284
1	 2922	 2932	 2941	 3142
1	 2932	 2922	 4294	 3142
1	 2922	 4294	 3142	 4468
1	 3142	 2941	 2742	 2687
1	 3962	 4291	 4467	 3142
1	 3027	 1094	 1149	 1176
1	 1162	 1094	 3027	 1176
1	 2000	 3177	 3745	 4817
1	 4817	 3423	 4928	 1999
1	 1999	 2000	 2050	 4928
1	 3745	 3655	 3741	 4817
1	 458	 496	 516	 4628
1	 25	 190	 14	 186
1	 4835	 2994	 2997	 2698
1	 2655	 2698	 2794	 2994
1	 4835	 2994	 2988	 2997
1	 2698	 2655	 4835	 2994
1	 2735	 2997	 2794	 2698
1	 2655	 2698	 4835	 2708
1	 4835	 2708	 2698	 2997
1	 4729	 2997	 2735	 2708
1	 2997	 2698	 2735	 2708
1	 1546	 1582	 1467	 4707
1	 1546	 1582	 4707	 1658
1	 1582	 4707	 1658	 1705
1	 1582	 4707	 1705	 1467
1	 4540	 3038	 283	 3174
1	 3038	 4488	 3189	 208
1	 3038	 4488	 208	 3174
1	 3174	 288	 208	 283
1	 1386	 1372	 1371	 3289
1	 3157	 4645	 662	 4565
1	 4116	 1857	 4119	 4120
1	 2171	 2066	 2195	 2177
1	 2066	 2195	 2177	 2054
1	 2066	 4807	 2195	 2054
1	 2195	 2171	 2177	 3383
1	 876	 943	 934	 3078
1	 934	 876	 3078	 996
1	 2038	 4116	 1857	 2025
1	 592	 630	 562	 4834
1	 562	 592	 4834	 3166
1	 630	 3111	 4802	 4834
1	 592	 630	 4834	 3111
1	 592	 3166	 3111	 4834
1	 3166	 562	 554	 4834
1	 582	 660	 4702	 507
1	 582	 660	 507	 587
1	 2056	 1950	 1993	 4799
1	 3138	 1950	 4799	 4670
1	 4799	 3253	 1993	 4452
1	 3551	 3543	 3081	 3553
1	 4828	 4474	 4161	 3505
1	 4236	 4234	 2904	 4183
1	 4234	 2904	 4183	 2917
1	 2904	 4183	 2917	 2897
1	 4183	 2917	 2897	 2912
1	 2904	 4236	 4183	 2886
1	 4183	 2904	 2886	 2897
1	 1106	 1044	 1004	 1092
1	 1106	 1115	 1228	 1092
1	 1092	 1044	 1093	 1106
1	 1093	 1044	 3215	 1106
1	 4353	 4003	 3680	 3616
1	 3679	 3680	 4353	 4090
1	 4738	 2405	 2478	 2312
1	 1950	 2056	 1987	 3138
1	 4333	 4062	 4444	 4442
1	 4442	 4441	 4444	 4333
1	 1402	 1453	 1378	 1429
1	 1539	 1540	 1670	 1422
1	 3347	 3193	 993	 3119
1	 993	 1140	 3347	 3119
1	 3347	 3119	 1096	 3193
1	 4416	 4410	 4081	 3789
1	 3789	 3599	 4416	 4410
1	 4410	 4081	 3789	 4402
1	 4081	 3789	 4402	 4814
1	 4402	 4405	 4081	 4814
1	 3789	 3599	 4410	 4402
1	 4402	 4405	 4814	 4149
1	 1716	 1730	 1791	 3305
1	 1730	 1791	 3305	 3307
1	 1730	 1791	 3307	 1908
1	 2016	 2065	 2055	 2091
1	 2065	 2055	 2091	 2248
1	 2065	 2016	 1987	 2091
1	 425	 548	 4629	 4635
1	 425	 548	 4635	 549
1	 548	 4631	 4629	 4836
1	 537	 561	 4836	 458
1	 4631	 4629	 4836	 516
1	 458	 516	 561	 4836
1	 561	 537	 4836	 635
1	 548	 4631	 4836	 601
1	 4629	 548	 4836	 4635
1	 4193	 4179	 3660	 4190
1	 1236	 1171	 1268	 1304
1	 4355	 3467	 3621	 1680
1	 315	 367	 368	 4604
1	 361	 367	 315	 4604
1	 4604	 315	 361	 4722
1	 3171	 263	 4722	 361
1	 904	 3266	 945	 938
1	 3308	 945	 3266	 938
1	 1652	 1772	 1702	 4792
1	 1702	 1772	 3003	 4792
1	 3003	 1702	 4792	 4791
1	 4766	 3047	 3443	 1731
1	 1662	 1731	 1847	 4659
1	 3472	 3443	 3406	 1662
1	 1662	 1529	 3047	 1387
1	 4659	 1731	 3235	 3443
1	 636	 678	 4760	 601
1	 1552	 1523	 1487	 1589
1	 2854	 2863	 2870	 4409
1	 2854	 2863	 4409	 4363
1	 4407	 2865	 2827	 2863
1	 4878	 4336	 4727	 2498
1	 2449	 2498	 2512	 4878
1	 3147	 4878	 2512	 4336
1	 702	 787	 3408	 727
1	 4570	 271	 293	 4581
1	 1680	 3467	 1863	 4355
1	 3467	 1863	 4355	 3747
1	 2712	 2688	 2721	 4837
1	 2721	 3073	 4286	 4837
1	 4469	 4466	 4286	 4837
1	 2721	 3073	 4837	 2688
1	 2688	 2683	 2721	 3073
1	 2712	 2688	 4837	 2646
1	 4286	 2721	 4837	 2791
1	 2721	 2712	 4837	 2791
1	 4286	 2721	 2791	 2763
1	 1030	 993	 3347	 949
1	 949	 3036	 993	 3347
1	 3723	 3676	 3650	 3653
1	 1492	 1645	 1575	 4676
1	 3959	 4778	 4467	 4469
1	 3433	 3432	 3626	 3430
1	 3626	 3432	 3632	 3430
1	 3433	 3706	 3430	 3626
1	 3632	 3432	 3626	 3512
1	 3626	 3632	 3512	 3483
1	 3632	 3512	 3483	 3513
1	 3432	 3433	 3626	 3511
1	 2409	 2314	 2221	 4428
1	 2314	 2221	 4428	 2173
1	 4515	 4514	 4518	 4681
1	 3140	 430	 422	 488
1	 4510	 4515	 4681	 4514
1	 2863	 2854	 2834	 4363
1	 2834	 2863	 4363	 2827
1	 4662	 2316	 2247	 2296
1	 4730	 270	 3030	 3248
1	 3794	 3649	 3868	 3870
1	 1878	 3239	 4108	 2193
1	 4108	 2193	 2035	 1878
1	 2193	 2035	 1878	 2074
1	 432	 380	 309	 4636
1	 432	 4572	 4636	 352
1	 2834	 2810	 2827	 4418
1	 4363	 2834	 2827	 4418
1	 2115	 2141	 2007	 3197
1	 2007	 2141	 3525	 3197
1	 3012	 2208	 2115	 4737
1	 3755	 4978	 1481	 1699
1	 3805	 3284	 1478	 1639
1	 1478	 3805	 1639	 1481
1	 3756	 1481	 3805	 3974
1	 3805	 1478	 3974	 1481
1	 200	 268	 202	 3231
1	 20	 4853	 202	 29
1	 2191	 2231	 3337	 2233
1	 2233	 2162	 3337	 2191
1	 2162	 3337	 2191	 2093
1	 2232	 3337	 2093	 2191
1	 211	 218	 237	 3236
1	 1023	 1111	 1018	 3350
1	 1218	 1234	 1316	 1196
1	 1316	 1218	 1196	 1206
1	 1196	 1316	 1206	 3180
1	 1196	 1401	 1254	 1234
1	 2836	 2816	 3502	 2822
1	 1225	 1249	 1287	 1210
1	 62	 48	 4610	 3190
1	 4610	 3190	 4595	 62
1	 106	 119	 118	 4507
1	 106	 119	 4507	 114
1	 2348	 2195	 2281	 2215
1	 2281	 2348	 2215	 2388
1	 3003	 4791	 4119	 1774
1	 3003	 4791	 1774	 1702
1	 1774	 3003	 1702	 1798
1	 1774	 3003	 1798	 1857
1	 1774	 3003	 1857	 4119
1	 1956	 1857	 4119	 1774
1	 257	 3030	 3324	 3063
1	 3324	 3059	 3030	 3323
1	 2997	 2998	 2989	 4729
1	 1390	 1539	 1423	 1507
1	 1539	 1423	 1507	 1669
1	 1507	 1423	 1668	 1669
1	 1668	 1507	 1669	 1588
1	 4870	 174	 3348	 230
1	 2074	 2193	 3208	 1878
1	 1951	 2107	 4807	 1923
1	 2066	 1951	 4807	 3235
1	 1951	 4807	 3235	 1923
1	 2037	 4764	 3235	 4807
1	 4764	 3235	 4807	 1923
1	 4764	 1923	 1731	 3235
1	 1547	 1517	 3179	 4768
1	 1517	 3179	 4768	 1364
1	 1517	 1364	 3377	 1468
1	 3179	 4768	 1364	 1493
1	 3207	 1364	 4768	 3351
1	 1493	 1443	 3351	 1364
1	 4768	 4766	 3047	 3443
1	 3351	 4768	 3443	 4766
1	 4769	 4768	 1778	 1547
1	 1547	 1517	 4768	 1633
1	 1633	 1778	 4768	 1547
1	 4768	 3179	 1547	 4769
1	 1778	 4676	 4769	 1547
1	 2930	 2929	 2946	 3585
1	 2952	 2946	 3585	 2930
1	 2887	 2897	 4183	 2886
1	 4333	 2486	 4442	 4441
1	 4039	 4031	 4102	 4105
1	 4039	 4102	 4031	 4025
1	 3342	 3428	 3302	 2145
1	 2543	 2499	 3137	 2377
1	 3137	 2579	 2543	 2576
1	 2355	 2226	 2311	 3288
1	 3741	 3596	 3774	 3566
1	 3741	 3596	 3566	 3535
1	 1234	 1434	 1401	 1474
1	 1401	 1522	 1474	 1434
1	 1509	 1434	 1522	 1431
1	 2333	 2310	 3874	 4111
1	 2903	 2925	 2926	 4226
1	 2510	 4664	 4666	 2385
1	 1764	 4753	 1842	 3490
1	 1764	 1753	 4753	 3490
1	 2005	 1852	 1808	 1636
1	 1808	 1669	 1720	 1668
1	 1286	 1301	 1201	 1333
1	 4447	 4453	 3123	 4375
1	 4491	 3561	 4485	 4517
1	 2550	 2594	 2600	 4137
1	 4144	 2600	 4143	 4200
1	 4200	 4144	 4132	 4143
1	 2600	 2550	 4137	 2604
1	 3040	 2550	 2604	 4137
1	 4137	 2600	 2604	 4200
1	 2600	 4143	 4137	 2594
1	 2600	 2604	 4200	 2668
1	 1554	 1464	 1394	 1360
1	 1554	 1394	 1307	 1332
1	 1464	 1394	 1360	 1331
1	 4821	 4720	 4672	 1955
1	 4672	 4821	 1955	 4756
1	 1955	 4756	 1870	 4672
1	 4756	 1870	 4672	 1825
1	 1825	 3013	 1870	 4672
1	 1825	 1870	 1989	 4756
1	 4672	 4821	 4756	 4838
1	 4756	 3475	 4838	 4821
1	 4838	 3702	 4821	 3602
1	 2163	 2111	 4756	 3475
1	 4756	 2111	 1989	 2087
1	 4672	 4821	 4838	 3531
1	 3531	 3702	 4821	 4838
1	 4756	 2163	 3475	 4821
1	 4821	 3475	 3602	 2163
1	 2163	 3702	 4821	 3772
1	 3772	 3702	 3499	 2163
1	 2163	 3499	 3602	 3702
1	 3499	 3772	 2163	 4684
1	 2163	 3499	 4684	 2251
1	 3772	 2163	 4684	 2135
1	 4756	 4672	 4838	 4715
1	 4927	 4673	 4720	 4672
1	 4672	 1870	 1955	 4927
1	 604	 667	 680	 3256
1	 667	 680	 3256	 712
1	 1939	 1898	 2031	 4000
1	 4708	 742	 688	 3255
1	 760	 701	 856	 3255
1	 3255	 712	 4708	 760
1	 742	 688	 3255	 682
1	 712	 760	 848	 4708
1	 3682	 3616	 4004	 4112
1	 4003	 4353	 4112	 3616
1	 4112	 4003	 3616	 4004
1	 3313	 3526	 3833	 4112
1	 3616	 4112	 3313	 4353
1	 4112	 3313	 4353	 4091
1	 455	 469	 473	 4796
1	 3440	 469	 495	 4796
1	 3440	 469	 4796	 456
1	 4497	 3440	 4796	 456
1	 440	 456	 4796	 473
1	 473	 456	 4796	 469
1	 3423	 4817	 3836	 4839
1	 3423	 4817	 4839	 1999
1	 3836	 3423	 4839	 4113
1	 4817	 4816	 3836	 3815
1	 4817	 4816	 3815	 3741
1	 3741	 4817	 3715	 3815
1	 4047	 3815	 3808	 4839
1	 4047	 3808	 4046	 4839
1	 3836	 4047	 4839	 3815
1	 3817	 3938	 3682	 3781
1	 321	 272	 176	 4492
1	 3060	 321	 176	 4492
1	 4488	 4492	 176	 272
1	 3212	 4475	 4268	 4478
1	 4475	 4743	 4268	 4260
1	 646	 4717	 657	 550
1	 3095	 1171	 1172	 1236
1	 3049	 388	 471	 401
1	 2925	 2926	 4226	 4243
1	 3595	 3591	 3589	 3898
1	 3595	 3591	 3898	 3879
1	 3604	 3441	 4763	 3801
1	 3604	 3441	 3801	 3486
1	 3549	 3606	 391	 426
1	 391	 3648	 3802	 3606
1	 3322	 3606	 3321	 426
1	 3648	 391	 3549	 3606
1	 3606	 3549	 3321	 426
1	 866	 1024	 943	 3078
1	 2928	 2950	 4328	 4203
1	 2950	 4328	 4203	 4177
1	 4328	 4203	 4177	 4182
1	 4324	 4328	 4177	 4182
1	 502	 508	 3114	 3552
1	 482	 502	 3552	 416
1	 3550	 3552	 445	 416
1	 3552	 3550	 404	 416
1	 508	 445	 3552	 502
1	 445	 3552	 502	 416
1	 3726	 3795	 3731	 3583
1	 3795	 3731	 3583	 4160
1	 3583	 3795	 4160	 4162
1	 3580	 3582	 4957	 3583
1	 3878	 3726	 3583	 3795
1	 4816	 3815	 3741	 3822
1	 3826	 3822	 3818	 3815
1	 4816	 3826	 3815	 3822
1	 3822	 3741	 3818	 3815
1	 4016	 4357	 3892	 4426
1	 4357	 3892	 4426	 4678
1	 4362	 3252	 4085	 2847
1	 4074	 4362	 4085	 4049
1	 4444	 4326	 4335	 4973
1	 4335	 4332	 4326	 4333
1	 4324	 4973	 4326	 4182
1	 3789	 3675	 3637	 3877
1	 4307	 4198	 4196	 4190
1	 4290	 4248	 4213	 4465
1	 4290	 4213	 4248	 4212
1	 2497	 4191	 4196	 2462
1	 4298	 4196	 2497	 4299
1	 4299	 2497	 4298	 2572
1	 4713	 4030	 4712	 4014
1	 4712	 4014	 4018	 4713
1	 4022	 4030	 4713	 4014
1	 4030	 4014	 4023	 4712
1	 3641	 3117	 3860	 3722
1	 3675	 3877	 3735	 3637
1	 3877	 3735	 3637	 4166
1	 4633	 4599	 4618	 3571
1	 4618	 4603	 3571	 4599
1	 4618	 449	 4633	 3570
1	 3570	 3571	 4633	 4618
1	 4618	 543	 449	 3570
1	 3570	 543	 3571	 4618
1	 543	 449	 3570	 513
1	 449	 4633	 3570	 513
1	 3570	 543	 513	 618
1	 4069	 4067	 4065	 3076
1	 3717	 3808	 3715	 3094
1	 3787	 3751	 3177	 3715
1	 2964	 2977	 4437	 4321
1	 4337	 4322	 4321	 2964
1	 2955	 4323	 4337	 2964
1	 2951	 2964	 4322	 4323
1	 2964	 4337	 2955	 2977
1	 4337	 2977	 2964	 4321
1	 2956	 2977	 4437	 2964
1	 4328	 4437	 2964	 2956
1	 4065	 4072	 3076	 4067
1	 4203	 2950	 4177	 2934
1	 4330	 4436	 4327	 4334
1	 4044	 4033	 4031	 4025
1	 3967	 3804	 3820	 4202
1	 3804	 3820	 4202	 3779
1	 4535	 4536	 4525	 4561
1	 4525	 4535	 4561	 4566
1	 4525	 4535	 4566	 4557
1	 4532	 4529	 4525	 4546
1	 4087	 3727	 3964	 3881
1	 4088	 3595	 3881	 3964
1	 4009	 3986	 3981	 4008
1	 3884	 3886	 3882	 3982
1	 3904	 3905	 3915	 4379
1	 4377	 4379	 3905	 3904
1	 3905	 3915	 4379	 4386
1	 3645	 3815	 4763	 3829
1	 3815	 3829	 3604	 4763
1	 4763	 3645	 3829	 3801
1	 3829	 4763	 3801	 3604
1	 4530	 4526	 4518	 4515
1	 4530	 4518	 4681	 4515
1	 4681	 4530	 4515	 488
1	 4290	 4465	 2938	 4248
1	 2938	 4465	 2942	 4248
1	 4793	 4383	 3082	 4381
1	 4455	 4381	 4385	 4793
1	 4543	 4528	 4527	 4542
1	 4589	 4596	 4578	 4840
1	 4589	 4596	 4840	 78
1	 4578	 4589	 4840	 102
1	 4589	 4840	 102	 78
1	 99	 78	 4589	 102
1	 4578	 4589	 102	 99
1	 4840	 102	 78	 94
1	 4596	 4578	 4840	 281
1	 4299	 4229	 4242	 4247
1	 3941	 3018	 3925	 3927
1	 4033	 4031	 4025	 4039
1	 3733	 3842	 3523	 3309
1	 4567	 4636	 4572	 255
1	 352	 255	 4572	 4636
1	 4615	 4612	 4610	 3190
1	 4615	 48	 41	 30
1	 4610	 48	 62	 41
1	 4616	 3190	 4612	 4615
1	 41	 4615	 30	 22
1	 22	 30	 4616	 4615
1	 4384	 4382	 4376	 4841
1	 4384	 4382	 4841	 4762
1	 4762	 4758	 4349	 4382
1	 4841	 4382	 2549	 2428
1	 4349	 4346	 4348	 4762
1	 4382	 4376	 4841	 3783
1	 4841	 4384	 4762	 4346
1	 4346	 4762	 4841	 3291
1	 2547	 2397	 4762	 4348
1	 4762	 4384	 4349	 4346
1	 2343	 2397	 4841	 2428
1	 2428	 2397	 4841	 4762
1	 2428	 2494	 4762	 4382
1	 3789	 3599	 4402	 3637
1	 4814	 4149	 3637	 4402
1	 4376	 4384	 4841	 3851
1	 3735	 3637	 4166	 3732
1	 4058	 3735	 4157	 4146
1	 3735	 3637	 3732	 3623
1	 4189	 4181	 4188	 4244
1	 4189	 4237	 4181	 4244
1	 4238	 4237	 4244	 4181
1	 4143	 4141	 4134	 2644
1	 4141	 4134	 2644	 2589
1	 2541	 2589	 2644	 4134
1	 3825	 3829	 3819	 3778
1	 4519	 4518	 4526	 4515
1	 4445	 1652	 4093	 4792
1	 4445	 4093	 1652	 1606
1	 4269	 4366	 4367	 4319
1	 4420	 4269	 4270	 4367
1	 4276	 4270	 4369	 4367
1	 4420	 4261	 4269	 4259
1	 4261	 4267	 4259	 4420
1	 4300	 4308	 4205	 3930
1	 4205	 4300	 3930	 4214
1	 3441	 3718	 3645	 3197
1	 3718	 3645	 3197	 3644
1	 3441	 3718	 3197	 1915
1	 3718	 1915	 1759	 2007
1	 3197	 3441	 1915	 2070
1	 3691	 4462	 3640	 3766
1	 4864	 3168	 4901	 3743
1	 3743	 3648	 3658	 318
1	 359	 3742	 4556	 3648
1	 3598	 3700	 3657	 3699
1	 4267	 4256	 4259	 2976
1	 3965	 4049	 4709	 3625
1	 4065	 3965	 4709	 4089
1	 3713	 3707	 4272	 4366
1	 4097	 3713	 4366	 3686
1	 4320	 4727	 4097	 4366
1	 4320	 4096	 4269	 4272
1	 4320	 4366	 4269	 4319
1	 4272	 4096	 3713	 4320
1	 4272	 4366	 4320	 3713
1	 4097	 3713	 4096	 4320
1	 4199	 4096	 3713	 4272
1	 4269	 4366	 4272	 4281
1	 4640	 3719	 4565	 4559
1	 4559	 3612	 4558	 4640
1	 4650	 3612	 4640	 4558
1	 2819	 2838	 3082	 2809
1	 1189	 1122	 1144	 3350
1	 3233	 1189	 1246	 1144
1	 3602	 3498	 3475	 3650
1	 3676	 3597	 3531	 3702
1	 3594	 3963	 3592	 3788
1	 3963	 3588	 3592	 3625
1	 3592	 3588	 2891	 3625
1	 3593	 3586	 3580	 2914
1	 3586	 3593	 2889	 2914
1	 3593	 2889	 2914	 4156
1	 2914	 4156	 3580	 3593
1	 3590	 3593	 3580	 3731
1	 3593	 3580	 3731	 4156
1	 3302	 2062	 2061	 1879
1	 2061	 3302	 1975	 2112
1	 3359	 1879	 2062	 3302
1	 1974	 2112	 2061	 1975
1	 3506	 3534	 3512	 3533
1	 532	 3282	 3120	 4500
1	 3374	 3282	 532	 4500
1	 4500	 4796	 3374	 3282
1	 3282	 3374	 3440	 4796
1	 3282	 3120	 4500	 4796
1	 3263	 495	 3120	 4796
1	 1040	 924	 3227	 973
1	 1124	 1154	 1221	 1024
1	 3075	 1208	 1221	 1024
1	 701	 3272	 3271	 800
1	 743	 800	 815	 3271
1	 800	 701	 780	 3066
1	 800	 815	 3271	 869
1	 3271	 869	 3066	 800
1	 579	 547	 608	 590
1	 470	 547	 590	 505
1	 1772	 1652	 1750	 4792
1	 1652	 3259	 1750	 4792
1	 4445	 1652	 4792	 3259
1	 3259	 1750	 4792	 3313
1	 4445	 4792	 3313	 3259
1	 4488	 3565	 3189	 207
1	 3189	 4488	 207	 208
1	 4488	 4486	 3565	 176
1	 3565	 4488	 176	 207
1	 2579	 2565	 2543	 2613
1	 2565	 2543	 2613	 2513
1	 4539	 4521	 4493	 4501
1	 4770	 4498	 4501	 4539
1	 4493	 4498	 4539	 4501
1	 4539	 4523	 4521	 4770
1	 4557	 4522	 4521	 583
1	 468	 4521	 4770	 4501
1	 4770	 4498	 4539	 3016
1	 4501	 4521	 4770	 4539
1	 3016	 4493	 4498	 4539
1	 4770	 468	 4501	 3374
1	 4770	 468	 3374	 583
1	 468	 3374	 583	 533
1	 3374	 583	 533	 578
1	 4539	 4770	 3016	 4535
1	 4535	 4539	 509	 3016
1	 4535	 3056	 4770	 3016
1	 3056	 4770	 3016	 3403
1	 4535	 3056	 3016	 509
1	 509	 457	 540	 3403
1	 4770	 4535	 4539	 4523
1	 4770	 4498	 3016	 3403
1	 4717	 657	 550	 598
1	 4737	 3525	 3566	 3412
1	 3450	 3566	 3412	 3497
1	 3596	 3497	 3566	 3450
1	 3412	 3497	 3855	 3674
1	 3497	 3855	 3674	 3774
1	 3370	 3612	 3460	 4650
1	 3370	 3267	 889	 4651
1	 3370	 889	 814	 3130
1	 3370	 4650	 814	 3612
1	 2598	 2642	 2556	 4343
1	 4343	 2678	 2642	 2556
1	 771	 770	 769	 857
1	 771	 3134	 785	 888
1	 589	 636	 718	 626
1	 636	 589	 640	 626
1	 640	 636	 626	 695
1	 718	 636	 695	 626
1	 640	 636	 695	 4760
1	 728	 4760	 640	 695
1	 728	 695	 3330	 4760
1	 695	 3330	 4760	 703
1	 636	 695	 4760	 703
1	 3969	 3954	 3951	 4778
1	 2463	 3969	 4778	 2458
1	 4778	 2458	 3969	 4752
1	 4752	 2559	 2502	 2596
1	 3969	 4778	 4752	 3954
1	 3128	 4752	 4778	 3954
1	 3128	 4752	 3954	 2502
1	 4752	 3969	 3954	 3960
1	 2676	 2583	 2616	 4842
1	 4842	 4401	 3191	 2583
1	 2616	 2676	 4842	 3186
1	 2583	 2616	 4842	 2577
1	 305	 402	 4761	 4776
1	 402	 4761	 4776	 328
1	 2232	 2231	 2313	 3337
1	 2191	 3337	 2231	 2232
1	 2391	 2233	 2313	 2250
1	 3337	 3204	 2233	 2313
1	 2231	 2250	 2313	 2233
1	 2250	 2233	 2231	 2191
1	 165	 4574	 195	 3262
1	 126	 4574	 165	 3262
1	 126	 165	 134	 3262
1	 1405	 1404	 3258	 1393
1	 1458	 1446	 1610	 1393
1	 4371	 4370	 3112	 1725
1	 3112	 4371	 1725	 4679
1	 3014	 4679	 1725	 4371
1	 1725	 3112	 4679	 1887
1	 1901	 1887	 1725	 4679
1	 1467	 1418	 1546	 4843
1	 1418	 1546	 4843	 3368
1	 1467	 1418	 4843	 3043
1	 3265	 1418	 3043	 4843
1	 3043	 3369	 3265	 4843
1	 1546	 4843	 3368	 3372
1	 4843	 3368	 3372	 3265
1	 4843	 3368	 3265	 1418
1	 1546	 1467	 4843	 4355
1	 1467	 1546	 4707	 4355
1	 2099	 2098	 3716	 3744
1	 3744	 2071	 2150	 2098
1	 1215	 1253	 1312	 1341
1	 2344	 2313	 2466	 3447
1	 4672	 4715	 1825	 3310
1	 4672	 1825	 4715	 4756
1	 3444	 2850	 3464	 2841
1	 4128	 4463	 3326	 2868
1	 336	 3648	 318	 358
1	 4499	 4511	 4513	 467
1	 1990	 3006	 1890	 4370
1	 1751	 1890	 4370	 3112
1	 2052	 4799	 1934	 3138
1	 3407	 1232	 1349	 1388
1	 1388	 1263	 3371	 3407
1	 1349	 3371	 3407	 1388
1	 1232	 1263	 3407	 1139
1	 3407	 1232	 1139	 1192
1	 3493	 4773	 1842	 1905
1	 2412	 2457	 2308	 4394
1	 2457	 2412	 2479	 4316
1	 2457	 3132	 2308	 4394
1	 2308	 2412	 4394	 4395
1	 2308	 2412	 4395	 2199
1	 2641	 2563	 3122	 4367
1	 2641	 2563	 4367	 2614
1	 4813	 3082	 4458	 2838
1	 4551	 4553	 306	 4510
1	 4551	 4776	 4510	 306
1	 4551	 306	 282	 4776
1	 385	 3140	 4510	 4553
1	 4510	 306	 385	 4553
1	 306	 305	 4776	 402
1	 1613	 3103	 1447	 1675
1	 3103	 1447	 1675	 1581
1	 1447	 1613	 1675	 1714
1	 2927	 2951	 2934	 4844
1	 2951	 2934	 4844	 4177
1	 4188	 4181	 4185	 4844
1	 4181	 4174	 4176	 4844
1	 4844	 2951	 4177	 4322
1	 2951	 2934	 4177	 2950
1	 4181	 4238	 4844	 4244
1	 4323	 4844	 2951	 2927
1	 2934	 2927	 4844	 4238
1	 4238	 2927	 2912	 2934
1	 2927	 4844	 4238	 4244
1	 4244	 2962	 2937	 2927
1	 2966	 2962	 4244	 2927
1	 4244	 2966	 2927	 4323
1	 2927	 4844	 4244	 4323
1	 4844	 4177	 2934	 4174
1	 627	 527	 640	 4888
1	 1262	 1339	 1549	 3336
1	 3981	 3990	 4419	 4372
1	 4072	 3076	 4067	 2588
1	 3076	 4067	 2588	 4069
1	 2588	 3076	 4069	 2620
1	 3076	 4069	 2620	 4794
1	 4472	 4085	 4794	 3250
1	 2620	 3250	 4472	 4794
1	 2705	 2669	 2758	 3250
1	 3250	 2669	 4069	 2620
1	 4067	 4072	 2588	 2501
1	 2535	 3202	 4067	 2501
1	 41	 58	 73	 4610
1	 62	 4610	 73	 4595
1	 41	 241	 58	 4722
1	 241	 38	 203	 41
1	 41	 22	 203	 241
1	 58	 41	 4722	 4610
1	 4615	 41	 4610	 4722
1	 22	 41	 4722	 241
1	 41	 4615	 22	 4722
1	 4788	 3869	 3878	 4162
1	 3869	 3878	 4162	 3795
1	 3583	 3878	 3795	 4162
1	 3191	 2510	 2621	 2578
1	 2578	 2583	 2621	 3191
1	 369	 401	 388	 3049
1	 388	 3049	 3105	 369
1	 2098	 1874	 1957	 4723
1	 2071	 2098	 3716	 4723
1	 4444	 4182	 4180	 4062
1	 885	 1024	 866	 3078
1	 866	 3078	 845	 885
1	 885	 1012	 1024	 4704
1	 1233	 1205	 1341	 1215
1	 1341	 1233	 1215	 1253
1	 1205	 1215	 1233	 1140
1	 1205	 1341	 1215	 1245
1	 1341	 3280	 1233	 1253
1	 1539	 1670	 1588	 1422
1	 1669	 1539	 1588	 1507
1	 1539	 1588	 1507	 1422
1	 1507	 1539	 1422	 1390
1	 1778	 1791	 3039	 1716
1	 4481	 2631	 4201	 2666
1	 4658	 1964	 4653	 4994
1	 3631	 3622	 1936	 4994
1	 379	 433	 477	 3322
1	 3020	 999	 1091	 1084
1	 2151	 2049	 2034	 3278
1	 3278	 1983	 2034	 2144
1	 3278	 3185	 1983	 2144
1	 2034	 2144	 2151	 3278
1	 4713	 4429	 4018	 4714
1	 4714	 1942	 4713	 4429
1	 1942	 1855	 2032	 4714
1	 4714	 2032	 1942	 4429
1	 4526	 4530	 481	 4515
1	 4530	 481	 4515	 488
1	 481	 4526	 4515	 3689
1	 4787	 4526	 481	 3689
1	 4787	 4526	 4531	 481
1	 4526	 4515	 3689	 4519
1	 4526	 4787	 4519	 3689
1	 454	 403	 488	 430
1	 3140	 403	 488	 4515
1	 4515	 481	 3689	 403
1	 4530	 481	 488	 605
1	 4530	 481	 605	 4545
1	 4545	 556	 4530	 481
1	 4530	 605	 565	 681
1	 605	 556	 4545	 481
1	 556	 605	 545	 481
1	 545	 556	 481	 538
1	 4677	 3325	 4130	 2298
1	 1751	 1775	 3156	 4370
1	 1828	 3353	 4370	 1654
1	 3163	 3156	 4370	 1751
1	 338	 405	 496	 4628
1	 405	 338	 4625	 4620
1	 373	 405	 3327	 474
1	 4628	 4632	 459	 3135
1	 3135	 3327	 459	 4628
1	 405	 496	 4628	 474
1	 4628	 405	 474	 3327
1	 496	 458	 338	 4628
1	 2374	 2499	 2377	 2460
1	 2499	 3137	 2377	 2460
1	 4563	 600	 726	 649
1	 428	 3161	 3107	 4827
1	 400	 3107	 3161	 4827
1	 400	 4827	 497	 3107
1	 601	 656	 678	 4760
1	 652	 753	 678	 656
1	 601	 678	 656	 652
1	 678	 4760	 656	 683
1	 1234	 3154	 1401	 1254
1	 1401	 1385	 1254	 3154
1	 3271	 634	 815	 743
1	 4746	 1925	 3415	 2031
1	 1694	 4746	 2031	 1925
1	 2040	 4683	 1910	 4661
1	 4662	 4661	 2128	 4683
1	 4746	 1840	 1939	 4000
1	 4746	 1939	 2031	 4000
1	 4015	 4022	 4030	 4044
1	 1383	 1376	 1442	 1426
1	 4092	 1607	 1698	 1671
1	 1671	 4092	 4746	 1698
1	 1698	 1605	 1671	 1607
1	 4092	 1607	 1700	 3087
1	 3998	 4092	 1700	 4812
1	 4092	 1700	 4812	 3087
1	 4093	 4092	 4005	 4812
1	 4005	 3994	 4812	 4002
1	 1917	 1671	 1700	 3998
1	 1918	 1932	 4031	 4110
1	 1932	 4031	 4110	 4024
1	 4110	 1918	 1932	 3239
1	 4031	 1918	 4110	 4102
1	 1034	 990	 1054	 1049
1	 1034	 990	 1049	 1077
1	 1054	 1034	 1049	 1163
1	 1034	 1108	 1163	 1054
1	 1077	 1085	 1163	 1034
1	 1034	 1049	 1163	 1077
1	 1163	 1085	 1211	 1212
1	 1599	 1687	 1608	 1762
1	 1599	 3013	 1687	 1762
1	 4639	 4642	 772	 803
1	 4658	 2057	 3025	 4655
1	 4913	 3691	 4658	 4655
1	 3691	 3722	 4462	 4655
1	 541	 628	 3098	 580
1	 2949	 2928	 2965	 4327
1	 2928	 2965	 4327	 4328
1	 2949	 2965	 4436	 4327
1	 4198	 4194	 4190	 4101
1	 4101	 4095	 3434	 4198
1	 3660	 4193	 4190	 3668
1	 1447	 1489	 1581	 3103
1	 1406	 1489	 3103	 1373
1	 2415	 2430	 2519	 4741
1	 2430	 2519	 4741	 2423
1	 2519	 4741	 2423	 4743
1	 2346	 2316	 2396	 2459
1	 2316	 2472	 2459	 2471
1	 668	 622	 761	 4546
1	 4558	 3612	 4546	 761
1	 4558	 4546	 668	 761
1	 761	 622	 3612	 4546
1	 3612	 622	 761	 725
1	 761	 3612	 725	 814
1	 3612	 3370	 3492	 826
1	 814	 725	 826	 3612
1	 3492	 725	 622	 3612
1	 1917	 3992	 2096	 1988
1	 1988	 3083	 4000	 3992
1	 1988	 3083	 3992	 2096
1	 4000	 1988	 3992	 1917
1	 2652	 3091	 2571	 2590
1	 2645	 2571	 2652	 3091
1	 4342	 4383	 4758	 4793
1	 3114	 508	 4703	 3552
1	 2169	 2272	 2356	 3029
1	 2377	 2215	 2388	 2249
1	 2870	 2854	 4409	 4361
1	 2870	 2854	 4361	 4362
1	 3948	 2370	 3970	 4775
1	 3946	 3970	 4775	 3948
1	 544	 593	 569	 3570
1	 544	 593	 3570	 4731
1	 3570	 544	 4731	 4633
1	 3570	 3292	 513	 4633
1	 4777	 506	 4633	 544
1	 506	 453	 544	 4777
1	 453	 3257	 544	 4777
1	 506	 3570	 4633	 544
1	 506	 3570	 544	 569
1	 453	 3257	 4777	 4593
1	 4055	 4050	 2898	 3670
1	 4050	 3670	 2873	 2898
1	 3670	 2873	 2898	 2894
1	 896	 3036	 3100	 4845
1	 3036	 3100	 4845	 941
1	 896	 836	 936	 4845
1	 3209	 941	 3101	 3036
1	 4845	 896	 3036	 936
1	 3209	 959	 3175	 4845
1	 941	 3209	 4845	 3036
1	 3036	 936	 3101	 3209
1	 941	 949	 994	 3347
1	 935	 896	 3100	 808
1	 3100	 896	 4845	 808
1	 4415	 2667	 2581	 4079
1	 4415	 2667	 4079	 4083
1	 4415	 2667	 4083	 4417
1	 2700	 2667	 4083	 2632
1	 4033	 3006	 1828	 4031
1	 4105	 4039	 4031	 3006
1	 300	 301	 264	 4846
1	 301	 264	 4846	 4847
1	 301	 264	 4847	 324
1	 4846	 301	 4847	 4848
1	 301	 300	 381	 4846
1	 3105	 300	 4846	 381
1	 381	 366	 301	 4848
1	 324	 4827	 4847	 4848
1	 4848	 366	 301	 324
1	 4847	 301	 324	 4848
1	 4847	 4846	 4848	 4849
1	 4846	 4848	 4849	 4850
1	 4846	 4848	 4850	 3105
1	 301	 381	 4848	 4846
1	 4848	 3105	 4846	 381
1	 300	 381	 3105	 314
1	 4849	 4846	 4850	 4851
1	 4846	 4850	 4851	 3105
1	 4849	 4846	 4851	 4852
1	 4849	 4846	 4852	 4847
1	 4846	 4851	 4852	 4853
1	 279	 237	 340	 4819
1	 4819	 20	 37	 4853
1	 56	 20	 29	 4853
1	 56	 45	 4852	 4853
1	 4852	 4846	 4853	 3380
1	 4846	 4852	 4847	 3380
1	 56	 3236	 4853	 4851
1	 4846	 4853	 3380	 269
1	 3380	 4846	 269	 264
1	 29	 20	 168	 202
1	 269	 29	 4853	 3380
1	 3380	 4846	 264	 4847
1	 4851	 4852	 4853	 56
1	 45	 3380	 4852	 4853
1	 3380	 29	 4853	 45
1	 46	 3380	 4847	 4852
1	 4851	 4849	 4852	 4854
1	 4849	 4852	 4854	 4855
1	 4849	 4852	 4855	 4847
1	 4854	 4849	 4855	 4856
1	 4849	 4855	 4856	 4857
1	 4849	 4855	 4857	 4847
1	 4854	 4849	 4856	 4706
1	 4855	 4856	 4857	 4858
1	 4857	 4855	 4858	 4859
1	 4857	 4855	 4859	 4847
1	 4856	 4849	 4857	 4860
1	 4856	 4849	 4860	 4706
1	 4849	 4857	 4860	 4848
1	 4857	 4856	 4860	 327
1	 4856	 4857	 4858	 327
1	 4857	 4858	 327	 254
1	 4855	 4856	 4858	 4861
1	 4855	 4856	 4861	 4854
1	 4858	 4855	 4861	 4725
1	 4855	 65	 71	 74
1	 4856	 4858	 4861	 4862
1	 4855	 4858	 4859	 4725
1	 4858	 4857	 4859	 254
1	 4861	 4856	 4862	 4863
1	 4772	 4868	 4854	 4856
1	 4862	 4861	 4863	 4864
1	 4856	 4862	 4863	 4865
1	 4862	 4863	 4865	 4866
1	 4865	 4862	 4866	 358
1	 4862	 4863	 4866	 4864
1	 4862	 358	 292	 318
1	 4862	 292	 4867	 243
1	 243	 254	 292	 4867
1	 4862	 292	 243	 318
1	 4863	 4856	 4865	 4868
1	 4856	 4865	 4868	 4860
1	 4860	 4856	 4706	 4868
1	 4865	 4863	 4868	 3348
1	 4863	 4865	 4866	 3348
1	 4862	 4861	 4864	 4869
1	 4864	 4862	 4869	 3743
1	 4869	 4864	 3743	 3168
1	 4863	 4861	 4856	 4772
1	 4862	 4861	 4869	 4858
1	 4861	 4858	 4725	 4869
1	 4862	 243	 4858	 4869
1	 4852	 4854	 4855	 63
1	 4871	 4854	 4851	 56
1	 4851	 4849	 4854	 4706
1	 4848	 4849	 4850	 4860
1	 4849	 4860	 4706	 4850
1	 4850	 4849	 4851	 4706
1	 4848	 4847	 4849	 4857
1	 3743	 3647	 3168	 4901
1	 3380	 170	 46	 4847
1	 3234	 31	 170	 4847
1	 4847	 181	 170	 3234
1	 4847	 170	 181	 264
1	 4851	 4850	 4706	 234
1	 234	 4706	 369	 4850
1	 333	 3105	 4851	 4850
1	 4850	 369	 3105	 3049
1	 4859	 4858	 254	 260
1	 3658	 3348	 4866	 4865
1	 4866	 4865	 358	 3658
1	 269	 3380	 264	 170
1	 4864	 4862	 3743	 4866
1	 4870	 4864	 4901	 4866
1	 4862	 3743	 4866	 318
1	 3658	 3743	 318	 4866
1	 292	 327	 4867	 254
1	 4858	 327	 254	 4867
1	 254	 4858	 4867	 243
1	 4863	 4866	 4864	 4870
1	 4863	 4866	 4870	 3348
1	 4866	 3743	 4864	 4901
1	 4858	 4725	 4869	 243
1	 4862	 4858	 243	 4867
1	 4861	 4855	 4854	 71
1	 4854	 4861	 71	 4772
1	 4855	 4854	 71	 63
1	 4854	 71	 63	 64
1	 4854	 71	 64	 4772
1	 45	 63	 4852	 46
1	 46	 53	 63	 4855
1	 4554	 242	 243	 4725
1	 64	 4854	 4772	 75
1	 4854	 4851	 4706	 4871
1	 4851	 4706	 4871	 234
1	 4706	 234	 206	 4871
1	 234	 206	 4871	 218
1	 55	 56	 75	 4871
1	 4854	 4852	 4851	 56
1	 56	 64	 75	 4854
1	 4871	 56	 3236	 55
1	 64	 4852	 4854	 56
1	 56	 64	 4852	 45
1	 174	 4772	 4868	 206
1	 4854	 4772	 75	 4871
1	 3348	 3658	 4866	 4870
1	 4857	 4859	 254	 4872
1	 4857	 4859	 4872	 4847
1	 332	 260	 3323	 4872
1	 254	 4872	 332	 394
1	 254	 4872	 394	 4857
1	 264	 300	 4846	 269
1	 3105	 300	 314	 3231
1	 4758	 2626	 2494	 2547
1	 4383	 4349	 4758	 4382
1	 4762	 2494	 4758	 4382
1	 3035	 2547	 4758	 4762
1	 537	 441	 412	 4627
1	 3171	 412	 441	 4627
1	 608	 684	 670	 651
1	 657	 687	 550	 598
1	 657	 687	 598	 638
1	 3451	 2101	 3343	 2100
1	 2072	 2101	 3451	 2100
1	 3343	 3451	 2100	 3493
1	 1829	 3451	 2100	 2072
1	 3930	 4775	 3971	 4308
1	 1179	 3280	 3119	 1273
1	 1111	 1023	 1120	 3350
1	 1120	 1111	 3350	 1207
1	 2057	 3025	 4655	 2015
1	 4655	 2057	 2015	 4654
1	 1935	 1881	 1778	 4765
1	 1922	 1935	 4765	 1881
1	 3933	 3827	 4966	 3817
1	 3830	 3827	 3817	 4966
1	 2666	 2730	 4809	 4481
1	 4481	 4127	 2843	 4809
1	 2843	 2814	 4809	 2837
1	 2730	 2813	 4996	 4809
1	 4481	 2835	 4916	 2813
1	 4305	 3790	 3769	 4304
1	 1287	 1249	 3108	 1319
1	 1249	 1287	 1210	 1319
1	 1249	 3108	 1319	 1270
1	 3108	 1270	 1425	 1319
1	 3026	 1259	 1270	 1319
1	 1270	 1425	 1319	 1300
1	 4590	 183	 229	 4592
1	 3293	 1031	 1126	 3095
1	 3293	 1200	 3095	 1126
1	 4871	 234	 218	 4851
1	 3386	 3495	 3346	 1629
1	 1581	 3340	 3103	 1437
1	 3340	 1581	 1579	 1437
1	 4751	 1579	 1437	 3340
1	 1306	 1258	 1413	 1360
1	 1258	 1248	 1306	 1199
1	 4582	 4581	 4570	 293
1	 215	 175	 121	 4581
1	 411	 435	 397	 448
1	 3288	 2372	 2422	 2301
1	 2301	 2226	 3288	 2372
1	 2301	 2295	 2422	 2355
1	 855	 865	 997	 3044
1	 997	 855	 3044	 3206
1	 3518	 3709	 3141	 3690
1	 3518	 3709	 3690	 3641
1	 3141	 2278	 3518	 3690
1	 2278	 3518	 3690	 3487
1	 4963	 2278	 2240	 3690
1	 3141	 2278	 3690	 2363
1	 2278	 2363	 2240	 3690
1	 2363	 2206	 2240	 3690
1	 549	 632	 568	 3456
1	 549	 632	 3456	 569
1	 506	 3456	 569	 549
1	 4718	 4717	 522	 4873
1	 525	 415	 522	 4718
1	 4718	 522	 408	 415
1	 4514	 4510	 4504	 443
1	 2508	 4314	 2570	 2590
1	 4314	 2570	 2590	 4709
1	 1935	 1778	 1910	 4765
1	 4765	 3015	 2103	 1910
1	 3015	 2103	 1910	 2106
1	 4765	 3015	 1910	 1935
1	 4739	 2405	 2303	 2430
1	 4745	 4739	 2303	 3123
1	 2303	 3123	 3046	 4745
1	 3123	 2303	 2302	 4739
1	 226	 3538	 5011	 196
1	 212	 3652	 230	 187
1	 3649	 3885	 3870	 3794
1	 1044	 980	 3215	 880
1	 1044	 1016	 880	 3215
1	 2015	 2177	 2054	 2066
1	 2054	 4807	 2015	 2066
1	 353	 256	 279	 4721
1	 4819	 333	 237	 340
1	 4721	 340	 383	 3231
1	 1281	 1204	 1151	 1216
1	 1151	 1193	 1281	 4909
1	 1281	 1204	 1216	 1352
1	 1216	 1353	 1454	 1400
1	 1195	 1151	 1204	 1216
1	 839	 4708	 858	 920
1	 4536	 4559	 4645	 3611
1	 1062	 1014	 1100	 3027
1	 1014	 1100	 3027	 1013
1	 4931	 2212	 2287	 3948
1	 2238	 3957	 2269	 3961
1	 934	 1088	 996	 3064
1	 3075	 3064	 1142	 1045
1	 934	 1045	 1088	 3064
1	 984	 924	 4695	 3227
1	 460	 499	 528	 3049
1	 497	 528	 3049	 460
1	 499	 528	 3049	 3166
1	 2820	 2844	 2821	 3577
1	 2803	 3008	 3577	 2821
1	 3008	 2774	 2821	 2803
1	 4826	 2820	 2803	 3577
1	 3577	 3008	 2803	 4826
1	 2774	 2749	 2797	 2803
1	 3419	 3273	 3420	 4800
1	 3420	 3419	 4800	 3575
1	 3419	 2952	 2975	 2958
1	 2958	 3575	 4800	 3419
1	 3273	 3419	 2975	 4800
1	 2975	 3273	 4800	 3230
1	 2975	 2984	 3273	 3230
1	 76	 69	 70	 172
1	 70	 76	 172	 93
1	 374	 411	 331	 3160
1	 4911	 2169	 2042	 3029
1	 2122	 1970	 3029	 4911
1	 2281	 2356	 3029	 2169
1	 4370	 3112	 1725	 1751
1	 1890	 1751	 1931	 3112
1	 2779	 3072	 3186	 2725
1	 3186	 2780	 2936	 2779
1	 2779	 2905	 3072	 2906
1	 1888	 1857	 3003	 4116
1	 3151	 1134	 1063	 1264
1	 4395	 4315	 3984	 2199
1	 1863	 1680	 4355	 1658
1	 1216	 1353	 1204	 1195
1	 1273	 1353	 1216	 1195
1	 1179	 1353	 1273	 1195
1	 1179	 1195	 1204	 1353
1	 1806	 1926	 1979	 1793
1	 1850	 2069	 1793	 1979
1	 2122	 2084	 2054	 1970
1	 2122	 2084	 1970	 3015
1	 4911	 2042	 3015	 1970
1	 2054	 2122	 1970	 2281
1	 4807	 2054	 1970	 2281
1	 2054	 2195	 2281	 4807
1	 2195	 2054	 2281	 2215
1	 2054	 2122	 2281	 2249
1	 2281	 2054	 2249	 2215
1	 4079	 2632	 2534	 2587
1	 2016	 1779	 1987	 1948
1	 2016	 1987	 2091	 1948
1	 4777	 4633	 4599	 4598
1	 2093	 1980	 2095	 2220
1	 1980	 2095	 2220	 2022
1	 2199	 2392	 2412	 4315
1	 4396	 4395	 2412	 4315
1	 4396	 4395	 4315	 3984
1	 465	 531	 523	 4873
1	 523	 465	 4873	 493
1	 465	 531	 4873	 410
1	 531	 4873	 410	 3318
1	 614	 658	 687	 523
1	 192	 193	 3251	 3059
1	 3251	 192	 3059	 3063
1	 192	 3059	 3063	 13
1	 6	 192	 3063	 18
1	 3063	 13	 18	 192
1	 3059	 3063	 3030	 3251
1	 3160	 267	 236	 193
1	 3160	 193	 3251	 274
1	 236	 3030	 3160	 193
1	 193	 267	 274	 3160
1	 4598	 4593	 3257	 4576
1	 514	 615	 566	 565
1	 3521	 542	 512	 631
1	 2850	 2841	 2878	 3464
1	 2020	 3679	 1854	 1823
1	 4444	 4335	 4443	 4179
1	 4444	 4179	 4973	 4335
1	 4186	 4101	 4099	 4179
1	 243	 318	 4554	 3743
1	 4869	 3743	 4862	 243
1	 2981	 2984	 2992	 2713
1	 2713	 2792	 3099	 2984
1	 2792	 2713	 3099	 2722
1	 2844	 2820	 4457	 4793
1	 2844	 4457	 4455	 4793
1	 4381	 3082	 4793	 4458
1	 4826	 2820	 3577	 4793
1	 4826	 2820	 4793	 3264
1	 2820	 2844	 3577	 4793
1	 4457	 3264	 4793	 2820
1	 3264	 2819	 2820	 2839
1	 3082	 2838	 2839	 4460
1	 4793	 4826	 3264	 2660
1	 2740	 2660	 4826	 2749
1	 3264	 2660	 2658	 4758
1	 2660	 2674	 4342	 4826
1	 4758	 4793	 2660	 4342
1	 4342	 2626	 2674	 2660
1	 4758	 2660	 2626	 4342
1	 3577	 2674	 4826	 4342
1	 2660	 2674	 4826	 2749
1	 2660	 4342	 4793	 4826
1	 2327	 2170	 3858	 4453
1	 4451	 3858	 2170	 4453
1	 2170	 4451	 4453	 3253
1	 4451	 3858	 4453	 3721
1	 4453	 2170	 2188	 2320
1	 4329	 4338	 4336	 4874
1	 4880	 4876	 4338	 4877
1	 4336	 4329	 4874	 4727
1	 4874	 4336	 4878	 4338
1	 4877	 4875	 4338	 4878
1	 4874	 4880	 4338	 4877
1	 4336	 4875	 4878	 4338
1	 4874	 4877	 4338	 4878
1	 4874	 4877	 4878	 4879
1	 4878	 4874	 4879	 4727
1	 4874	 4336	 4727	 4878
1	 4874	 4877	 4879	 4880
1	 4879	 4874	 4880	 4367
1	 4367	 4365	 3122	 4879
1	 4877	 4879	 4880	 3122
1	 4877	 4879	 3122	 4878
1	 4875	 4876	 4877	 4338
1	 4877	 4875	 4878	 3249
1	 4876	 4875	 4877	 3249
1	 4876	 4875	 3249	 3296
1	 4874	 4329	 4338	 4880
1	 4338	 4875	 4876	 3296
1	 4878	 4875	 4336	 3147
1	 4727	 2498	 2361	 4899
1	 4880	 4879	 4367	 3122
1	 4877	 4880	 4876	 4729
1	 4876	 4321	 4880	 4338
1	 4420	 2989	 4321	 4729
1	 4367	 4365	 4879	 4366
1	 4338	 4336	 4875	 4473
1	 4875	 4338	 4473	 3296
1	 1917	 1671	 3998	 1840
1	 4746	 4092	 1671	 3998
1	 3998	 1840	 1671	 4746
1	 4746	 3998	 1840	 4000
1	 3808	 4839	 4817	 1999
1	 3808	 1872	 4839	 1999
1	 1872	 4839	 1999	 3423
1	 2020	 1822	 2045	 1823
1	 1340	 1403	 1433	 3280
1	 33	 50	 34	 4881
1	 34	 33	 4881	 3063
1	 50	 34	 4881	 40
1	 4893	 50	 61	 33
1	 21	 160	 17	 236
1	 159	 21	 236	 160
1	 193	 236	 3059	 17
1	 4674	 1528	 1632	 1559
1	 3494	 3386	 3466	 4450
1	 3386	 3494	 1894	 4450
1	 343	 370	 239	 4575
1	 370	 239	 4575	 281
1	 2022	 1942	 2032	 4429
1	 1150	 1000	 991	 3214
1	 1150	 1087	 3005	 1079
1	 1001	 4700	 1079	 1109
1	 1074	 1123	 1066	 1208
1	 1247	 1123	 1074	 1208
1	 4388	 4183	 2886	 2878
1	 3670	 4183	 3573	 2887
1	 4183	 2887	 2886	 2878
1	 793	 857	 769	 770
1	 769	 793	 770	 714
1	 769	 793	 714	 4748
1	 769	 793	 4748	 782
1	 3774	 3566	 3855	 3791
1	 3791	 3774	 3763	 3855
1	 4779	 4648	 1014	 1062
1	 1005	 1014	 1062	 4779
1	 4648	 4779	 4882	 1062
1	 4779	 4648	 4882	 3333
1	 4882	 4779	 3333	 4883
1	 4779	 3333	 4883	 3203
1	 3203	 923	 892	 3333
1	 3203	 923	 3333	 4883
1	 928	 3425	 4779	 3203
1	 4883	 4779	 3203	 928
1	 4779	 3333	 3203	 3425
1	 3333	 3203	 3425	 892
1	 4882	 4779	 4883	 1005
1	 4883	 4779	 928	 1005
1	 928	 4883	 1005	 3214
1	 3333	 4882	 4883	 1001
1	 4882	 4648	 4700	 1001
1	 1001	 3333	 962	 893
1	 4882	 1001	 3333	 4648
1	 4883	 3333	 1001	 923
1	 3333	 1001	 923	 893
1	 1001	 4883	 923	 1000
1	 1062	 1005	 4882	 1087
1	 4883	 4882	 1005	 1087
1	 1005	 1087	 3214	 4883
1	 1005	 1062	 4882	 4779
1	 4779	 1014	 928	 1005
1	 467	 532	 4500	 533
1	 3374	 533	 468	 4500
1	 468	 467	 4511	 4500
1	 4500	 532	 3374	 533
1	 467	 468	 533	 4500
1	 532	 467	 4500	 3120
1	 1715	 1727	 1676	 1860
1	 1906	 1727	 1715	 1860
1	 963	 4726	 3010	 4884
1	 3010	 963	 4884	 972
1	 963	 4726	 4884	 957
1	 957	 1071	 4884	 963
1	 4726	 3010	 4884	 910
1	 971	 910	 982	 4884
1	 971	 3335	 4884	 982
1	 3010	 4884	 910	 1007
1	 910	 3010	 1007	 902
1	 4884	 910	 1007	 971
1	 910	 3010	 902	 804
1	 1007	 4884	 971	 1071
1	 4726	 3010	 910	 832
1	 910	 832	 982	 4726
1	 263	 4615	 4722	 22
1	 203	 201	 241	 22
1	 3440	 469	 456	 560
1	 3155	 343	 239	 4502
1	 371	 343	 409	 4504
1	 4502	 371	 343	 4512
1	 4502	 371	 4512	 4490
1	 1206	 3064	 1180	 3052
1	 3197	 4755	 4737	 3566
1	 3645	 4755	 3197	 3566
1	 2593	 3923	 4809	 2602
1	 2602	 3298	 3923	 4809
1	 246	 253	 280	 247
1	 503	 551	 434	 3247
1	 3135	 434	 551	 3247
1	 3695	 4443	 4444	 4335
1	 4179	 4099	 4186	 4335
1	 4973	 4179	 4186	 4335
1	 2069	 1926	 2123	 1793
1	 1793	 1850	 2114	 2069
1	 1793	 2069	 2114	 2189
1	 2410	 2400	 3309	 3178
1	 3733	 2630	 2410	 3178
1	 3574	 3178	 3473	 3104
1	 2675	 2630	 3178	 2580
1	 3733	 2410	 3309	 3178
1	 1306	 1360	 1332	 1248
1	 1360	 1248	 1306	 1258
1	 1331	 1332	 1360	 1248
1	 1306	 1167	 1248	 1332
1	 1190	 1167	 1306	 1332
1	 367	 441	 498	 4619
1	 3171	 4619	 4627	 441
1	 4674	 1420	 1632	 1528
1	 4367	 4880	 3122	 2641
1	 4880	 4877	 3122	 2641
1	 2472	 2493	 2450	 2373
1	 2911	 2894	 4173	 2898
1	 2918	 4055	 2898	 4173
1	 3670	 2898	 4173	 2894
1	 2898	 2911	 2918	 4173
1	 2894	 2887	 2911	 4183
1	 2408	 2419	 2464	 4885
1	 2464	 2408	 4885	 3977
1	 2408	 4885	 3977	 3860
1	 3977	 2408	 3860	 3117
1	 3860	 3977	 3709	 4885
1	 3117	 3860	 2273	 2408
1	 2408	 4885	 3860	 2273
1	 4757	 2483	 2419	 4885
1	 2464	 4804	 4885	 2483
1	 2408	 2419	 4885	 2273
1	 3240	 3071	 1590	 3086
1	 4811	 3086	 3240	 1590
1	 4336	 4875	 4473	 3147
1	 4473	 4336	 3147	 2584
1	 1051	 1008	 1166	 1187
1	 1166	 1008	 1083	 1187
1	 1166	 1051	 1187	 1254
1	 1051	 1187	 1254	 1159
1	 1254	 1051	 1159	 1282
1	 616	 663	 552	 595
1	 552	 536	 595	 663
1	 552	 616	 595	 589
1	 3602	 3475	 4838	 3650
1	 4715	 4749	 4838	 4019
1	 1047	 1033	 938	 960
1	 887	 919	 1033	 960
1	 918	 960	 977	 938
1	 37	 27	 20	 4819
1	 4819	 37	 3236	 4853
1	 4716	 3231	 16	 4819
1	 20	 3231	 4819	 16
1	 3231	 200	 3167	 16
1	 3231	 3167	 4716	 16
1	 20	 202	 3231	 16
1	 20	 202	 16	 167
1	 202	 3231	 16	 200
1	 167	 16	 200	 202
1	 4819	 27	 20	 16
1	 2943	 2941	 2960	 4468
1	 2941	 2742	 2960	 4468
1	 3142	 2922	 4468	 2941
1	 3829	 3835	 3604	 3635
1	 4605	 376	 4593	 4609
1	 2277	 2346	 2334	 3338
1	 3338	 2346	 2334	 4667
1	 2549	 2474	 2548	 3784
1	 2639	 3784	 2549	 2548
1	 4411	 2667	 2752	 2679
1	 4415	 4411	 4414	 2679
1	 4411	 4414	 2679	 2767
1	 1366	 1452	 1463	 3406
1	 3472	 3406	 3226	 1463
1	 1463	 1263	 1366	 3371
1	 1388	 1463	 3371	 1263
1	 3371	 1263	 1366	 4955
1	 3311	 3615	 4720	 3532
1	 5019	 39	 26	 3001
1	 1760	 1771	 1711	 3312
1	 1760	 1771	 3312	 3261
1	 1769	 1882	 1964	 4653
1	 581	 673	 614	 658
1	 4736	 1260	 1310	 1346
1	 4430	 4680	 4825	 3984
1	 4825	 4430	 3984	 4013
1	 4013	 4044	 4825	 4430
1	 3984	 4825	 4013	 4705
1	 3984	 4013	 4395	 4705
1	 4825	 4013	 4705	 3205
1	 4825	 2253	 1990	 2234
1	 4825	 4013	 3205	 4033
1	 1841	 1622	 3220	 1713
1	 4947	 3220	 1713	 1841
1	 4350	 3853	 3618	 3636
1	 3479	 3636	 3669	 3667
1	 3618	 3636	 3667	 4350
1	 3401	 3384	 3385	 867
1	 2639	 2603	 2703	 3298
1	 2703	 2603	 2717	 3298
1	 2639	 4380	 4382	 3784
1	 3298	 4380	 3082	 2703
1	 3298	 2703	 3082	 4813
1	 2603	 2692	 2717	 3298
1	 2692	 4813	 2717	 3298
1	 4809	 2692	 2593	 2602
1	 2692	 2602	 4809	 3298
1	 2039	 1986	 4043	 1962
1	 269	 268	 300	 4853
1	 300	 4846	 269	 4853
1	 300	 3105	 4853	 3231
1	 20	 4819	 3231	 4853
1	 3236	 56	 4853	 37
1	 202	 268	 269	 4853
1	 268	 3231	 4853	 202
1	 4133	 3924	 3921	 3922
1	 4132	 3921	 3922	 4133
1	 993	 1007	 1069	 3193
1	 3193	 993	 3119	 1069
1	 2227	 4662	 2346	 2277
1	 2346	 2227	 2296	 4662
1	 3065	 1985	 1830	 3467
1	 3747	 3065	 3467	 1985
1	 110	 121	 4581	 215
1	 110	 157	 121	 215
1	 157	 215	 175	 121
1	 215	 175	 4581	 271
1	 271	 4570	 4574	 4581
1	 123	 4482	 128	 132
1	 4502	 128	 4575	 109
1	 109	 117	 128	 4575
1	 343	 4512	 4575	 4502
1	 2927	 2926	 2937	 4244
1	 490	 418	 351	 4543
1	 351	 4533	 490	 4543
1	 4376	 4841	 3783	 4755
1	 3783	 4376	 4755	 3801
1	 4755	 3783	 3801	 2390
1	 2485	 2567	 2553	 4214
1	 4214	 3958	 3959	 2553
1	 4214	 3958	 2553	 2485
1	 2485	 2553	 2463	 3958
1	 3959	 4464	 4214	 2553
1	 2553	 2463	 3958	 3959
1	 3271	 701	 800	 3066
1	 849	 867	 3066	 3384
1	 890	 3066	 780	 849
1	 3504	 2944	 2953	 3218
1	 3254	 3218	 2971	 2944
1	 3096	 3043	 3369	 3207
1	 2656	 2714	 2648	 4747
1	 2656	 2714	 4747	 3099
1	 269	 29	 3380	 170
1	 1870	 1899	 4673	 1762
1	 4673	 3013	 1870	 1762
1	 767	 712	 848	 3429
1	 767	 712	 3429	 3241
1	 3057	 767	 3429	 3389
1	 688	 732	 862	 4708
1	 2448	 2326	 4666	 4668
1	 4666	 2448	 4668	 2560
1	 2448	 4668	 2560	 2471
1	 2448	 4668	 2471	 2326
1	 917	 1020	 1012	 4704
1	 4704	 1041	 975	 1020
1	 1020	 975	 1025	 1041
1	 1190	 1020	 1025	 1125
1	 3019	 1112	 1041	 1020
1	 1020	 917	 975	 4704
1	 4984	 4688	 97	 106
1	 4508	 106	 114	 4688
1	 4984	 4508	 4776	 4688
1	 106	 97	 114	 4688
1	 4274	 4267	 3244	 2982
1	 3376	 3462	 3359	 3110
1	 3462	 3359	 3110	 3528
1	 1541	 1446	 1513	 1405
1	 3279	 3806	 3976	 3977
1	 4369	 2491	 3977	 3279
1	 2451	 4368	 4369	 3977
1	 340	 375	 279	 4721
1	 531	 4873	 3318	 658
1	 531	 3318	 581	 658
1	 581	 531	 658	 614
1	 4873	 531	 523	 658
1	 2413	 2255	 2402	 3864
1	 1231	 3336	 1262	 1169
1	 1009	 957	 1057	 4695
1	 915	 4695	 4693	 882
1	 915	 4693	 4692	 882
1	 4692	 915	 882	 4726
1	 5003	 882	 4695	 4726
1	 3286	 1357	 1220	 1390
1	 3648	 336	 391	 358
1	 316	 459	 4626	 436
1	 3080	 1114	 3355	 1059
1	 1128	 1059	 3355	 1114
1	 1059	 3169	 3355	 3080
1	 277	 226	 3555	 3605
1	 3606	 3555	 3605	 3424
1	 3652	 277	 3605	 212
1	 277	 226	 3605	 212
1	 2976	 2966	 2968	 4339
1	 2955	 2976	 4337	 2966
1	 4337	 2976	 4339	 2966
1	 1278	 1093	 1185	 1228
1	 1278	 1093	 1228	 1092
1	 1228	 1278	 1092	 1131
1	 1226	 1092	 1278	 1131
1	 3066	 1044	 890	 961
1	 1668	 1852	 1650	 1636
1	 4291	 4293	 3950	 3930
1	 3930	 3950	 3942	 4293
1	 4733	 2320	 4453	 2319
1	 2320	 4453	 2319	 2280
1	 2320	 4453	 2280	 2188
1	 2280	 3046	 2188	 4453
1	 1248	 1306	 1199	 1167
1	 1332	 1248	 1224	 1167
1	 1222	 1190	 1167	 1306
1	 50	 70	 69	 172
1	 4327	 4328	 4182	 4203
1	 4327	 2928	 4328	 4203
1	 558	 3098	 529	 448
1	 590	 529	 3098	 470
1	 529	 505	 470	 590
1	 3098	 590	 470	 579
1	 1312	 1215	 1341	 1245
1	 1456	 1540	 1475	 1479
1	 2959	 2738	 2755	 2953
1	 2738	 2673	 2755	 3191
1	 2220	 2022	 2162	 4675
1	 2162	 2095	 2220	 2093
1	 2220	 2162	 2022	 2095
1	 3953	 2439	 2467	 3944
1	 2467	 3953	 3944	 3344
1	 2334	 2184	 2277	 4038
1	 2334	 2277	 3338	 4038
1	 2277	 3338	 4038	 4662
1	 2184	 2277	 4038	 4660
1	 3211	 1217	 3075	 1266
1	 1256	 1266	 3052	 1142
1	 1266	 1299	 3211	 1328
1	 3048	 1445	 1328	 1299
1	 1299	 1445	 1455	 3048
1	 3211	 1266	 1328	 1217
1	 1328	 1299	 1445	 1266
1	 1380	 1328	 1445	 1266
1	 578	 3373	 583	 647
1	 4549	 647	 583	 4566
1	 2292	 2174	 2151	 4029
1	 2266	 2174	 2292	 4006
1	 2292	 2266	 4006	 2393
1	 2383	 2266	 2393	 4010
1	 4537	 4536	 4645	 3611
1	 4537	 534	 3634	 594
1	 4537	 4536	 3611	 4532
1	 3611	 4537	 4532	 3037
1	 463	 355	 4611	 425
1	 386	 3016	 4494	 417
1	 2727	 2646	 4468	 2682
1	 4467	 2682	 3142	 4468
1	 2687	 2772	 2932	 2941
1	 3142	 4468	 2727	 2742
1	 151	 129	 198	 3536
1	 129	 5011	 3536	 151
1	 212	 164	 226	 4905
1	 681	 4530	 4544	 615
1	 1540	 1537	 1722	 1670
1	 1537	 1722	 1670	 1784
1	 1784	 1537	 1620	 1670
1	 2530	 2572	 2567	 4228
1	 4298	 2497	 2530	 2572
1	 1187	 1143	 1083	 1166
1	 1187	 1143	 1166	 1218
1	 3091	 3898	 4311	 3589
1	 3625	 3595	 3589	 4311
1	 3589	 3091	 3625	 4311
1	 3595	 3898	 4311	 3895
1	 272	 207	 176	 4488
1	 272	 207	 4488	 208
1	 3144	 3248	 4730	 285
1	 303	 3144	 4730	 285
1	 3251	 285	 303	 4730
1	 791	 857	 793	 797
1	 693	 791	 793	 797
1	 857	 793	 797	 770
1	 793	 797	 770	 693
1	 770	 793	 693	 714
1	 2371	 2415	 2469	 3143
1	 3109	 2991	 4473	 2974
1	 372	 307	 319	 3074
1	 319	 307	 3348	 3074
1	 264	 4847	 324	 181
1	 382	 411	 451	 3160
1	 451	 382	 3160	 296
1	 3849	 3856	 3841	 4206
1	 3911	 4206	 3849	 3841
1	 956	 955	 942	 3216
1	 3044	 894	 956	 3216
1	 3923	 3900	 3915	 4780
1	 3298	 3923	 4780	 3900
1	 4780	 3915	 3923	 3916
1	 4204	 4171	 3861	 4222
1	 4780	 4379	 3298	 3900
1	 3915	 4379	 3900	 3904
1	 3765	 4240	 4297	 3856
1	 93	 105	 4892	 94
1	 105	 94	 109	 4892
1	 114	 4506	 4688	 105
1	 3244	 4274	 2982	 2990
1	 42	 186	 14	 4716
1	 190	 186	 221	 4989
1	 3227	 1040	 973	 3216
1	 1052	 1040	 3216	 973
1	 4829	 3227	 973	 3216
1	 3216	 942	 4829	 1008
1	 950	 942	 1008	 4829
1	 3227	 950	 1008	 4829
1	 816	 942	 4829	 3044
1	 1559	 1428	 1634	 4674
1	 2988	 2994	 4835	 3244
1	 3177	 1999	 1944	 1799
1	 1799	 1999	 3808	 3177
1	 4831	 654	 3492	 3125
1	 654	 3610	 3492	 3125
1	 4747	 2576	 2648	 2613
1	 2576	 2514	 2613	 2543
1	 683	 664	 656	 4696
1	 3011	 635	 664	 652
1	 1990	 1890	 1931	 3112
1	 4370	 4033	 3112	 1990
1	 3112	 1990	 4033	 4825
1	 4825	 2234	 1990	 2010
1	 1781	 1782	 1783	 1849
1	 1938	 1849	 1783	 1782
1	 1783	 1781	 1849	 1833
1	 1851	 1849	 1833	 1783
1	 2250	 2233	 2191	 2124
1	 4286	 4469	 4282	 4288
1	 3073	 4286	 4837	 4469
1	 2597	 2608	 2612	 3418
1	 3069	 3009	 3418	 2597
1	 4139	 4202	 4138	 3967
1	 4202	 3183	 4138	 2495
1	 4201	 2526	 2627	 4202
1	 2495	 4202	 2526	 2435
1	 2435	 2367	 3804	 4202
1	 1481	 1412	 1405	 4431
1	 246	 258	 291	 4881
1	 246	 258	 4881	 172
1	 246	 247	 258	 172
1	 172	 247	 253	 246
1	 3344	 3939	 3944	 3018
1	 3344	 3939	 3018	 3062
1	 3344	 3939	 3062	 4006
1	 3062	 3344	 4006	 2393
1	 432	 455	 473	 4796
1	 473	 432	 4796	 380
1	 4796	 440	 473	 380
1	 440	 4499	 380	 4796
1	 3965	 4064	 4309	 4089
1	 4766	 1803	 1947	 1949
1	 3220	 1841	 4371	 1622
1	 3220	 3077	 1622	 3014
1	 1372	 1386	 1435	 3289
1	 2491	 2389	 2451	 3977
1	 3279	 2424	 2491	 3977
1	 3977	 2389	 3976	 2424
1	 4038	 2334	 4667	 3338
1	 4667	 2403	 2346	 2334
1	 2310	 2184	 2334	 4109
1	 3194	 4038	 4109	 2334
1	 3194	 2310	 2334	 4109
1	 826	 784	 888	 3134
1	 3356	 826	 888	 3134
1	 1042	 1019	 4950	 1127
1	 3169	 1019	 1127	 4950
1	 537	 412	 458	 4629
1	 258	 291	 4881	 4711
1	 4452	 2137	 2056	 2156
1	 3046	 2156	 2188	 4452
1	 2587	 2632	 2700	 4083
1	 2700	 2587	 4083	 4364
1	 4083	 2700	 4364	 4417
1	 4364	 4359	 2587	 4083
1	 2587	 2632	 4083	 4079
1	 2632	 4083	 4079	 2667
1	 2099	 2098	 3489	 3716
1	 2098	 3716	 4723	 3489
1	 4723	 2098	 3489	 1957
1	 1753	 1957	 4723	 3489
1	 242	 260	 243	 4725
1	 260	 243	 4725	 4858
1	 260	 254	 243	 4858
1	 4869	 243	 4725	 4554
1	 3778	 4377	 3819	 3825
1	 3825	 3817	 3778	 4377
1	 4376	 3778	 3819	 3801
1	 1776	 4769	 3039	 1645
1	 4769	 3039	 1645	 4676
1	 1645	 4769	 4676	 1492
1	 2510	 2445	 2578	 4664
1	 1522	 1401	 1431	 1434
1	 461	 511	 413	 4619
1	 511	 413	 4619	 407
1	 1797	 4090	 4002	 3680
1	 4002	 1797	 3680	 3415
1	 1797	 4090	 3680	 3679
1	 1854	 4090	 1797	 3679
1	 3679	 1854	 1823	 1797
1	 201	 313	 263	 4616
1	 1622	 1609	 1841	 4371
1	 973	 4829	 3216	 3044
1	 4829	 3216	 3044	 942
1	 956	 3044	 3216	 942
1	 1078	 3214	 1087	 3118
1	 3118	 1078	 1132	 1087
1	 1463	 1452	 1532	 3472
1	 1532	 1387	 1662	 3472
1	 3472	 3406	 1463	 1452
1	 3406	 1452	 3472	 1387
1	 4659	 1532	 1662	 3472
1	 4659	 1532	 3472	 1635
1	 1532	 1463	 3472	 1635
1	 1463	 3472	 1635	 3226
1	 3472	 4659	 1635	 4652
1	 3472	 1635	 3226	 4652
1	 3226	 3472	 4652	 3369
1	 4519	 4505	 4515	 4553
1	 810	 699	 829	 3458
1	 3116	 810	 884	 3382
1	 731	 699	 810	 3300
1	 3205	 2223	 2183	 2325
1	 4045	 3205	 4035	 2204
1	 4045	 3205	 2325	 2308
1	 2325	 2223	 2308	 3205
1	 2204	 2183	 2325	 3205
1	 2432	 2331	 2455	 4914
1	 4914	 2331	 3402	 2432
1	 4914	 3040	 4372	 2382
1	 401	 452	 471	 3049
1	 452	 401	 378	 3446
1	 4202	 4138	 3967	 3804
1	 2506	 3332	 2410	 2427
1	 3332	 2410	 2427	 3396
1	 4384	 4841	 3851	 4346
1	 4737	 3854	 3855	 3851
1	 4841	 3851	 4737	 4755
1	 3791	 3799	 4376	 3855
1	 3799	 4376	 3855	 3851
1	 8	 10	 2	 3063
1	 2535	 3202	 2501	 2409
1	 3772	 4821	 2135	 3237
1	 4821	 1955	 2135	 3237
1	 1048	 1085	 1027	 952
1	 1048	 1085	 952	 1101
1	 3361	 1913	 3021	 2132
1	 1362	 1329	 1330	 3289
1	 1371	 3289	 1329	 1386
1	 1329	 1362	 1513	 3289
1	 1362	 3195	 1513	 3289
1	 3695	 3694	 3697	 4441
1	 3697	 3698	 4158	 4165
1	 3865	 3697	 3657	 4163
1	 4052	 4158	 3697	 3865
1	 3865	 2413	 4052	 3867
1	 1268	 1304	 1411	 1236
1	 1304	 1411	 1236	 1370
1	 3122	 4899	 4878	 4879
1	 4727	 4365	 4879	 4899
1	 4727	 4879	 4365	 4366
1	 4804	 4368	 4899	 3122
1	 2382	 2541	 3040	 4136
1	 3482	 4773	 3624	 3490
1	 1842	 3482	 3490	 4773
1	 4773	 3615	 3624	 4887
1	 4773	 3615	 4887	 1812
1	 4887	 4773	 1812	 3340
1	 3624	 3506	 3710	 4720
1	 4720	 4673	 4925	 4887
1	 3615	 4673	 4887	 1812
1	 4673	 4887	 1812	 1687
1	 3311	 1826	 3013	 1812
1	 4887	 1812	 1687	 3340
1	 3615	 4673	 1812	 3311
1	 3615	 1812	 3532	 3311
1	 1012	 1020	 1074	 3019
1	 1020	 1012	 4704	 3019
1	 1041	 3019	 1020	 4704
1	 1074	 1012	 3019	 1124
1	 1074	 3019	 1208	 1124
1	 3019	 1208	 1124	 1182
1	 1012	 3019	 1124	 4704
1	 3019	 1124	 4704	 1041
1	 3019	 1124	 1041	 1182
1	 880	 3066	 1044	 979
1	 3066	 1044	 979	 890
1	 3384	 849	 3271	 3066
1	 1044	 980	 880	 979
1	 3066	 3385	 867	 979
1	 890	 867	 979	 3066
1	 3066	 3385	 979	 880
1	 3066	 3385	 880	 881
1	 2592	 2585	 2523	 4273
1	 2523	 2538	 3024	 4273
1	 3212	 2585	 4273	 2538
1	 4273	 3024	 2523	 3279
1	 4276	 4273	 3212	 2585
1	 3212	 3024	 2538	 4273
1	 2523	 3024	 2538	 2482
1	 1222	 1199	 1306	 1167
1	 1222	 1199	 1167	 1145
1	 2152	 4108	 2035	 4109
1	 4848	 3105	 381	 3049
1	 381	 366	 4848	 420
1	 366	 4848	 420	 3049
1	 4848	 4850	 3105	 3049
1	 3489	 3451	 1764	 2061
1	 3489	 2061	 1764	 1688
1	 1957	 1753	 1688	 3489
1	 527	 607	 516	 4888
1	 4888	 656	 607	 561
1	 561	 516	 607	 4888
1	 4836	 516	 4888	 4631
1	 607	 4760	 4888	 627
1	 516	 527	 4888	 4632
1	 4632	 4631	 601	 4888
1	 516	 4629	 4628	 4631
1	 4632	 4631	 4888	 516
1	 4632	 4631	 516	 4628
1	 328	 4776	 3155	 239
1	 4776	 4508	 4510	 3155
1	 4688	 4506	 4508	 239
1	 4776	 4688	 228	 4761
1	 228	 328	 4776	 4761
1	 228	 239	 4688	 4776
1	 239	 228	 328	 4776
1	 4892	 4506	 4688	 239
1	 4502	 239	 3155	 4506
1	 4314	 4089	 2570	 4709
1	 4089	 4314	 3965	 4709
1	 4089	 2496	 2570	 3076
1	 4014	 4023	 4712	 4018
1	 4022	 4018	 4014	 4713
1	 2891	 2881	 2857	 4362
1	 3044	 854	 816	 4907
1	 2026	 1877	 3208	 1905
1	 2026	 1877	 1905	 1814
1	 1829	 1814	 2026	 1905
1	 1737	 1944	 1799	 3094
1	 1737	 1944	 3094	 3972
1	 4723	 3972	 3177	 1944
1	 3972	 1737	 1944	 4723
1	 3177	 3716	 4723	 2071
1	 1737	 3051	 4723	 3972
1	 3938	 4004	 3682	 3966
1	 3938	 3682	 3781	 3966
1	 5019	 58	 67	 54
1	 39	 54	 58	 5019
1	 553	 504	 4632	 586
1	 902	 806	 3010	 931
1	 4138	 3183	 3040	 2495
1	 1731	 4766	 1804	 4764
1	 4764	 3235	 1731	 4766
1	 1731	 3443	 4766	 3235
1	 1633	 4766	 1692	 3047
1	 4729	 2708	 4835	 2997
1	 4662	 3338	 2271	 2316
1	 2271	 4662	 2316	 2247
1	 2296	 2227	 2247	 4662
1	 2346	 2316	 4662	 2296
1	 4662	 3338	 2316	 2346
1	 2277	 3338	 4662	 2346
1	 70	 50	 60	 172
1	 50	 60	 172	 161
1	 60	 50	 61	 161
1	 60	 172	 161	 228
1	 60	 70	 172	 93
1	 16	 14	 3167	 4716
1	 51	 72	 57	 253
1	 51	 72	 253	 69
1	 862	 968	 946	 3320
1	 3320	 946	 862	 3295
1	 3877	 3789	 3654	 4814
1	 1534	 1596	 1781	 1551
1	 1534	 1596	 1551	 1399
1	 1596	 1551	 1399	 1667
1	 1596	 1551	 1667	 1783
1	 1596	 1551	 1783	 1781
1	 3655	 3741	 3715	 3535
1	 948	 1035	 1028	 4724
1	 3687	 3859	 3709	 3641
1	 2915	 2905	 3587	 2931
1	 3579	 2931	 2915	 3587
1	 3587	 3516	 3297	 3504
1	 3186	 3504	 3587	 3297
1	 3504	 3297	 3186	 2945
1	 2773	 2993	 2983	 4287
1	 2773	 2734	 2993	 4479
1	 2983	 2773	 4287	 4283
1	 2773	 4287	 4283	 2701
1	 4266	 2961	 2986	 4279
1	 4287	 2983	 4279	 2986
1	 3898	 2577	 2616	 2645
1	 4709	 3072	 2670	 3091
1	 1117	 1007	 972	 3193
1	 134	 3262	 152	 138
1	 3262	 191	 152	 138
1	 191	 152	 138	 145
1	 3132	 4664	 2445	 2395
1	 2445	 3132	 4398	 4664
1	 2385	 2445	 4664	 2395
1	 4708	 3295	 3320	 862
1	 4810	 1856	 1700	 4812
1	 493	 378	 439	 4718
1	 439	 493	 4718	 465
1	 465	 4873	 493	 4718
1	 525	 550	 4873	 522
1	 378	 493	 3446	 4718
1	 1488	 1604	 1475	 1578
1	 1245	 1205	 1118	 1030
1	 3347	 1118	 1205	 1030
1	 1245	 1205	 1030	 1215
1	 1030	 1245	 1215	 1170
1	 677	 628	 4691	 663
1	 677	 628	 663	 584
1	 663	 584	 595	 677
1	 616	 663	 595	 677
1	 677	 616	 663	 716
1	 4778	 3962	 4467	 2682
1	 3962	 4467	 2682	 3142
1	 2646	 2682	 4467	 4468
1	 4467	 3962	 3959	 4291
1	 3042	 4043	 4037	 2102
1	 2204	 2102	 4037	 4038
1	 2257	 4038	 4043	 2102
1	 4038	 4043	 3338	 2257
1	 2271	 3338	 4662	 4043
1	 2102	 2039	 4043	 2257
1	 4370	 1775	 3156	 1654
1	 3156	 1527	 1654	 1775
1	 2592	 2655	 2690	 4276
1	 2592	 2655	 4276	 2614
1	 1066	 1024	 1074	 1208
1	 1074	 1024	 1012	 1124
1	 1024	 1074	 1208	 1124
1	 1057	 957	 3335	 4695
1	 4186	 4326	 4335	 4320
1	 911	 828	 852	 4845
1	 1449	 1543	 1575	 1492
1	 470	 579	 424	 3098
1	 3098	 424	 580	 579
1	 1023	 4815	 3350	 1018
1	 916	 4815	 1018	 897
1	 217	 32	 3001	 26
1	 1650	 1683	 1636	 1866
1	 1852	 1650	 1636	 1866
1	 1310	 1346	 1567	 3336
1	 1310	 4736	 1346	 3336
1	 1310	 1567	 3397	 3336
1	 568	 692	 652	 3572
1	 1985	 1975	 1863	 3747
1	 3747	 3467	 1863	 1985
1	 1863	 1830	 1985	 3467
1	 1985	 1975	 3747	 3359
1	 1976	 3359	 3747	 1975
1	 1863	 1892	 1976	 1879
1	 1976	 3359	 1975	 1879
1	 3110	 3359	 4946	 1985
1	 3359	 1985	 1975	 4946
1	 3102	 713	 693	 748
1	 4877	 4876	 3249	 4729
1	 3328	 3249	 3296	 4876
1	 2995	 3296	 4876	 3328
1	 3328	 3249	 4729	 2699
1	 4463	 4439	 2868	 4128
1	 4439	 2868	 4128	 2867
1	 3362	 1229	 3089	 3407
1	 1407	 3089	 3362	 1229
1	 3027	 1138	 4822	 1229
1	 1138	 3407	 4822	 1229
1	 1229	 1176	 4822	 3027
1	 1229	 3362	 1138	 3407
1	 3407	 3089	 4822	 1229
1	 1149	 1176	 1229	 3027
1	 525	 3074	 3802	 415
1	 426	 415	 3802	 391
1	 2636	 2637	 2638	 4800
1	 1861	 3307	 1679	 3039
1	 1679	 3307	 3305	 3039
1	 3039	 1645	 4676	 3305
1	 3039	 1645	 3305	 1679
1	 1644	 3305	 1645	 1679
1	 1575	 3305	 4676	 1645
1	 3454	 3572	 3011	 692
1	 4123	 3018	 3927	 4131
1	 1513	 3289	 1412	 1329
1	 3289	 1329	 1386	 1412
1	 3289	 4431	 1513	 1412
1	 1329	 1513	 1405	 1412
1	 2569	 2570	 3076	 2661
1	 3444	 2850	 2841	 2828
1	 2156	 2056	 3046	 2065
1	 4435	 4433	 3181	 2173
1	 4350	 3854	 3853	 3628
1	 3317	 3854	 4350	 3412
1	 235	 192	 3251	 3063
1	 192	 235	 6	 3063
1	 722	 821	 705	 4759
1	 705	 722	 4759	 4797
1	 876	 4759	 705	 821
1	 1886	 4712	 3310	 4715
1	 2273	 3383	 3722	 2230
1	 923	 3203	 3214	 4883
1	 923	 991	 1000	 3214
1	 991	 914	 3214	 923
1	 1393	 1405	 1446	 1610
1	 1541	 1446	 1405	 1610
1	 1563	 1458	 1610	 3258
1	 1458	 1393	 1610	 3258
1	 3973	 1405	 1481	 4942
1	 3051	 1737	 1541	 3973
1	 3973	 1405	 1610	 1541
1	 3973	 1541	 4431	 1405
1	 4431	 3973	 1405	 1481
1	 4431	 3973	 1481	 3756
1	 4942	 3974	 3258	 1481
1	 1405	 1478	 1481	 3258
1	 1478	 3974	 1481	 3258
1	 1481	 1405	 3258	 4942
1	 3258	 3813	 3974	 1563
1	 3974	 3810	 3094	 4942
1	 2493	 2381	 2380	 2377
1	 2493	 2613	 2514	 2543
1	 3137	 2514	 2576	 2543
1	 1796	 1940	 2008	 1927
1	 362	 348	 342	 328
1	 342	 362	 328	 402
1	 4510	 328	 4776	 3155
1	 4776	 3155	 239	 4508
1	 1844	 3353	 1775	 1890
1	 3069	 2707	 3418	 2696
1	 3273	 2720	 3170	 3418
1	 3376	 2203	 2276	 3143
1	 3110	 2203	 3143	 2336
1	 4930	 2384	 2309	 2276
1	 2099	 2286	 2150	 3744
1	 2844	 2855	 3500	 4456
1	 2844	 3500	 2855	 2845
1	 1510	 1621	 1619	 1485
1	 1619	 1510	 1485	 1421
1	 1421	 1485	 3048	 1510
1	 3048	 1510	 1538	 1421
1	 4703	 4701	 538	 622
1	 4703	 4701	 622	 4831
1	 622	 633	 654	 4701
1	 4832	 4831	 4703	 4548
1	 4548	 538	 622	 4703
1	 4465	 2942	 4248	 4277
1	 2948	 2942	 4277	 4248
1	 4250	 4248	 2933	 2948
1	 4248	 4213	 4465	 4247
1	 2567	 4465	 4213	 4247
1	 4277	 4465	 4247	 4248
1	 4277	 4257	 4250	 4248
1	 4247	 4248	 4249	 4257
1	 4257	 4247	 4248	 4277
1	 4257	 2567	 2572	 4247
1	 4249	 4242	 4247	 4299
1	 4242	 4251	 4299	 4249
1	 4257	 4249	 4250	 4248
1	 919	 938	 918	 791
1	 938	 918	 791	 3308
1	 823	 918	 3308	 3266
1	 3266	 3308	 938	 791
1	 3308	 791	 3266	 918
1	 1337	 1278	 1408	 1228
1	 1604	 1540	 1479	 1475
1	 1488	 1475	 1604	 1479
1	 3787	 3972	 3094	 3177
1	 1944	 3094	 3972	 3177
1	 4351	 3332	 3396	 3738
1	 3332	 3479	 3738	 4351
1	 3479	 2630	 3452	 4351
1	 3479	 2630	 4351	 3332
1	 4179	 3660	 4190	 4101
1	 4190	 4194	 4179	 4101
1	 4190	 3434	 4198	 4101
1	 4190	 3434	 4101	 3660
1	 3660	 4179	 3438	 4101
1	 3434	 4101	 3660	 3438
1	 1823	 3679	 2019	 2045
1	 3679	 2020	 2045	 1823
1	 1593	 3240	 1774	 1726
1	 3108	 1363	 1287	 1319
1	 4006	 2393	 3344	 2358
1	 4824	 3344	 2358	 4006
1	 3226	 1388	 3371	 3372
1	 1388	 1349	 3371	 3372
1	 1349	 1388	 3399	 3372
1	 2316	 2326	 2471	 4668
1	 4668	 2459	 2471	 2316
1	 4668	 2346	 2316	 3338
1	 2316	 4668	 3338	 2326
1	 4667	 2326	 3338	 4668
1	 2346	 4667	 3338	 4668
1	 4782	 2467	 4785	 2558
1	 2467	 2442	 4785	 2558
1	 3944	 4785	 3344	 2527
1	 2558	 2439	 4782	 2467
1	 4785	 4781	 2527	 3944
1	 859	 1044	 3066	 961
1	 4481	 2631	 2666	 2730
1	 4809	 2666	 4481	 4201
1	 4201	 3923	 3922	 4481
1	 4481	 3922	 4127	 3923
1	 2593	 4809	 3923	 4201
1	 4809	 2666	 4201	 2593
1	 1791	 1910	 1778	 2002
1	 3305	 1791	 1716	 3039
1	 2845	 2855	 2841	 3500
1	 3500	 3979	 2855	 3633
1	 3633	 2855	 3500	 2841
1	 2841	 2855	 2878	 3633
1	 3633	 3500	 3464	 2841
1	 3464	 2841	 2878	 3633
1	 2878	 3633	 2855	 4387
1	 3245	 2716	 2768	 5009
1	 4678	 4357	 3984	 4434
1	 4433	 3325	 4434	 4678
1	 1337	 1241	 1278	 1228
1	 1228	 1278	 1131	 1241
1	 308	 395	 4573	 293
1	 4906	 276	 4582	 395
1	 652	 601	 548	 4836
1	 2593	 2526	 4201	 3862
1	 2593	 2602	 2540	 3862
1	 3862	 2526	 2540	 2593
1	 2548	 2602	 3862	 2540
1	 3923	 2593	 4201	 3862
1	 3901	 3820	 3900	 3923
1	 3923	 3298	 2602	 3862
1	 3923	 2593	 3862	 2602
1	 4201	 2526	 4202	 3862
1	 3862	 3820	 3779	 4202
1	 4139	 3901	 4201	 4969
1	 3924	 3922	 4139	 3901
1	 3922	 4139	 3901	 4201
1	 3046	 2216	 2065	 2341
1	 3640	 3840	 3691	 3631
1	 3691	 3640	 3631	 3766
1	 3691	 3858	 4886	 4451
1	 4259	 4256	 4339	 2976
1	 4339	 4259	 4252	 4256
1	 4732	 4798	 4803	 3078
1	 4759	 722	 4798	 4797
1	 261	 223	 273	 3041
1	 2410	 2506	 2427	 2420
1	 2410	 2506	 2420	 2580
1	 4870	 174	 187	 98
1	 95	 98	 4772	 4870
1	 95	 4772	 98	 92
1	 98	 187	 108	 112
1	 174	 98	 4772	 87
1	 98	 4772	 87	 92
1	 4772	 174	 87	 206
1	 2710	 3149	 2687	 2932
1	 3149	 2687	 2932	 3142
1	 3142	 2687	 2932	 2941
1	 2710	 2687	 2772	 2932
1	 4294	 2932	 3142	 3149
1	 3877	 4814	 3637	 3789
1	 4402	 3789	 3637	 4814
1	 660	 658	 581	 587
1	 3318	 581	 658	 587
1	 581	 660	 587	 507
1	 3318	 507	 581	 587
1	 4356	 4026	 3873	 3874
1	 4111	 2310	 3874	 4110
1	 2835	 4438	 2824	 2849
1	 261	 3041	 4625	 3172
1	 261	 223	 3041	 3172
1	 223	 189	 240	 4981
1	 4876	 4338	 3296	 4437
1	 2635	 2653	 2696	 3069
1	 2635	 2607	 2653	 3069
1	 3456	 3572	 4635	 4627
1	 2596	 2559	 2646	 4778
1	 3128	 2596	 4778	 4752
1	 3128	 2596	 2646	 4778
1	 4778	 3128	 2682	 2646
1	 2682	 4778	 2646	 4467
1	 4907	 617	 4802	 554
1	 4907	 4802	 4834	 554
1	 4802	 617	 630	 4834
1	 901	 803	 875	 4648
1	 875	 3333	 4648	 4642
1	 4642	 3333	 892	 875
1	 2962	 2963	 2968	 4255
1	 1085	 952	 1034	 1027
1	 1077	 990	 1027	 1034
1	 4635	 425	 549	 463
1	 4635	 425	 463	 4607
1	 3748	 3768	 1880	 1892
1	 3748	 3746	 3747	 1976
1	 3767	 3748	 1880	 1963
1	 4822	 1095	 1192	 1139
1	 2706	 2741	 2659	 4786
1	 2386	 3960	 4752	 2422
1	 4731	 487	 604	 3120
1	 4137	 4134	 2541	 4143
1	 2644	 2541	 4134	 4143
1	 4645	 4565	 3133	 662
1	 4565	 4638	 3133	 662
1	 4638	 3133	 662	 655
1	 374	 339	 400	 451
1	 339	 400	 451	 4827
1	 3161	 400	 4827	 451
1	 4827	 3161	 451	 428
1	 451	 4827	 428	 354
1	 4827	 428	 354	 394
1	 354	 4827	 394	 4872
1	 4872	 332	 394	 354
1	 400	 374	 451	 3161
1	 332	 451	 339	 3160
1	 354	 4827	 4872	 339
1	 451	 339	 4827	 354
1	 3234	 3160	 332	 339
1	 332	 339	 451	 354
1	 339	 267	 236	 3160
1	 1674	 1726	 1727	 3339
1	 1873	 3240	 1674	 3339
1	 3339	 1873	 1727	 1674
1	 3240	 1674	 3339	 1726
1	 1873	 3240	 3339	 4810
1	 3488	 4076	 4423	 3684
1	 4076	 3729	 4087	 3684
1	 4087	 4076	 3684	 4423
1	 4082	 3729	 4076	 3488
1	 4082	 3488	 3796	 3729
1	 4076	 3684	 3488	 3811
1	 244	 255	 309	 4636
1	 1764	 3451	 2072	 2061
1	 1476	 1621	 1510	 1485
1	 2672	 3962	 4782	 4354
1	 296	 3030	 3160	 332
1	 3743	 4869	 3168	 4554
1	 4862	 3743	 318	 243
1	 243	 4554	 4869	 3743
1	 282	 318	 4554	 243
1	 318	 4556	 4554	 3742
1	 4554	 3743	 318	 3742
1	 666	 593	 680	 3299
1	 569	 593	 666	 3301
1	 4469	 4464	 3959	 2553
1	 3146	 2142	 1973	 3485
1	 2002	 2103	 2128	 4661
1	 4162	 3893	 4788	 3421
1	 2517	 4790	 4788	 2606
1	 3144	 399	 316	 4730
1	 4711	 316	 3144	 3068
1	 761	 3612	 814	 4558
1	 4650	 814	 3612	 4558
1	 4560	 4559	 4558	 4640
1	 4817	 3715	 3815	 3808
1	 4817	 3808	 3815	 4839
1	 4839	 4817	 3836	 3815
1	 4817	 3715	 3808	 3177
1	 2919	 2913	 3584	 2914
1	 2419	 2273	 2342	 3383
1	 2342	 2419	 3383	 3067
1	 941	 954	 3209	 3101
1	 4845	 936	 3036	 3209
1	 852	 941	 911	 4845
1	 852	 833	 941	 4845
1	 1059	 3320	 3295	 946
1	 1059	 3320	 946	 968
1	 3063	 3030	 3251	 4730
1	 291	 257	 3063	 270
1	 3030	 270	 4730	 3063
1	 3251	 3063	 4730	 303
1	 4981	 8	 185	 216
1	 235	 6	 3063	 216
1	 3063	 6	 2	 216
1	 235	 6	 216	 146
1	 6	 146	 2	 216
1	 3063	 235	 216	 303
1	 3063	 235	 303	 3251
1	 4730	 285	 3248	 3251
1	 3030	 3160	 3251	 3248
1	 3251	 3030	 3059	 193
1	 3030	 296	 3160	 382
1	 4371	 1841	 1827	 1609
1	 4247	 4228	 4214	 2567
1	 4658	 4655	 3025	 4913
1	 3767	 2090	 4655	 3210
1	 4462	 3722	 3210	 4655
1	 2716	 2709	 2748	 3463
1	 2716	 2709	 3463	 2678
1	 2709	 2748	 3463	 3008
1	 2709	 3463	 2678	 4341
1	 58	 67	 73	 4592
1	 58	 73	 4610	 4592
1	 73	 4610	 4592	 4595
1	 2384	 2469	 2462	 4095
1	 1296	 1162	 1310	 4903
1	 134	 126	 3262	 128
1	 684	 819	 744	 651
1	 670	 744	 651	 684
1	 744	 819	 4682	 651
1	 4682	 651	 819	 4694
1	 789	 819	 684	 835
1	 854	 819	 789	 835
1	 835	 684	 789	 3159
1	 651	 819	 835	 684
1	 835	 651	 684	 641
1	 3458	 3382	 3188	 829
1	 3519	 3188	 794	 3458
1	 2517	 2421	 4790	 2606
1	 3097	 3307	 4041	 3042
1	 1730	 1818	 1908	 3097
1	 2595	 2382	 2541	 3040
1	 431	 3120	 487	 4580
1	 4284	 4279	 2983	 2972
1	 4279	 4284	 4278	 2972
1	 4847	 324	 181	 4872
1	 324	 4847	 4827	 4872
1	 324	 181	 4872	 339
1	 324	 4827	 339	 4872
1	 3806	 4369	 3977	 3279
1	 3977	 2491	 2389	 2424
1	 4369	 3279	 3806	 4273
1	 2664	 3139	 2618	 4477
1	 2618	 2575	 2664	 4477
1	 2664	 3139	 4477	 2657
1	 2657	 2575	 4477	 2664
1	 2241	 3349	 3061	 3681
1	 3780	 2305	 3061	 2241
1	 2241	 3603	 3681	 3780
1	 800	 743	 3272	 3271
1	 4053	 4052	 3871	 4158
1	 4158	 3865	 4052	 3871
1	 40	 34	 5015	 24
1	 3798	 4080	 3788	 4403
1	 2510	 2445	 4664	 2385
1	 3806	 4369	 4273	 4270
1	 4273	 3279	 3806	 3708
1	 4273	 3708	 5016	 3279
1	 5016	 4733	 3024	 3279
1	 1548	 1451	 1324	 3047
1	 245	 226	 196	 3538
1	 2285	 3396	 2427	 2410
1	 4120	 4116	 2126	 2212
1	 4671	 1743	 1757	 1936
1	 4135	 4133	 3981	 3925
1	 3981	 3925	 4009	 4135
1	 3981	 4140	 3925	 4133
1	 3981	 3925	 4140	 3967
1	 4009	 3981	 4135	 4008
1	 4009	 2456	 4943	 2383
1	 4009	 3062	 2383	 4943
1	 4008	 2456	 2411	 4136
1	 4768	 1517	 3207	 3047
1	 2244	 2141	 2208	 3317
1	 3317	 2208	 2244	 3291
1	 3002	 2208	 3291	 2244
1	 3291	 3224	 3317	 4346
1	 4350	 3224	 4346	 3317
1	 3224	 2244	 3317	 3329
1	 3317	 3224	 3329	 3405
1	 3224	 2244	 3329	 2525
1	 3274	 2244	 3329	 3317
1	 3224	 3329	 3405	 4352
1	 3224	 3329	 4352	 2525
1	 3610	 689	 613	 694
1	 253	 4725	 242	 72
1	 57	 72	 84	 4725
1	 260	 3129	 4725	 253
1	 242	 253	 260	 4725
1	 260	 305	 253	 242
1	 72	 4725	 242	 4554
1	 305	 253	 242	 4761
1	 305	 242	 4776	 4761
1	 2785	 2717	 4996	 2731
1	 2717	 4813	 4996	 2731
1	 3082	 2809	 2838	 2731
1	 2731	 2812	 2809	 2838
1	 2996	 2991	 2974	 3296
1	 3393	 3261	 3312	 1771
1	 3312	 3393	 1771	 3807
1	 3047	 3406	 1662	 1387
1	 1387	 1451	 1529	 3047
1	 1451	 1387	 3406	 3047
1	 3406	 1662	 1387	 3472
1	 1731	 1662	 3047	 3443
1	 642	 688	 712	 732
1	 3429	 3320	 732	 848
1	 848	 712	 4708	 732
1	 1278	 1408	 1228	 1185
1	 1408	 1228	 1185	 1213
1	 1469	 1449	 1494	 1492
1	 1575	 1449	 1492	 1494
1	 1492	 1575	 1494	 4676
1	 416	 287	 445	 3550
1	 3550	 287	 404	 416
1	 2597	 2612	 2488	 3009
1	 2488	 2597	 3009	 4669
1	 3461	 3356	 3408	 787
1	 2268	 2394	 2358	 3955
1	 3955	 2394	 2358	 3953
1	 2358	 2268	 3955	 4824
1	 2358	 2268	 4824	 2292
1	 2268	 4824	 2292	 2151
1	 3185	 2268	 2151	 4824
1	 2151	 2292	 4029	 4824
1	 2848	 2880	 4919	 2881
1	 4743	 4742	 3223	 4475
1	 4477	 4475	 3223	 4742
1	 3223	 2575	 4477	 4742
1	 626	 595	 677	 616
1	 677	 734	 626	 718
1	 695	 718	 626	 804
1	 718	 626	 804	 734
1	 695	 718	 804	 703
1	 626	 677	 718	 616
1	 716	 616	 718	 677
1	 718	 626	 616	 589
1	 616	 595	 589	 626
1	 3979	 3500	 4340	 3633
1	 586	 552	 504	 4889
1	 589	 586	 640	 4889
1	 586	 552	 4889	 589
1	 504	 586	 4889	 4632
1	 552	 4889	 589	 595
1	 595	 626	 551	 4889
1	 595	 589	 626	 4889
1	 640	 589	 4889	 626
1	 626	 640	 551	 4889
1	 640	 551	 4889	 527
1	 3247	 504	 447	 4889
1	 551	 595	 4889	 503
1	 503	 551	 3247	 4889
1	 2415	 2519	 2469	 4271
1	 2956	 2965	 4328	 4436
1	 2965	 4436	 4327	 4328
1	 114	 4506	 105	 123
1	 109	 105	 4506	 123
1	 3478	 3360	 3399	 3372
1	 3360	 3478	 1427	 3372
1	 1427	 3360	 3372	 3192
1	 4498	 3016	 3403	 4497
1	 2367	 2435	 3804	 2306
1	 2505	 2420	 2580	 3178
1	 2630	 2410	 3178	 2580
1	 2410	 2506	 2580	 2630
1	 2410	 3178	 2580	 2420
1	 2410	 3178	 2420	 2400
1	 2420	 2505	 2400	 3178
1	 1538	 1619	 1421	 1510
1	 726	 649	 802	 3400
1	 3257	 544	 4777	 4633
1	 3257	 544	 4633	 4731
1	 3257	 4598	 4754	 4823
1	 4633	 513	 4634	 3292
1	 4634	 4823	 4633	 3292
1	 4731	 4633	 4823	 3292
1	 3292	 3570	 4731	 4633
1	 513	 4633	 4634	 449
1	 4823	 4988	 3120	 3292
1	 604	 3292	 4731	 3120
1	 4142	 4128	 3331	 4439
1	 4393	 4028	 3982	 4397
1	 117	 126	 128	 4569
1	 4569	 117	 4575	 128
1	 4575	 4512	 4569	 128
1	 4512	 4502	 4484	 128
1	 126	 128	 4569	 3262
1	 128	 4569	 3262	 4512
1	 4484	 4483	 128	 4502
1	 4484	 128	 4483	 4482
1	 4512	 3262	 128	 4484
1	 4388	 3792	 3750	 3714
1	 1432	 1561	 1354	 1385
1	 1472	 1561	 1432	 1385
1	 1590	 1569	 1591	 4093
1	 1590	 1591	 4811	 4093
1	 4811	 1590	 4093	 3087
1	 1590	 4093	 3087	 1607
1	 1591	 4811	 4093	 1702
1	 1591	 4811	 1702	 3240
1	 1591	 1590	 4811	 3240
1	 1591	 1702	 1611	 3240
1	 4811	 4093	 1702	 4791
1	 1965	 2093	 2094	 2080
1	 1038	 1063	 1134	 3335
1	 4214	 4228	 4300	 2530
1	 3637	 3501	 5014	 4051
1	 4149	 4051	 3732	 3637
1	 4752	 2416	 2533	 2532
1	 2532	 2458	 2559	 4752
1	 2532	 2458	 2554	 2559
1	 4752	 2559	 4778	 2458
1	 2951	 2964	 2950	 4322
1	 2533	 2536	 2609	 4806
1	 3151	 1272	 1134	 1264
1	 2906	 2891	 2905	 3625
1	 2905	 3072	 2906	 3625
1	 3587	 3625	 3186	 2905
1	 3625	 3186	 2905	 3072
1	 2779	 3186	 3072	 2905
1	 2931	 3297	 3587	 3579
1	 3625	 3587	 2891	 2905
1	 3690	 2337	 2206	 3860
1	 2276	 3243	 3435	 4095
1	 3580	 3583	 3590	 3731
1	 4160	 3582	 4153	 3731
1	 3502	 2816	 2818	 4995
1	 4610	 4604	 4722	 58
1	 4610	 4604	 58	 4592
1	 3309	 3178	 3523	 3733
1	 3523	 3477	 3124	 3178
1	 3309	 3523	 3178	 3477
1	 2516	 3178	 3124	 3477
1	 1602	 1574	 1491	 1573
1	 414	 460	 420	 3049
1	 460	 420	 3049	 497
1	 381	 420	 4848	 3049
1	 484	 397	 536	 448
1	 397	 536	 448	 435
1	 484	 536	 447	 448
1	 536	 447	 448	 552
1	 3178	 3124	 4416	 2654
1	 2650	 2654	 4416	 3124
1	 4768	 4766	 1633	 3047
1	 3443	 4768	 3351	 3207
1	 3047	 3207	 4768	 3443
1	 3443	 3406	 1662	 3047
1	 1908	 1818	 1959	 3042
1	 1818	 3042	 3097	 3006
1	 33	 10	 8	 3063
1	 33	 8	 19	 4890
1	 33	 4881	 4890	 4893
1	 8	 19	 4890	 3172
1	 33	 8	 4890	 3063
1	 33	 4881	 3063	 4890
1	 4147	 4828	 4161	 4151
1	 3622	 1936	 1964	 1769
1	 1964	 3622	 1769	 4653
1	 4548	 4532	 4831	 3611
1	 4548	 4532	 3611	 4546
1	 53	 47	 3323	 21
1	 3323	 53	 21	 3234
1	 21	 3323	 3234	 3059
1	 4110	 4109	 2310	 4026
1	 4034	 4026	 3194	 4109
1	 3194	 4034	 4109	 4038
1	 4109	 3194	 2310	 4026
1	 948	 841	 992	 3113
1	 1107	 3365	 5007	 3113
1	 3365	 948	 3113	 841
1	 948	 3113	 4724	 5007
1	 3113	 948	 4724	 1035
1	 901	 831	 3032	 874
1	 4765	 2013	 1921	 2002
1	 2013	 4765	 2103	 2002
1	 69	 76	 72	 253
1	 253	 72	 242	 76
1	 72	 76	 91	 242
1	 253	 76	 4761	 172
1	 76	 69	 172	 253
1	 4761	 253	 242	 76
1	 4826	 3577	 3008	 2674
1	 3577	 3008	 2674	 4341
1	 3008	 2674	 4341	 2709
1	 3008	 2674	 2709	 2746
1	 3249	 2715	 3296	 4875
1	 3109	 2715	 3249	 4875
1	 3296	 2991	 4875	 2715
1	 3296	 3328	 2715	 3249
1	 2991	 2715	 3296	 2996
1	 2795	 2756	 2996	 3328
1	 2715	 3109	 3249	 2691
1	 3147	 2691	 3249	 3109
1	 3249	 2715	 2691	 3328
1	 4875	 3249	 3109	 3147
1	 1503	 1645	 1492	 4769
1	 1034	 1101	 952	 1085
1	 1212	 1211	 1101	 1085
1	 952	 990	 1034	 1027
1	 4345	 4350	 3853	 3618
1	 2483	 2419	 2452	 4757
1	 2483	 4757	 4804	 4885
1	 4885	 2419	 2464	 2483
1	 601	 636	 586	 4760
1	 334	 4596	 376	 4609
1	 4706	 4860	 4868	 378
1	 4706	 4860	 378	 401
1	 4706	 4860	 401	 4850
1	 4706	 369	 4850	 401
1	 113	 100	 104	 3031
1	 104	 113	 3031	 111
1	 2573	 2532	 2554	 3073
1	 2462	 4303	 2339	 4307
1	 4199	 2497	 2462	 4191
1	 2339	 2462	 4307	 2309
1	 3006	 1990	 4033	 4370
1	 4718	 439	 465	 3074
1	 4718	 439	 3074	 378
1	 465	 4873	 4718	 410
1	 410	 465	 3074	 4718
1	 2032	 2022	 4429	 4675
1	 2162	 4675	 2022	 2032
1	 4429	 4018	 2032	 4675
1	 4429	 3889	 4018	 4675
1	 3889	 2162	 4675	 3651
1	 4424	 2162	 3651	 4675
1	 2177	 2066	 2015	 2057
1	 3025	 2015	 2057	 2177
1	 2057	 2171	 3025	 2177
1	 2230	 3025	 2057	 2171
1	 2177	 2171	 2066	 2057
1	 2177	 2171	 3025	 3383
1	 3025	 2230	 3383	 2171
1	 4654	 2066	 2057	 2015
1	 4654	 2066	 2015	 3235
1	 2066	 2015	 3235	 4807
1	 2015	 3235	 4807	 2037
1	 448	 529	 451	 411
1	 529	 451	 411	 424
1	 411	 374	 424	 451
1	 411	 3098	 448	 529
1	 411	 3098	 529	 424
1	 411	 448	 3098	 435
1	 529	 3098	 470	 424
1	 470	 424	 3161	 529
1	 424	 374	 3161	 451
1	 1258	 1413	 1247	 1306
1	 3784	 3777	 2474	 2548
1	 762	 883	 861	 817
1	 2851	 4459	 4458	 4204
1	 2495	 2435	 4138	 4202
1	 2435	 4138	 4202	 3804
1	 2881	 2891	 2906	 4049
1	 2891	 2906	 4049	 3625
1	 2891	 3592	 3625	 4049
1	 3592	 3625	 4049	 3963
1	 2891	 3592	 4049	 4362
1	 4049	 2891	 4362	 2881
1	 4362	 4049	 2881	 4085
1	 4049	 2881	 4085	 4472
1	 4794	 4049	 4085	 4472
1	 2891	 3592	 4362	 2870
1	 4362	 2891	 2870	 2857
1	 2946	 2949	 2958	 4800
1	 2631	 2666	 2593	 4201
1	 2141	 2125	 2059	 3354
1	 2059	 2125	 1973	 3354
1	 814	 830	 761	 4558
1	 814	 781	 830	 4558
1	 3240	 4810	 3997	 3339
1	 4811	 3240	 3997	 4791
1	 3997	 3240	 3339	 4119
1	 3997	 3240	 4119	 4791
1	 4791	 4119	 1774	 3240
1	 3346	 1661	 3495	 4674
1	 3346	 3495	 1661	 1629
1	 1573	 1543	 1644	 1465
1	 3417	 2612	 3009	 4891
1	 3417	 2612	 4891	 2629
1	 4891	 3417	 2629	 3421
1	 3421	 3417	 3191	 4891
1	 3191	 3417	 3009	 4891
1	 2612	 3009	 4891	 2488
1	 1378	 1432	 1303	 1506
1	 691	 738	 718	 745
1	 2131	 2108	 2138	 2158
1	 1971	 2108	 2131	 2158
1	 1315	 1424	 3286	 1342
1	 1315	 1424	 1342	 1422
1	 1390	 1424	 1422	 1342
1	 1449	 1469	 1308	 1302
1	 281	 265	 239	 4892
1	 239	 281	 4892	 4575
1	 281	 265	 4892	 4840
1	 4892	 281	 4840	 4575
1	 281	 4840	 4575	 4578
1	 4575	 4578	 370	 281
1	 265	 4892	 4840	 77
1	 4840	 265	 4898	 281
1	 4892	 265	 239	 228
1	 265	 93	 228	 4892
1	 4688	 4506	 4892	 105
1	 656	 635	 561	 4836
1	 4836	 656	 4888	 561
1	 205	 225	 161	 4893
1	 50	 61	 161	 4893
1	 205	 225	 4893	 4894
1	 265	 205	 3190	 334
1	 334	 3190	 4612	 4894
1	 3190	 205	 4894	 334
1	 4616	 3190	 4894	 4612
1	 334	 4612	 3190	 4609
1	 4894	 4614	 334	 225
1	 275	 4894	 4893	 225
1	 205	 66	 3190	 4894
1	 61	 161	 205	 4896
1	 60	 4896	 265	 161
1	 61	 205	 161	 4893
1	 4894	 3190	 48	 66
1	 4894	 205	 61	 4893
1	 4614	 4894	 4711	 275
1	 4711	 275	 4626	 4614
1	 258	 225	 275	 4893
1	 161	 61	 60	 4896
1	 161	 50	 4893	 172
1	 50	 4893	 172	 4881
1	 33	 4893	 4890	 19
1	 4893	 172	 4881	 258
1	 4893	 172	 258	 225
1	 4893	 4894	 275	 4711
1	 172	 258	 225	 247
1	 4893	 4711	 258	 4881
1	 4893	 4711	 4881	 4890
1	 4893	 4881	 50	 33
1	 225	 161	 4893	 172
1	 968	 862	 811	 3320
1	 4021	 4020	 3872	 3876
1	 4021	 4020	 3876	 4023
1	 3145	 1031	 1105	 987
1	 3145	 3293	 1031	 3165
1	 1031	 3145	 3165	 987
1	 926	 987	 1031	 3165
1	 4249	 4247	 2572	 4299
1	 4247	 4228	 2567	 2572
1	 4299	 4228	 4247	 2572
1	 1370	 1269	 1172	 3095
1	 3095	 1370	 1236	 1172
1	 1171	 1236	 1246	 1304
1	 1246	 1269	 1370	 3095
1	 1304	 1246	 1370	 1236
1	 1236	 1370	 3095	 1246
1	 1802	 1647	 1789	 1467
1	 3096	 1790	 1802	 1545
1	 1545	 1467	 1647	 1802
1	 4815	 1046	 1082	 3093
1	 3093	 1039	 958	 1082
1	 344	 476	 396	 4580
1	 344	 476	 4580	 4823
1	 3292	 524	 4823	 520
1	 4572	 308	 396	 4580
1	 4754	 344	 395	 308
1	 308	 4580	 4573	 4754
1	 4580	 396	 344	 308
1	 4573	 308	 4572	 4580
1	 148	 3172	 214	 201
1	 148	 3172	 201	 15
1	 148	 201	 22	 15
1	 4390	 2201	 2211	 2370
1	 1069	 1055	 1195	 1117
1	 1216	 1273	 1195	 1117
1	 1195	 1069	 1117	 3119
1	 1117	 1195	 3119	 1273
1	 1195	 1216	 1117	 1071
1	 1195	 1216	 1071	 1151
1	 1216	 1071	 1151	 1072
1	 1055	 1071	 1117	 1007
1	 1117	 1195	 1071	 1055
1	 548	 568	 652	 3572
1	 4717	 4718	 493	 4873
1	 550	 522	 4717	 4873
1	 4717	 550	 4873	 598
1	 4873	 4717	 598	 493
1	 4687	 493	 598	 4717
1	 598	 4873	 493	 523
1	 3559	 3563	 127	 139
1	 3050	 1057	 3335	 4695
1	 984	 3050	 4695	 1057
1	 984	 940	 4695	 3050
1	 984	 4695	 940	 3227
1	 4695	 1009	 984	 1057
1	 2874	 4409	 2863	 2865
1	 4167	 2865	 4409	 2874
1	 3868	 3653	 3723	 3649
1	 3649	 3868	 3872	 3723
1	 1057	 984	 3050	 1063
1	 3335	 915	 4695	 957
1	 1194	 3151	 1134	 1063
1	 1857	 3003	 4116	 4119
1	 3666	 3853	 3628	 4350
1	 4350	 3667	 3316	 3666
1	 3628	 4350	 3316	 3666
1	 3667	 3636	 3666	 4350
1	 4350	 3666	 3853	 3636
1	 2592	 2690	 2585	 4276
1	 2592	 2585	 4273	 4276
1	 4453	 3123	 4375	 4739
1	 4375	 4453	 4739	 4733
1	 4739	 3123	 4375	 2302
1	 2430	 4375	 4739	 4741
1	 4375	 4739	 4741	 4733
1	 4741	 4739	 4740	 4733
1	 4375	 4453	 4733	 3725
1	 3721	 3725	 4453	 4447
1	 4453	 4733	 3725	 2321
1	 328	 342	 402	 247
1	 402	 328	 247	 4761
1	 4776	 402	 328	 4510
1	 4776	 402	 4510	 306
1	 402	 4510	 306	 385
1	 3140	 359	 4553	 385
1	 328	 362	 4510	 402
1	 385	 3140	 362	 4510
1	 362	 385	 4510	 402
1	 362	 385	 402	 464
1	 2026	 2193	 2267	 3208
1	 1139	 1109	 1214	 4700
1	 2784	 2826	 2704	 2769
1	 3671	 3638	 3800	 3669
1	 4778	 4467	 4469	 2646
1	 3959	 4778	 4469	 2553
1	 2463	 2458	 4778	 2553
1	 2553	 2463	 3959	 4778
1	 1404	 3258	 1478	 1405
1	 3994	 4005	 4812	 3988
1	 4812	 3994	 3988	 3993
1	 4118	 3997	 4812	 3989
1	 4118	 4812	 4005	 3988
1	 1540	 1670	 1422	 1537
1	 1739	 1815	 1624	 1688
1	 1739	 1815	 1688	 1764
1	 2072	 1764	 2061	 1815
1	 1739	 1764	 2072	 1815
1	 1815	 1705	 1624	 1862
1	 1656	 1624	 1705	 1862
1	 1029	 1134	 1193	 3335
1	 1029	 1151	 3335	 1193
1	 3385	 880	 914	 979
1	 3214	 880	 979	 914
1	 3046	 2341	 4745	 2319
1	 4745	 2319	 4453	 3046
1	 4745	 3046	 2318	 2341
1	 2065	 3046	 2341	 2318
1	 3224	 2556	 2525	 4352
1	 3224	 2525	 2556	 2515
1	 4347	 4352	 2556	 3224
1	 3224	 4347	 2598	 2556
1	 2556	 2598	 4343	 4347
1	 3224	 2525	 2515	 2329
1	 1989	 2087	 1997	 4715
1	 1997	 1989	 4715	 1900
1	 3678	 4771	 3876	 3532
1	 4771	 3873	 3876	 3290
1	 2972	 2973	 2763	 4286
1	 2972	 2973	 4286	 4278
1	 2972	 2973	 4278	 2954
1	 2954	 2960	 2973	 4278
1	 4278	 4277	 2954	 4465
1	 4278	 4286	 4466	 2960
1	 4278	 4466	 4286	 4288
1	 4120	 3173	 3961	 2212
1	 3173	 2082	 3961	 2212
1	 3920	 3926	 3922	 4127
1	 1642	 1828	 1827	 4370
1	 3446	 3166	 3033	 530
1	 4820	 567	 517	 563
1	 530	 3033	 4820	 3166
1	 2581	 4415	 4079	 3469
1	 1051	 1194	 1063	 984
1	 2414	 2359	 2480	 4335
1	 2480	 4335	 4728	 2414
1	 3365	 4649	 3032	 3113
1	 376	 281	 370	 4578
1	 4593	 376	 453	 4576
1	 4596	 4578	 281	 376
1	 334	 376	 4596	 281
1	 3257	 4593	 4598	 4777
1	 2369	 3749	 2339	 4303
1	 4307	 2339	 3749	 4303
1	 896	 808	 836	 4845
1	 3068	 289	 4711	 3041
1	 703	 745	 718	 861
1	 3695	 4441	 3697	 2486
1	 3695	 4441	 2486	 4333
1	 3697	 3054	 3695	 2486
1	 3697	 3694	 3695	 3054
1	 2468	 3054	 3697	 2486
1	 2324	 3054	 3530	 3697
1	 2468	 2255	 3697	 2324
1	 3530	 2255	 3697	 3656
1	 2468	 3697	 2255	 2413
1	 2468	 3697	 2413	 2531
1	 410	 372	 319	 3074
1	 784	 675	 3134	 3610
1	 613	 675	 3610	 694
1	 3610	 675	 613	 3394
1	 3134	 750	 694	 675
1	 613	 694	 750	 675
1	 2695	 2616	 2725	 3186
1	 4881	 172	 50	 69
1	 40	 50	 69	 4881
1	 40	 69	 246	 4881
1	 4881	 246	 172	 69
1	 246	 69	 40	 253
1	 69	 172	 253	 246
1	 1018	 987	 897	 4895
1	 897	 1018	 4895	 4815
1	 1018	 987	 4895	 1111
1	 897	 987	 884	 4895
1	 1572	 1600	 3103	 1361
1	 1448	 1460	 1600	 1361
1	 1361	 1371	 1372	 3289
1	 1829	 3493	 1905	 2100
1	 2026	 1829	 1905	 2100
1	 2072	 2026	 2100	 1829
1	 1482	 1562	 1435	 3975
1	 1525	 1435	 1562	 3975
1	 3045	 4431	 3755	 3771
1	 4596	 3190	 4609	 334
1	 3190	 4596	 4898	 334
1	 4596	 334	 281	 4898
1	 225	 265	 334	 205
1	 1381	 1498	 1370	 1411
1	 1511	 1411	 3163	 1381
1	 1381	 1511	 1592	 3163
1	 3163	 1411	 1511	 1479
1	 1480	 1381	 1411	 1511
1	 2050	 2025	 1872	 3423
1	 2675	 2737	 2649	 3473
1	 1110	 1135	 1181	 3303
1	 3209	 3303	 4698	 1053
1	 4234	 4238	 2917	 4183
1	 311	 418	 363	 3081
1	 420	 497	 366	 3049
1	 4652	 3768	 3643	 3369
1	 3768	 3643	 3369	 4843
1	 3643	 3369	 4843	 3265
1	 3372	 4843	 3265	 3643
1	 3621	 3643	 3768	 4843
1	 2926	 4226	 4243	 4237
1	 1859	 1990	 2010	 3006
1	 2966	 2955	 2951	 4323
1	 4323	 2955	 2951	 2964
1	 2951	 2966	 4323	 2927
1	 526	 560	 645	 3281
1	 526	 645	 3403	 3281
1	 638	 523	 614	 687
1	 687	 658	 4873	 523
1	 523	 531	 614	 658
1	 658	 550	 687	 4873
1	 687	 598	 638	 523
1	 550	 687	 4873	 598
1	 687	 523	 4873	 598
1	 1091	 961	 1044	 859
1	 961	 1091	 999	 859
1	 4277	 2954	 4465	 2942
1	 2954	 4277	 2948	 2942
1	 145	 191	 176	 138
1	 3059	 236	 193	 3030
1	 4766	 1803	 3443	 3096
1	 4766	 1803	 3096	 4767
1	 4767	 4766	 3351	 3096
1	 3096	 1846	 3351	 4767
1	 1846	 3351	 4767	 1544
1	 1803	 3096	 4767	 1846
1	 2614	 2641	 2708	 4880
1	 4367	 2641	 2614	 4880
1	 2946	 3575	 3585	 4689
1	 2929	 2946	 3585	 4689
1	 4554	 90	 91	 72
1	 4725	 72	 90	 4554
1	 242	 91	 4554	 4555
1	 91	 76	 4761	 242
1	 4761	 91	 242	 4555
1	 242	 4761	 4555	 4776
1	 345	 285	 387	 3248
1	 345	 285	 3248	 3144
1	 4397	 4393	 4396	 3982
1	 4028	 3982	 3882	 3886
1	 2917	 4238	 2912	 4183
1	 3160	 451	 296	 332
1	 2868	 2867	 2888	 4128
1	 3326	 2868	 2888	 4128
1	 4186	 4099	 4320	 4335
1	 4326	 4186	 4335	 4973
1	 4443	 3438	 4179	 4099
1	 4101	 3438	 4099	 4179
1	 4443	 4099	 4179	 4335
1	 4179	 4194	 4186	 4101
1	 3116	 731	 810	 3300
1	 3458	 3300	 3277	 3382
1	 962	 1081	 1095	 4700
1	 2306	 2368	 2435	 4699
1	 4914	 2368	 3402	 2435
1	 2299	 2392	 2252	 3984
1	 2392	 2252	 3984	 2199
1	 4395	 2199	 2412	 4315
1	 2392	 3984	 4315	 2199
1	 3350	 1120	 1207	 3275
1	 1274	 1207	 1120	 3275
1	 1274	 1104	 3275	 1120
1	 3275	 1284	 1207	 3350
1	 3350	 1120	 3275	 1104
1	 4301	 3822	 3821	 3839
1	 4021	 4024	 4023	 3290
1	 4021	 4024	 3290	 4110
1	 4110	 1932	 4024	 3290
1	 4024	 4023	 1932	 4030
1	 4557	 583	 4544	 4522
1	 4544	 566	 4522	 583
1	 4544	 4530	 4522	 566
1	 4770	 468	 583	 4521
1	 4566	 583	 4549	 4544
1	 4557	 4525	 4544	 4566
1	 4262	 4267	 4276	 3244
1	 4286	 4278	 2973	 2960
1	 4556	 336	 359	 3648
1	 3742	 3688	 3648	 359
1	 4838	 4749	 4672	 3532
1	 3676	 3531	 3532	 4838
1	 3876	 4749	 3676	 3532
1	 1117	 1096	 3119	 3193
1	 4403	 3728	 3593	 3592
1	 3592	 3788	 4406	 4403
1	 4406	 4403	 3593	 3592
1	 3047	 1324	 1548	 1517
1	 1517	 1633	 3047	 4768
1	 1324	 3047	 3406	 3377
1	 1517	 3207	 3377	 1364
1	 1364	 3207	 4768	 1517
1	 3207	 1517	 3377	 3047
1	 1517	 3047	 1633	 1548
1	 1631	 1661	 1629	 3346
1	 1631	 1661	 3346	 1567
1	 3506	 3615	 3531	 4720
1	 899	 868	 990	 947
1	 1027	 899	 990	 947
1	 1027	 899	 947	 887
1	 868	 770	 857	 899
1	 947	 887	 899	 857
1	 861	 738	 745	 718
1	 329	 378	 335	 4706
1	 1027	 947	 857	 887
1	 1027	 857	 919	 887
1	 797	 857	 770	 887
1	 868	 857	 947	 899
1	 3337	 2233	 2231	 2313
1	 3838	 3839	 4775	 3831
1	 3929	 4775	 3831	 3838
1	 3930	 4775	 4308	 3831
1	 4669	 2560	 3009	 4665
1	 2560	 2591	 3009	 2510
1	 4827	 394	 4872	 4857
1	 5018	 3045	 1928	 3845
1	 3845	 1996	 3710	 3485
1	 3710	 3485	 3624	 3845
1	 3485	 3513	 3624	 4959
1	 3485	 3514	 3845	 1869
1	 3514	 3485	 1973	 1869
1	 3845	 1996	 3485	 1869
1	 1996	 3485	 1869	 1973
1	 1898	 1917	 1988	 4000
1	 2559	 2647	 2688	 3073
1	 2688	 2646	 2559	 4778
1	 4469	 4778	 2646	 2688
1	 2688	 4837	 2646	 4469
1	 693	 673	 3102	 748
1	 4860	 4827	 4857	 429
1	 327	 394	 429	 4857
1	 408	 327	 429	 4860
1	 4856	 4860	 327	 4833
1	 4856	 4865	 4860	 4833
1	 429	 394	 428	 4827
1	 3978	 3764	 3844	 4391
1	 1948	 3138	 1779	 1987
1	 1950	 1987	 1779	 3138
1	 3406	 3047	 3207	 3377
1	 1451	 3047	 3406	 1324
1	 4365	 4727	 4366	 3141
1	 4660	 2184	 4109	 4038
1	 4109	 4660	 4038	 4040
1	 3288	 2226	 2301	 2355
1	 4636	 4499	 4572	 432
1	 4499	 4636	 380	 432
1	 380	 4499	 432	 4796
1	 4572	 3120	 4513	 4580
1	 3034	 251	 245	 3539
1	 1602	 1574	 1573	 1677
1	 4369	 3279	 4273	 2523
1	 428	 517	 429	 3107
1	 1071	 1072	 3335	 1151
1	 1134	 1072	 1193	 3335
1	 3771	 4723	 3757	 1753
1	 931	 807	 806	 3100
1	 1257	 1220	 1390	 1327
1	 1257	 1220	 1327	 3303
1	 1257	 1390	 1389	 1327
1	 1244	 1327	 1257	 1389
1	 1257	 1244	 1389	 1314
1	 1326	 1314	 1389	 1244
1	 1314	 1244	 1170	 1257
1	 1141	 1244	 1257	 1170
1	 1314	 1170	 1245	 1257
1	 3814	 1684	 1696	 1759
1	 3814	 1759	 3284	 3705
1	 2553	 4469	 2554	 4778
1	 2554	 2553	 4778	 2458
1	 3163	 1642	 1609	 4371
1	 1642	 1609	 4371	 1827
1	 1827	 1642	 4370	 4371
1	 503	 536	 595	 552
1	 536	 503	 447	 552
1	 595	 503	 552	 4889
1	 447	 504	 552	 4889
1	 4889	 3247	 503	 447
1	 1001	 962	 3333	 4648
1	 3333	 875	 4648	 962
1	 875	 4648	 962	 901
1	 2221	 2409	 4428	 2352
1	 2409	 4428	 2352	 4422
1	 1627	 1657	 1644	 1574
1	 4349	 3035	 4342	 4758
1	 4342	 2586	 2626	 3035
1	 3738	 3667	 3316	 4351
1	 4351	 4350	 3618	 3667
1	 1342	 1507	 1390	 1327
1	 1326	 1423	 1507	 1327
1	 1390	 1389	 1327	 1423
1	 1220	 1152	 3286	 1342
1	 1390	 1342	 1327	 1220
1	 1342	 1390	 3286	 1220
1	 4137	 2541	 3040	 2595
1	 2765	 2756	 3109	 2991
1	 93	 60	 77	 265
1	 205	 265	 4896	 161
1	 66	 77	 60	 4896
1	 66	 205	 4896	 61
1	 60	 265	 4896	 77
1	 77	 265	 4896	 4897
1	 4596	 4840	 4898	 281
1	 265	 3190	 4898	 334
1	 78	 62	 4595	 4596
1	 4596	 4840	 78	 4898
1	 2595	 2643	 2594	 4143
1	 2595	 2643	 4143	 2644
1	 2594	 2595	 4143	 4137
1	 2595	 4143	 4137	 2541
1	 2595	 4143	 2541	 2644
1	 3352	 1338	 3136	 3164
1	 3005	 1338	 3352	 3164
1	 3005	 1132	 1338	 1202
1	 3136	 3352	 3164	 3371
1	 3131	 1419	 4674	 1549
1	 3131	 1262	 1549	 3336
1	 3397	 1339	 3336	 1549
1	 1462	 1595	 1549	 4674
1	 4707	 1892	 1705	 1467
1	 4707	 1862	 1705	 1892
1	 1862	 1815	 1705	 1892
1	 4707	 1863	 1862	 1892
1	 1815	 1879	 1892	 1862
1	 1975	 1879	 1863	 1976
1	 1976	 1892	 1863	 3747
1	 1467	 1789	 3768	 1892
1	 3768	 4707	 4355	 1467
1	 1892	 1789	 1705	 1467
1	 1789	 1802	 1467	 3768
1	 4707	 1467	 3768	 1892
1	 2938	 2942	 2933	 4248
1	 4277	 4250	 2948	 4248
1	 4248	 2942	 2933	 2948
1	 2933	 2938	 4248	 4290
1	 4248	 2933	 4290	 4212
1	 2367	 3780	 2305	 2306
1	 2367	 3780	 2306	 3804
1	 3780	 3804	 3061	 2306
1	 3061	 3780	 2306	 2305
1	 3780	 3061	 3681	 2241
1	 951	 769	 857	 771
1	 951	 771	 785	 888
1	 888	 771	 769	 951
1	 854	 835	 789	 4907
1	 3159	 730	 4907	 835
1	 3121	 835	 865	 854
1	 4028	 4021	 3886	 4356
1	 3886	 3872	 4356	 4021
1	 4789	 3894	 4356	 4400
1	 3732	 4058	 3735	 3671
1	 3672	 3671	 4058	 3732
1	 3732	 3735	 3623	 3671
1	 3734	 3735	 3671	 3623
1	 3735	 3800	 3671	 4058
1	 3735	 3800	 4058	 3692
1	 3735	 3734	 3800	 3692
1	 4425	 4424	 2352	 2283
1	 3337	 2283	 4425	 2344
1	 2352	 4425	 2283	 2344
1	 381	 398	 3105	 314
1	 314	 365	 381	 398
1	 398	 365	 3231	 314
1	 3231	 398	 314	 3105
1	 398	 383	 3231	 4721
1	 4819	 340	 3231	 3105
1	 398	 3231	 383	 3105
1	 4683	 2128	 2103	 4661
1	 2002	 2083	 4661	 2128
1	 3307	 3039	 1861	 2083
1	 1772	 3003	 4792	 1871
1	 4170	 1787	 1750	 4792
1	 4792	 1772	 1871	 1787
1	 3003	 4792	 1871	 4170
1	 3313	 4792	 3003	 4170
1	 1750	 4792	 3313	 4170
1	 4046	 1750	 4170	 1787
1	 4792	 1750	 1772	 1787
1	 1871	 1787	 4170	 4792
1	 3003	 1871	 1888	 4170
1	 4467	 4469	 4837	 4466
1	 2381	 2388	 2356	 2377
1	 2381	 2388	 2377	 2460
1	 2252	 2198	 2299	 3325
1	 3325	 2298	 2198	 2436
1	 3654	 4081	 4814	 3789
1	 4416	 3448	 3523	 4081
1	 3877	 3523	 3524	 3654
1	 4081	 3654	 3448	 3523
1	 2551	 2588	 3076	 4072
1	 4477	 4475	 4285	 3223
1	 4475	 2555	 4742	 4477
1	 3900	 3782	 3904	 4379
1	 3100	 931	 3193	 3010
1	 806	 931	 3100	 3010
1	 931	 3193	 3010	 1007
1	 931	 902	 1007	 3010
1	 410	 379	 477	 3322
1	 319	 379	 410	 3802
1	 379	 3555	 3322	 3802
1	 379	 3424	 3555	 3802
1	 3606	 3802	 3555	 3424
1	 3554	 3321	 3322	 3606
1	 410	 379	 3322	 3802
1	 319	 3424	 379	 3802
1	 871	 846	 884	 3165
1	 846	 884	 3165	 3116
1	 2438	 2485	 3958	 4300
1	 2438	 2530	 2485	 4300
1	 2530	 2485	 4300	 4214
1	 2485	 3958	 4300	 4214
1	 2438	 3958	 3971	 4300
1	 3958	 3971	 4300	 3930
1	 3971	 3930	 4308	 4300
1	 4300	 3958	 3930	 4214
1	 4089	 4065	 3076	 4709
1	 3076	 4089	 4709	 2570
1	 2570	 3076	 2661	 4709
1	 987	 884	 4895	 3165
1	 987	 884	 3165	 871
1	 3145	 3165	 987	 4895
1	 829	 3413	 897	 884
1	 2708	 2728	 4729	 2699
1	 3477	 2516	 3178	 4956
1	 2592	 4369	 2614	 4276
1	 837	 4803	 838	 758
1	 708	 4562	 783	 801
1	 708	 4562	 801	 647
1	 4562	 801	 647	 3270
1	 647	 4549	 708	 4562
1	 647	 708	 4549	 611
1	 233	 4604	 384	 4601
1	 3598	 3530	 3481	 3696
1	 3291	 3012	 4755	 4737
1	 1326	 1327	 1244	 1389
1	 540	 3056	 571	 489
1	 540	 509	 3056	 489
1	 3056	 571	 489	 4535
1	 489	 3056	 4535	 509
1	 890	 3066	 961	 780
1	 859	 800	 961	 3066
1	 961	 780	 800	 933
1	 933	 780	 800	 877
1	 800	 933	 4708	 839
1	 3308	 945	 938	 3070
1	 1002	 3070	 938	 945
1	 804	 734	 832	 718
1	 734	 832	 718	 677
1	 716	 677	 718	 762
1	 762	 718	 832	 677
1	 4377	 4379	 3904	 3782
1	 3397	 3336	 4674	 1549
1	 1339	 1462	 1549	 3397
1	 1549	 1462	 4674	 3397
1	 3336	 3397	 4674	 1567
1	 4674	 3336	 1567	 3131
1	 4123	 4786	 2651	 3331
1	 2651	 4123	 3331	 4141
1	 3331	 4128	 4142	 4121
1	 4786	 2651	 3331	 2663
1	 2663	 2651	 2659	 4786
1	 4123	 4786	 3331	 4128
1	 3653	 4163	 3865	 3657
1	 3346	 3397	 1567	 4674
1	 1661	 3346	 1567	 4674
1	 3238	 3176	 4674	 3495
1	 1574	 1465	 1573	 1644
1	 4183	 4061	 3670	 3638
1	 3638	 4388	 3573	 4183
1	 4388	 4183	 3638	 3714
1	 4183	 3638	 3714	 4061
1	 3638	 4388	 3714	 3792
1	 2384	 2462	 2309	 4095
1	 2276	 3243	 4095	 2309
1	 4136	 4135	 3981	 4008
1	 3201	 3057	 3116	 3389
1	 3839	 3831	 4308	 4775
1	 4619	 3569	 4627	 441
1	 4028	 4026	 4021	 4356
1	 4712	 4030	 1930	 1932
1	 1943	 1932	 4023	 4712
1	 3290	 1933	 1932	 1943
1	 4247	 4214	 4213	 2567
1	 4247	 4465	 4277	 2567
1	 376	 4593	 4609	 4596
1	 4413	 4407	 2827	 4418
1	 4614	 4616	 4624	 4894
1	 4614	 334	 4612	 4894
1	 4062	 4442	 4828	 4059
1	 4059	 4151	 4442	 4828
1	 4151	 4059	 4147	 4828
1	 4442	 4059	 4158	 4151
1	 4828	 4147	 4062	 4059
1	 4158	 4442	 4151	 4165
1	 4442	 4151	 4165	 4828
1	 4151	 4165	 4828	 4161
1	 2611	 4442	 4165	 4828
1	 4442	 2611	 4333	 4828
1	 4062	 4334	 4828	 4333
1	 4828	 4442	 4062	 4333
1	 4334	 4333	 2611	 4828
1	 4420	 2655	 3244	 4835
1	 4420	 2989	 4835	 3244
1	 3729	 3811	 3727	 3684
1	 3729	 3727	 4087	 3684
1	 3727	 4087	 3684	 3881
1	 4088	 4087	 3964	 3881
1	 3794	 3795	 3878	 3869
1	 4284	 4278	 2972	 4286
1	 3731	 3728	 3593	 4154
1	 3728	 3593	 4154	 4403
1	 4727	 3283	 4097	 4366
1	 4366	 3707	 3141	 3283
1	 3141	 3283	 4727	 4366
1	 4097	 3283	 3686	 4366
1	 3742	 111	 3548	 4552
1	 3688	 3541	 4552	 3548
1	 4552	 3742	 3688	 3548
1	 4554	 3742	 4552	 104
1	 104	 107	 111	 4552
1	 3031	 100	 104	 3647
1	 1064	 1030	 1170	 3101
1	 3046	 2280	 2341	 2319
1	 3123	 3046	 4745	 4453
1	 4453	 3123	 4739	 4745
1	 3123	 3046	 4453	 4452
1	 3046	 4453	 4452	 2188
1	 3531	 3532	 4672	 4720
1	 4673	 4672	 3311	 4720
1	 3014	 3077	 4432	 3220
1	 3680	 2045	 2019	 3679
1	 3679	 1797	 1823	 2019
1	 490	 594	 534	 4537
1	 4537	 490	 4533	 510
1	 444	 371	 4504	 4516
1	 4516	 4504	 4490	 371
1	 444	 371	 4516	 4511
1	 371	 444	 467	 4511
1	 4046	 3807	 3312	 1638
1	 3807	 4046	 1598	 1638
1	 3807	 3312	 1638	 1771
1	 4046	 1598	 1638	 3276
1	 1598	 3807	 1638	 1771
1	 2136	 2111	 2163	 3475
1	 4466	 4468	 2960	 2712
1	 4468	 4467	 2646	 2712
1	 4468	 2646	 2727	 2712
1	 2727	 4468	 2712	 2742
1	 4468	 2712	 4466	 4467
1	 2646	 4467	 4837	 2712
1	 4464	 4466	 4469	 4467
1	 4837	 2646	 4469	 4467
1	 4468	 2712	 2742	 2960
1	 2941	 2960	 2742	 2947
1	 4631	 601	 4888	 4836
1	 1646	 1616	 1631	 1576
1	 2741	 2888	 4786	 4783
1	 4786	 3331	 4128	 2663
1	 3054	 3438	 4443	 4099
1	 4443	 3695	 3054	 4335
1	 2480	 3054	 3695	 4335
1	 2359	 2480	 4335	 3054
1	 3054	 4443	 4335	 4099
1	 4335	 3054	 4099	 2359
1	 4099	 4335	 2359	 2414
1	 4098	 2294	 2414	 2359
1	 3054	 2359	 4100	 4099
1	 4099	 4335	 2414	 4728
1	 4099	 4335	 4728	 4320
1	 2032	 4018	 4429	 4714
1	 857	 791	 919	 797
1	 1889	 1875	 1933	 4771
1	 3290	 1904	 1933	 4771
1	 4771	 3239	 3290	 1904
1	 1140	 1030	 3347	 1205
1	 3347	 1140	 1205	 3119
1	 3543	 3081	 3553	 4543
1	 3081	 3551	 3553	 483
1	 4832	 483	 4830	 427
1	 483	 427	 3081	 445
1	 483	 3551	 445	 3081
1	 427	 3081	 445	 392
1	 4830	 4832	 427	 4532
1	 4832	 483	 427	 3553
1	 3081	 445	 392	 287
1	 3081	 445	 287	 3551
1	 4295	 4296	 4122	 4783
1	 4122	 4126	 4295	 4783
1	 2888	 4126	 4783	 2907
1	 4783	 2888	 2907	 2789
1	 4126	 4783	 2907	 4295
1	 4786	 2706	 2741	 4783
1	 4783	 2888	 2789	 2741
1	 4154	 4156	 3593	 3731
1	 1319	 1335	 1573	 1363
1	 1319	 1335	 1363	 1287
1	 1319	 1335	 1287	 1210
1	 1225	 1335	 1210	 1287
1	 1287	 1275	 1225	 1335
1	 1275	 1363	 1335	 1287
1	 712	 688	 642	 682
1	 712	 642	 3256	 682
1	 4019	 3475	 3650	 4838
1	 3623	 3471	 3671	 3479
1	 3623	 3471	 3479	 3445
1	 4655	 4658	 3766	 3691
1	 4840	 78	 77	 94
1	 77	 4840	 94	 4892
1	 4840	 94	 4892	 102
1	 3030	 270	 296	 382
1	 3248	 382	 270	 3030
1	 3406	 3352	 3005	 1279
1	 3352	 3005	 3164	 3406
1	 3377	 3005	 1279	 3406
1	 3142	 4467	 4468	 4291
1	 2653	 2696	 3418	 3170
1	 3009	 2653	 3418	 3170
1	 3170	 2696	 2677	 2653
1	 2653	 3069	 3009	 3418
1	 3418	 2696	 2653	 3069
1	 297	 4614	 436	 4626
1	 4614	 4626	 4622	 436
1	 525	 3318	 4873	 550
1	 587	 550	 658	 3318
1	 3318	 525	 587	 550
1	 2488	 4669	 2521	 2597
1	 4346	 3851	 3854	 4841
1	 4346	 3291	 4841	 3854
1	 3179	 1492	 1469	 1494
1	 3033	 547	 505	 590
1	 567	 505	 590	 3033
1	 3159	 590	 3033	 567
1	 590	 608	 3159	 547
1	 3033	 596	 547	 3159
1	 688	 862	 858	 4708
1	 920	 862	 4708	 858
1	 1987	 2056	 2065	 3046
1	 2056	 1948	 3046	 1987
1	 2325	 2395	 2385	 4399
1	 2395	 2325	 3132	 4399
1	 4663	 4398	 4399	 3132
1	 2297	 2207	 2289	 2218
1	 3439	 3127	 624	 634
1	 498	 3521	 461	 3569
1	 3521	 3569	 511	 461
1	 1778	 3039	 4676	 1716
1	 4769	 4676	 1778	 3039
1	 2002	 1791	 3039	 1778
1	 3039	 3305	 1791	 3307
1	 3305	 1716	 4676	 3039
1	 1791	 3039	 3307	 4661
1	 4661	 4042	 2083	 3307
1	 3307	 1791	 4661	 1908
1	 4042	 4661	 1908	 3307
1	 3039	 2002	 4661	 1791
1	 3172	 4623	 214	 201
1	 214	 313	 201	 4623
1	 313	 201	 4623	 4616
1	 853	 3093	 3188	 3413
1	 3413	 4698	 1039	 4815
1	 3413	 3381	 3382	 3088
1	 3188	 3088	 853	 3413
1	 853	 3413	 3381	 3175
1	 812	 828	 853	 3381
1	 3175	 853	 828	 3381
1	 3175	 959	 1010	 3381
1	 3339	 3240	 1726	 1774
1	 87	 75	 92	 4772
1	 4815	 3350	 1018	 4895
1	 1111	 1018	 3350	 4895
1	 3101	 994	 1030	 3347
1	 3036	 3101	 3347	 941
1	 1030	 3101	 3347	 1118
1	 3347	 1118	 3101	 1021
1	 936	 3209	 1118	 3101
1	 1763	 3103	 1675	 3340
1	 1842	 4753	 4773	 3490
1	 4773	 3624	 3490	 4753
1	 358	 415	 391	 3802
1	 2224	 2267	 2255	 3404
1	 770	 771	 868	 857
1	 887	 770	 899	 857
1	 857	 868	 951	 771
1	 951	 868	 857	 947
1	 1266	 1221	 3075	 1235
1	 1266	 3075	 1221	 3064
1	 173	 55	 75	 4871
1	 4871	 3236	 56	 4851
1	 55	 3236	 4871	 173
1	 173	 218	 3236	 4871
1	 206	 4871	 218	 173
1	 206	 4871	 173	 75
1	 31	 46	 170	 4847
1	 53	 46	 4847	 4855
1	 4855	 4847	 4852	 46
1	 4847	 264	 3380	 170
1	 53	 3234	 4847	 31
1	 2545	 2460	 2514	 3137
1	 2591	 2510	 2621	 3191
1	 2510	 3191	 4665	 4664
1	 4979	 4029	 3996	 3997
1	 3997	 2024	 3278	 3339
1	 1856	 3997	 4810	 1873
1	 3997	 4979	 2024	 2081
1	 413	 368	 4998	 325
1	 233	 238	 4998	 5019
1	 3412	 4737	 3525	 2141
1	 3317	 3412	 2141	 4737
1	 4737	 3525	 2141	 3197
1	 4737	 3197	 3566	 3525
1	 3596	 3566	 3497	 3774
1	 467	 494	 431	 3120
1	 431	 487	 3120	 494
1	 4823	 3257	 4731	 4580
1	 4580	 3120	 487	 4731
1	 4580	 3120	 4823	 476
1	 476	 520	 4988	 4823
1	 3256	 3120	 4988	 604
1	 3120	 4580	 4823	 4731
1	 4731	 3257	 487	 4580
1	 1743	 3622	 1769	 1936
1	 1932	 4023	 3290	 1943
1	 3876	 3310	 1933	 1943
1	 4749	 4023	 4715	 3310
1	 4672	 4715	 3310	 4749
1	 4672	 4838	 4715	 4749
1	 1781	 1733	 1551	 1783
1	 1781	 1551	 1733	 1587
1	 4890	 4881	 3063	 291
1	 4730	 3063	 291	 4890
1	 291	 4711	 4730	 4890
1	 4730	 4711	 291	 316
1	 2648	 2697	 2619	 4747
1	 2619	 2576	 2648	 4747
1	 2648	 2613	 2656	 4747
1	 2576	 2579	 4747	 3137
1	 3115	 4145	 2685	 2860
1	 2843	 4127	 4463	 2853
1	 2853	 4463	 4124	 4127
1	 128	 134	 138	 3262
1	 138	 128	 3262	 4482
1	 1187	 1234	 1218	 1254
1	 1187	 1234	 1254	 1197
1	 1218	 1187	 1254	 1166
1	 4894	 4977	 4893	 35
1	 4894	 4893	 61	 35
1	 48	 35	 4616	 4894
1	 3190	 4616	 4894	 48
1	 61	 66	 205	 4894
1	 61	 48	 4894	 35
1	 4409	 4363	 2863	 4407
1	 4085	 4362	 2847	 2881
1	 3634	 702	 573	 661
1	 3634	 3609	 702	 661
1	 614	 673	 687	 658
1	 642	 3292	 618	 3391
1	 642	 618	 3292	 519
1	 3292	 519	 3256	 642
1	 3685	 3724	 3143	 4271
1	 4711	 4730	 4890	 289
1	 3068	 4711	 289	 3144
1	 4730	 4711	 3144	 289
1	 4890	 4711	 4881	 291
1	 3172	 4890	 4981	 4711
1	 2390	 2428	 2343	 4841
1	 2549	 4841	 2390	 3783
1	 2343	 3291	 4755	 4841
1	 3291	 4755	 4841	 4737
1	 3291	 4841	 3854	 4737
1	 3970	 3971	 4775	 2370
1	 3948	 3970	 2370	 2287
1	 2287	 2438	 3970	 2370
1	 3970	 2438	 3971	 2370
1	 2973	 2763	 4286	 2791
1	 2614	 2708	 2655	 4420
1	 2655	 2614	 4420	 4276
1	 2708	 2614	 4880	 4420
1	 2708	 2655	 4420	 4835
1	 4420	 4270	 4276	 4367
1	 2614	 4880	 4420	 4367
1	 4369	 4367	 2614	 4276
1	 4420	 2708	 4835	 4729
1	 4880	 2708	 4420	 4729
1	 4880	 4420	 4367	 4319
1	 4281	 4270	 4269	 4367
1	 4420	 4367	 4319	 4269
1	 4420	 4269	 4319	 4259
1	 4458	 4172	 4381	 4204
1	 4344	 4345	 3853	 3617
1	 3853	 4344	 3617	 3857
1	 3617	 3853	 3857	 3764
1	 3618	 3617	 3853	 4345
1	 3854	 4737	 3317	 3291
1	 417	 4497	 456	 3403
1	 456	 417	 3403	 526
1	 4497	 456	 3403	 3281
1	 4497	 456	 3281	 3440
1	 456	 3281	 3440	 560
1	 456	 3281	 560	 526
1	 417	 3403	 526	 457
1	 3403	 457	 417	 386
1	 456	 3403	 3281	 526
1	 3403	 526	 457	 540
1	 3056	 540	 570	 3403
1	 3403	 3016	 3056	 509
1	 386	 457	 509	 3403
1	 4494	 4497	 417	 3016
1	 417	 4497	 3403	 3016
1	 1690	 1776	 1503	 4769
1	 1776	 1503	 4769	 1645
1	 600	 726	 655	 4563
1	 3400	 726	 649	 4563
1	 3056	 571	 3133	 600
1	 4638	 3133	 655	 4563
1	 726	 655	 4563	 4638
1	 3425	 3400	 4563	 726
1	 4563	 655	 600	 3133
1	 1010	 1073	 1053	 4698
1	 1073	 1010	 1011	 3184
1	 4274	 2982	 2990	 2993
1	 4855	 4859	 4847	 53
1	 4855	 4852	 63	 46
1	 4850	 369	 234	 333
1	 4156	 4167	 3593	 2889
1	 2356	 2281	 2249	 2388
1	 2388	 2356	 2377	 2249
1	 2082	 1956	 2126	 3173
1	 2082	 2126	 2212	 3173
1	 3425	 4563	 3400	 801
1	 783	 4563	 3425	 801
1	 783	 4563	 801	 4562
1	 4563	 4562	 3270	 801
1	 4563	 3400	 801	 3270
1	 4348	 2397	 2365	 2465
1	 3006	 4039	 4106	 4105
1	 4106	 4105	 1828	 3006
1	 4039	 4033	 4031	 3006
1	 4106	 4039	 3006	 3042
1	 4037	 2001	 4035	 3006
1	 3042	 2001	 3006	 1959
1	 1763	 1905	 4773	 1675
1	 5000	 3340	 1763	 4773
1	 3340	 1812	 1675	 4773
1	 1812	 3493	 1905	 4773
1	 4749	 3876	 4023	 3310
1	 4672	 3532	 3531	 4838
1	 4672	 3310	 3532	 4749
1	 2215	 2374	 2377	 2388
1	 2377	 2374	 2460	 2388
1	 2348	 2195	 2215	 2260
1	 2260	 2348	 2388	 2215
1	 2215	 2260	 2374	 2388
1	 2441	 2409	 2501	 4086
1	 1071	 963	 972	 4884
1	 3610	 3461	 786	 3134
1	 786	 3610	 3134	 694
1	 3461	 786	 3134	 3356
1	 786	 3610	 694	 689
1	 3492	 826	 3461	 784
1	 3610	 3134	 784	 3461
1	 826	 3461	 3134	 3356
1	 2972	 2961	 4278	 4279
1	 2972	 2961	 4279	 2983
1	 3699	 3692	 3737	 3735
1	 3692	 3699	 4058	 3735
1	 982	 910	 4726	 4884
1	 957	 3335	 4884	 1071
1	 1071	 3335	 4884	 971
1	 1888	 2025	 1857	 4116
1	 394	 327	 254	 4857
1	 3960	 4752	 2422	 2502
1	 4752	 3954	 2502	 3960
1	 3954	 2502	 3960	 2446
1	 2502	 3960	 2446	 2379
1	 2422	 3960	 2502	 2379
1	 2502	 2422	 2489	 4752
1	 1428	 1528	 4674	 1559
1	 1634	 1428	 1595	 4674
1	 2613	 2579	 2656	 4747
1	 2579	 2576	 4747	 2613
1	 2565	 2579	 2601	 3099
1	 2579	 2565	 2613	 2656
1	 2565	 2613	 2656	 2513
1	 2656	 2565	 2513	 2561
1	 1624	 1974	 1688	 1815
1	 1624	 1974	 1815	 1862
1	 1656	 1862	 1974	 1624
1	 1974	 1815	 1862	 1879
1	 1862	 1974	 1879	 1975
1	 3208	 2026	 1905	 3532
1	 1905	 3208	 3532	 1875
1	 3615	 3532	 1812	 3493
1	 1905	 1812	 1875	 3532
1	 1905	 2100	 3532	 2026
1	 2100	 2026	 2267	 3532
1	 516	 496	 527	 4632
1	 496	 474	 527	 4632
1	 4628	 3135	 474	 4632
1	 496	 474	 4632	 4628
1	 516	 4632	 4628	 496
1	 990	 868	 1077	 947
1	 868	 1077	 947	 951
1	 1435	 1437	 1372	 3103
1	 3968	 2287	 3948	 4931
1	 4931	 2238	 2212	 3961
1	 3948	 2212	 3961	 4931
1	 3173	 2194	 3961	 2082
1	 4013	 4035	 3205	 4033
1	 4013	 4035	 4033	 4025
1	 4205	 4308	 3831	 3930
1	 3831	 4205	 3930	 3909
1	 275	 225	 297	 4614
1	 4711	 4626	 4624	 4614
1	 928	 3214	 3203	 4883
1	 3515	 3772	 4684	 2209
1	 3237	 2209	 2135	 3772
1	 3237	 2117	 2209	 3515
1	 4684	 2135	 2209	 3772
1	 3711	 3515	 3237	 3772
1	 1327	 1152	 1160	 1220
1	 1220	 1327	 3303	 1160
1	 4878	 4875	 3147	 3249
1	 687	 748	 658	 673
1	 673	 3102	 748	 658
1	 2571	 3091	 4311	 2590
1	 4314	 3965	 4709	 4311
1	 3223	 4806	 4285	 2618
1	 2520	 3223	 4285	 4743
1	 3223	 4285	 4743	 4475
1	 3348	 3074	 329	 4865
1	 378	 4865	 4868	 329
1	 329	 378	 4706	 4868
1	 4860	 4868	 378	 4865
1	 378	 329	 3074	 4865
1	 378	 4860	 4865	 4833
1	 3348	 329	 266	 4868
1	 4706	 266	 329	 4868
1	 4706	 266	 4868	 206
1	 4863	 4868	 3348	 174
1	 3348	 4863	 174	 4870
1	 266	 3348	 4868	 174
1	 266	 3348	 174	 248
1	 266	 4868	 206	 174
1	 174	 4868	 4772	 4863
1	 4863	 4868	 4772	 4856
1	 2276	 3358	 3712	 3435
1	 4094	 3712	 3358	 3435
1	 3712	 2276	 3435	 4095
1	 1871	 4170	 1787	 1872
1	 4522	 468	 4521	 583
1	 468	 501	 566	 4522
1	 615	 4544	 611	 566
1	 615	 4544	 566	 4530
1	 501	 4522	 4530	 566
1	 2789	 2932	 2907	 3149
1	 2907	 4783	 2789	 3149
1	 2789	 2932	 3149	 2710
1	 2907	 2932	 4294	 3149
1	 94	 77	 4892	 93
1	 77	 93	 265	 4892
1	 239	 4688	 4892	 228
1	 580	 696	 628	 710
1	 4682	 696	 580	 710
1	 4428	 2220	 4424	 4675
1	 4428	 2221	 2352	 2220
1	 3152	 1432	 1385	 1303
1	 4932	 2638	 2601	 3099
1	 4747	 2601	 3099	 4932
1	 1280	 3005	 1150	 3118
1	 1280	 1185	 3005	 3118
1	 1105	 987	 1111	 3145
1	 987	 1111	 3145	 4895
1	 1111	 1105	 3145	 3233
1	 4536	 4532	 4525	 4559
1	 4536	 3611	 4532	 4559
1	 4532	 4525	 4559	 4546
1	 4532	 3611	 4546	 4559
1	 3778	 3801	 3829	 3819
1	 859	 999	 1004	 1091
1	 1044	 1091	 859	 1004
1	 1091	 1044	 1092	 1004
1	 999	 1004	 1091	 1115
1	 3269	 3439	 634	 3127
1	 623	 3439	 3269	 3127
1	 999	 961	 859	 988
1	 4028	 4026	 4356	 3194
1	 3436	 3414	 3378	 3054
1	 2324	 3378	 3414	 3054
1	 4267	 3244	 2982	 2976
1	 2976	 2989	 4267	 3244
1	 4256	 2976	 2982	 2968
1	 1003	 969	 1061	 1013
1	 1061	 3027	 1013	 4651
1	 3365	 1061	 3267	 3027
1	 3027	 4649	 4651	 3267
1	 3027	 1013	 4651	 1014
1	 4651	 4649	 3027	 4648
1	 498	 441	 491	 3569
1	 491	 441	 4627	 3569
1	 491	 498	 3569	 3521
1	 441	 498	 4619	 3569
1	 498	 4619	 3569	 461
1	 4619	 3569	 461	 511
1	 1087	 3214	 4883	 1000
1	 3624	 3614	 3490	 3757
1	 5018	 3624	 5000	 3975
1	 2337	 2206	 2363	 3690
1	 3248	 382	 3160	 330
1	 387	 484	 3248	 397
1	 3160	 330	 285	 3248
1	 387	 330	 397	 3248
1	 484	 397	 448	 382
1	 330	 382	 397	 3248
1	 845	 3162	 885	 3078
1	 3976	 3725	 3724	 5016
1	 4733	 3725	 2321	 3976
1	 3725	 3976	 2327	 2321
1	 2321	 4733	 3976	 2424
1	 4733	 3976	 2424	 3279
1	 4273	 3024	 3279	 5016
1	 3024	 4733	 2424	 3279
1	 3976	 5016	 3708	 3279
1	 3350	 4815	 1104	 1152
1	 1082	 4815	 1152	 1104
1	 1104	 3350	 1152	 3286
1	 3286	 1424	 1390	 1342
1	 3624	 3513	 3614	 3757
1	 4813	 2853	 4127	 2843
1	 4124	 4463	 2853	 2869
1	 4463	 2869	 2843	 2853
1	 4127	 2853	 2875	 4124
1	 5002	 3839	 4306	 2376
1	 4306	 2376	 2236	 5002
1	 4519	 3561	 3545	 3558
1	 2551	 2501	 4072	 3225
1	 2551	 2588	 4072	 2501
1	 4742	 2538	 2555	 4744
1	 3212	 4475	 4478	 2555
1	 4653	 1769	 1635	 3642
1	 4653	 4652	 3642	 1635
1	 1635	 3226	 4652	 3643
1	 1769	 1635	 3643	 1518
1	 1635	 3643	 1518	 1531
1	 3643	 1518	 1531	 3399
1	 3643	 1769	 1518	 3478
1	 1531	 3226	 1635	 3643
1	 4399	 4663	 2385	 2288
1	 4663	 4667	 4399	 4400
1	 3955	 3945	 3344	 3947
1	 463	 4611	 4607	 425
1	 4607	 4611	 4622	 425
1	 3742	 104	 3168	 3647
1	 2318	 2248	 2065	 3046
1	 2318	 2248	 3046	 2317
1	 2248	 3046	 2317	 2091
1	 3046	 2065	 2091	 2248
1	 808	 753	 836	 4845
1	 753	 836	 4845	 4696
1	 3355	 3026	 1249	 1210
1	 1249	 3355	 1210	 1137
1	 2091	 1987	 2065	 3046
1	 2056	 1987	 3138	 1948
1	 3307	 1730	 1908	 3097
1	 3097	 3042	 1908	 3307
1	 3097	 1908	 3042	 1818
1	 3107	 3033	 505	 517
1	 4419	 3804	 4138	 2435
1	 4365	 4727	 3141	 4899
1	 4727	 3141	 4899	 2361
1	 2361	 2337	 2363	 4899
1	 2449	 2361	 2498	 4899
1	 2337	 2449	 4899	 2361
1	 4902	 4757	 2449	 4899
1	 4899	 3122	 4365	 4879
1	 4879	 4878	 4727	 4899
1	 4899	 4804	 4878	 4902
1	 2340	 3141	 3283	 2404
1	 4727	 2404	 3283	 3141
1	 3141	 3709	 4365	 4899
1	 2976	 2988	 2989	 3244
1	 3244	 2988	 2982	 2976
1	 3774	 3566	 3791	 3741
1	 3566	 3855	 3791	 4755
1	 4737	 3855	 3566	 4755
1	 4376	 3791	 3855	 4755
1	 4376	 3791	 4755	 3801
1	 3819	 4376	 3801	 3791
1	 3801	 3819	 3791	 3829
1	 4877	 4880	 4729	 2641
1	 4880	 2708	 4729	 2641
1	 2708	 4729	 2641	 2699
1	 1658	 1557	 1680	 4355
1	 3621	 1680	 1557	 4355
1	 1557	 1658	 1546	 4355
1	 1658	 1546	 4355	 4707
1	 918	 797	 919	 791
1	 797	 887	 919	 857
1	 4162	 4161	 3505	 2606
1	 4161	 4162	 4165	 2606
1	 2341	 3232	 2318	 4745
1	 2341	 3232	 4745	 2319
1	 3118	 1068	 3214	 1150
1	 4368	 4365	 3709	 4899
1	 4899	 4368	 4365	 3122
1	 4368	 3709	 3977	 4885
1	 4368	 3977	 2464	 4885
1	 488	 4530	 605	 565
1	 2282	 3442	 2140	 3603
1	 4438	 4463	 2849	 2843
1	 2835	 4438	 2849	 2843
1	 485	 471	 3166	 3049
1	 3303	 1141	 1257	 1110
1	 1141	 3303	 3101	 1110
1	 1245	 1110	 1257	 1141
1	 3101	 1170	 1141	 1245
1	 1245	 1257	 1170	 1141
1	 2533	 2406	 2489	 2536
1	 2533	 2489	 2406	 2416
1	 3089	 1229	 1176	 4822
1	 1345	 3089	 1176	 1397
1	 3372	 1427	 3192	 3089
1	 4871	 3236	 4851	 218
1	 1603	 1494	 1575	 3305
1	 2888	 2867	 2724	 4128
1	 2745	 2663	 2724	 2867
1	 2724	 2663	 4128	 2867
1	 329	 439	 378	 3074
1	 4593	 453	 3257	 4576
1	 4831	 3611	 4532	 3037
1	 4831	 4532	 4830	 3037
1	 4830	 3037	 3609	 4831
1	 4838	 3602	 3650	 3676
1	 3602	 3650	 3676	 3653
1	 3700	 3602	 3702	 3597
1	 4505	 4503	 4509	 3561
1	 4153	 3582	 3584	 3731
1	 4083	 2587	 4075	 4359
1	 3645	 3566	 3815	 3829
1	 3566	 3535	 3815	 3741
1	 3948	 3961	 4120	 3947
1	 3947	 3955	 4824	 3344
1	 3955	 2358	 4824	 3344
1	 4533	 4543	 4532	 3037
1	 4537	 4532	 3037	 4533
1	 4532	 4531	 4529	 4832
1	 4531	 3553	 556	 4832
1	 4531	 3553	 4832	 4543
1	 4543	 3081	 3553	 427
1	 3593	 4167	 4409	 2889
1	 4169	 4167	 4409	 3593
1	 3641	 3690	 3860	 3709
1	 3690	 3641	 3860	 4974
1	 3803	 3765	 3849	 4240
1	 3856	 3849	 3765	 4240
1	 4319	 4321	 4329	 4880
1	 4338	 4329	 4321	 4880
1	 4329	 4320	 4319	 4366
1	 4356	 3872	 3873	 4021
1	 4578	 4596	 4593	 376
1	 3657	 3656	 3865	 3653
1	 3876	 3873	 3872	 4021
1	 3898	 3896	 3893	 4900
1	 4401	 3341	 4842	 3896
1	 3893	 3898	 4900	 3589
1	 3898	 3341	 3896	 4842
1	 4543	 4527	 4531	 3543
1	 3553	 3543	 4543	 4531
1	 4374	 3816	 3462	 3143
1	 3110	 2185	 3462	 4446
1	 3531	 3676	 3702	 4838
1	 4838	 3602	 3676	 3702
1	 4323	 4188	 4185	 4844
1	 4844	 4181	 4244	 4188
1	 3592	 4406	 3788	 4361
1	 4190	 3660	 3668	 3434
1	 3660	 3433	 3668	 3434
1	 3049	 3033	 497	 517
1	 3581	 3583	 3893	 3591
1	 1077	 1027	 1085	 1034
1	 4776	 4508	 4984	 4555
1	 2760	 4472	 4919	 3004
1	 1433	 1667	 1399	 1551
1	 4437	 4338	 4321	 4876
1	 527	 474	 551	 4632
1	 4850	 4848	 4860	 3049
1	 4860	 4850	 3049	 401
1	 4850	 3049	 401	 369
1	 219	 255	 244	 4567
1	 219	 271	 4567	 4574
1	 4567	 219	 4574	 3262
1	 255	 244	 4567	 4636
1	 244	 4567	 4636	 3060
1	 3262	 219	 4945	 4567
1	 4567	 244	 219	 4945
1	 4508	 4506	 3155	 239
1	 4502	 4506	 4892	 239
1	 2867	 2860	 2761	 2745
1	 3423	 2025	 1872	 1888
1	 1888	 3423	 4113	 1872
1	 2842	 4362	 4360	 2854
1	 732	 712	 4708	 688
1	 682	 688	 3255	 712
1	 642	 3429	 712	 3241
1	 2995	 3328	 4876	 2998
1	 4729	 2998	 2989	 4876
1	 4729	 4876	 3328	 2998
1	 3296	 2995	 4876	 2977
1	 3296	 4876	 4437	 2977
1	 2989	 4876	 2995	 2977
1	 829	 897	 3093	 916
1	 916	 958	 1046	 3093
1	 916	 1018	 4815	 1023
1	 1046	 958	 1082	 3093
1	 4848	 4847	 4857	 4827
1	 4872	 4857	 4847	 4827
1	 4857	 4860	 4848	 4827
1	 327	 429	 4860	 4857
1	 4857	 4827	 394	 429
1	 2418	 4805	 2312	 2364
1	 4805	 2478	 2312	 2364
1	 3232	 2364	 2312	 4738
1	 2618	 2575	 4477	 3223
1	 4588	 229	 194	 4906
1	 3563	 139	 132	 127
1	 3397	 1530	 3182	 1348
1	 2755	 3186	 2945	 3504
1	 2945	 2755	 3504	 2953
1	 2738	 2755	 2953	 3504
1	 2460	 2452	 2388	 2374
1	 2452	 2388	 2374	 3067
1	 2374	 2452	 3067	 4757
1	 4416	 3448	 3124	 3523
1	 3789	 3733	 3523	 4416
1	 4637	 4560	 783	 4650
1	 783	 4637	 4650	 4647
1	 4650	 891	 5001	 4647
1	 879	 891	 783	 850
1	 783	 891	 863	 850
1	 3371	 3226	 3372	 3265
1	 2764	 2763	 4284	 2972
1	 4286	 4284	 2763	 2972
1	 579	 608	 580	 590
1	 580	 3098	 579	 590
1	 580	 3098	 590	 710
1	 580	 608	 670	 590
1	 670	 4682	 580	 590
1	 590	 580	 710	 4682
1	 4322	 4328	 2964	 2950
1	 743	 742	 800	 3272
1	 404	 416	 433	 3552
1	 416	 433	 3552	 482
1	 433	 482	 3114	 3552
1	 4033	 4370	 1828	 3006
1	 1828	 3006	 4105	 4031
1	 3112	 1890	 4370	 1990
1	 1990	 1890	 3006	 1859
1	 1828	 4106	 3006	 3353
1	 3014	 1622	 1748	 3077
1	 1824	 1748	 1916	 3014
1	 4910	 1824	 3014	 1748
1	 2912	 4238	 2934	 4174
1	 4238	 4174	 4181	 4844
1	 2912	 4238	 4174	 4183
1	 804	 832	 910	 3010
1	 1305	 1172	 1370	 1269
1	 2697	 3109	 2619	 4747
1	 4788	 2421	 3869	 2606
1	 2413	 2421	 4165	 4052
1	 2606	 3869	 4052	 2421
1	 71	 63	 65	 4855
1	 74	 4725	 4861	 4855
1	 4725	 4855	 65	 4859
1	 4855	 65	 4859	 53
1	 65	 53	 3323	 4859
1	 63	 65	 4855	 53
1	 4433	 2143	 3325	 2173
1	 521	 525	 587	 3318
1	 4873	 658	 550	 3318
1	 3318	 525	 4873	 4718
1	 2206	 3722	 4974	 3860
1	 4190	 3434	 3668	 4307
1	 1122	 1058	 1144	 4895
1	 1073	 1122	 4895	 1058
1	 1144	 1122	 4895	 3350
1	 1122	 4895	 3350	 4698
1	 4895	 3350	 4698	 4815
1	 3110	 1985	 3065	 3359
1	 3747	 1985	 3359	 3065
1	 3359	 3528	 3747	 3065
1	 3528	 3110	 3065	 3359
1	 3941	 3939	 3925	 3018
1	 4781	 3941	 3927	 3018
1	 3477	 3309	 2400	 3178
1	 3477	 3178	 2400	 4956
1	 2505	 3178	 4956	 2400
1	 3658	 4870	 4901	 4866
1	 3031	 4905	 3334	 3647
1	 3658	 3743	 4866	 4901
1	 3107	 517	 429	 497
1	 2438	 3971	 2370	 3839
1	 3971	 2370	 3839	 4775
1	 4775	 3971	 4308	 3839
1	 1494	 4676	 3179	 1492
1	 4676	 3179	 1492	 4769
1	 4676	 1547	 3179	 4769
1	 510	 418	 490	 4543
1	 510	 418	 4543	 427
1	 4543	 4528	 4542	 351
1	 4527	 4543	 4542	 3543
1	 2621	 2583	 2676	 3191
1	 2676	 3191	 4842	 3186
1	 2676	 3191	 3186	 2755
1	 3191	 3186	 2755	 3504
1	 2755	 3191	 3504	 2738
1	 2738	 3218	 3191	 3504
1	 3965	 4709	 4311	 3625
1	 4709	 4311	 3625	 3091
1	 3898	 3595	 4311	 3589
1	 3595	 4311	 3625	 3965
1	 4458	 4457	 3082	 4793
1	 3082	 4793	 4758	 4383
1	 3082	 4758	 4793	 3264
1	 3082	 4458	 4460	 4457
1	 4385	 4381	 4383	 4793
1	 4458	 4455	 4457	 4793
1	 3739	 3738	 3667	 3786
1	 4366	 4097	 4320	 3713
1	 366	 4827	 4848	 3049
1	 4827	 4848	 3049	 4860
1	 366	 4827	 3049	 497
1	 4768	 1503	 4767	 1544
1	 3351	 1544	 1493	 4768
1	 1493	 1503	 4768	 1544
1	 4767	 1544	 3351	 4768
1	 4768	 1503	 1493	 3179
1	 4100	 4098	 2294	 3358
1	 2294	 4100	 3358	 3378
1	 3358	 2294	 3378	 2293
1	 2278	 2145	 2294	 3358
1	 2145	 2293	 2294	 3358
1	 972	 1071	 4884	 1007
1	 1117	 972	 1007	 1071
1	 1039	 1160	 1082	 4815
1	 4113	 3423	 1888	 4116
1	 1871	 1872	 1888	 4170
1	 4170	 3003	 4113	 1888
1	 1872	 4113	 4839	 3423
1	 4116	 4390	 3423	 2097
1	 1302	 1543	 1275	 1449
1	 1302	 1275	 1543	 1335
1	 4042	 2083	 3307	 4103
1	 4661	 2083	 3039	 3307
1	 1742	 1792	 1865	 1634
1	 759	 917	 885	 4704
1	 3162	 759	 885	 4704
1	 2531	 2486	 2468	 3697
1	 2709	 3463	 4341	 3008
1	 2517	 2488	 2612	 4891
1	 2612	 2629	 2517	 4891
1	 3325	 2299	 2252	 3984
1	 2119	 2252	 3984	 3325
1	 4427	 4130	 4677	 3984
1	 3325	 3984	 4130	 2299
1	 3983	 4130	 4427	 3984
1	 4312	 3983	 3984	 4130
1	 949	 1030	 994	 3347
1	 3036	 949	 941	 3347
1	 3230	 3109	 4917	 4747
1	 2697	 2722	 4747	 2648
1	 2722	 4747	 2648	 2714
1	 1889	 3208	 1875	 4771
1	 3716	 3757	 4723	 3489
1	 4723	 3757	 1753	 3489
1	 3753	 3716	 4723	 3177
1	 832	 4692	 4726	 883
1	 2987	 2991	 2765	 3109
1	 3230	 2974	 2987	 3109
1	 3543	 3540	 3081	 3544
1	 3544	 252	 311	 284
1	 2204	 2325	 2385	 4399
1	 2385	 4399	 2288	 2204
1	 4036	 2288	 4399	 2204
1	 2327	 2389	 2321	 3976
1	 2389	 2321	 3976	 2424
1	 2190	 3061	 3680	 4001
1	 2197	 2190	 4001	 5005
1	 1079	 1000	 1150	 1087
1	 1150	 3005	 1087	 3118
1	 1087	 1150	 3118	 3214
1	 3005	 1087	 3118	 1132
1	 1202	 1132	 1087	 3005
1	 3005	 1185	 1132	 3118
1	 4709	 4314	 4311	 2590
1	 4295	 2907	 4294	 3149
1	 4783	 4296	 3149	 4295
1	 4783	 3149	 2907	 4295
1	 67	 85	 73	 4587
1	 4505	 4519	 3561	 4509
1	 4519	 3561	 4509	 3545
1	 4541	 3558	 3562	 4519
1	 1844	 3006	 1766	 4107
1	 3006	 4106	 3042	 3097
1	 3097	 1818	 3006	 1766
1	 3042	 1818	 1959	 3006
1	 785	 786	 840	 3356
1	 3898	 4900	 3589	 4842
1	 4900	 3898	 3896	 4842
1	 4900	 3504	 3421	 3516
1	 3589	 4900	 3504	 4842
1	 4900	 3504	 4842	 3191
1	 3191	 4842	 3186	 3504
1	 4842	 3186	 3504	 3589
1	 3186	 3504	 3589	 3587
1	 4842	 4900	 3191	 4401
1	 2583	 2578	 4401	 3191
1	 4842	 2676	 2583	 3191
1	 3619	 3479	 3669	 3671
1	 3479	 3464	 3471	 3619
1	 3669	 3638	 3619	 3671
1	 3008	 2746	 2749	 2674
1	 3008	 4826	 2674	 2749
1	 3218	 2738	 2953	 3504
1	 3218	 2953	 2971	 2944
1	 3504	 3254	 3218	 3191
1	 3230	 4747	 4932	 3109
1	 1373	 1372	 1437	 3103
1	 1361	 1372	 1373	 3103
1	 1437	 1373	 3103	 1489
1	 3103	 1437	 1489	 1581
1	 2427	 2410	 2420	 2351
1	 2420	 2400	 2351	 2410
1	 4478	 2690	 4276	 3212
1	 2690	 2585	 4276	 3212
1	 1194	 3151	 1063	 984
1	 1072	 1063	 1134	 1264
1	 3151	 1255	 1264	 1063
1	 1063	 1134	 3335	 1072
1	 3335	 1063	 1072	 1057
1	 1072	 1057	 957	 3335
1	 3335	 1063	 1057	 3050
1	 4661	 2040	 1791	 1910
1	 2671	 2542	 2672	 4782
1	 4715	 4023	 4712	 3310
1	 1886	 3310	 4712	 1943
1	 3310	 1943	 4023	 4712
1	 3130	 814	 4650	 781
1	 2481	 2573	 4985	 2520
1	 4743	 4285	 2520	 4985
1	 4285	 2573	 2532	 2520
1	 4323	 2966	 2955	 4337
1	 2976	 2989	 2955	 4337
1	 4339	 2976	 4337	 4259
1	 4339	 2968	 2976	 4256
1	 3810	 1872	 1686	 1787
1	 1673	 1686	 1787	 3810
1	 1472	 1432	 1303	 1385
1	 4026	 4021	 4356	 3873
1	 4356	 3874	 2310	 4026
1	 279	 340	 4721	 3231
1	 4721	 279	 3231	 4774
1	 3231	 279	 340	 4819
1	 4819	 333	 340	 3105
1	 279	 4819	 3231	 4716
1	 3231	 279	 4716	 4774
1	 4882	 1062	 1087	 4700
1	 4883	 4882	 1087	 4700
1	 4882	 4883	 1001	 4700
1	 4757	 4899	 4804	 4885
1	 3135	 474	 4632	 551
1	 3784	 2548	 3298	 3777
1	 3559	 3561	 3545	 4509
1	 3559	 3561	 4509	 4507
1	 3545	 3559	 4509	 118
1	 3559	 4509	 118	 4507
1	 1341	 1536	 1551	 1473
1	 3550	 3551	 287	 445
1	 4796	 3440	 3282	 3263
1	 1595	 1584	 3238	 1462
1	 3238	 1595	 1462	 4674
1	 1462	 3238	 4674	 3346
1	 4674	 3397	 1462	 3346
1	 3397	 1462	 3346	 1568
1	 1462	 3238	 3346	 1568
1	 2960	 2947	 2791	 2742
1	 2712	 2742	 2960	 2791
1	 1310	 4903	 4736	 3336
1	 2672	 2617	 2682	 3962
1	 2682	 2617	 3128	 3962
1	 2682	 2672	 3962	 3149
1	 3962	 2682	 3149	 3142
1	 2672	 4782	 3962	 3149
1	 4160	 3731	 3583	 3582
1	 3064	 1065	 955	 3216
1	 429	 428	 3107	 4827
1	 2943	 2922	 2941	 4468
1	 2521	 2373	 2543	 2472
1	 2472	 2493	 2373	 2543
1	 1911	 1767	 2016	 1779
1	 2016	 1779	 1948	 1911
1	 1750	 1673	 1787	 4046
1	 1673	 1787	 4046	 3810
1	 4046	 1872	 3810	 1787
1	 4046	 3810	 1598	 1673
1	 1598	 4046	 1673	 3276
1	 4046	 3276	 3313	 1750
1	 4359	 4363	 4406	 4417
1	 4359	 3788	 4083	 4406
1	 3316	 3315	 3628	 3667
1	 925	 3206	 997	 986
1	 311	 284	 418	 4542
1	 284	 418	 4542	 351
1	 311	 3081	 4542	 418
1	 3081	 4542	 418	 4543
1	 4542	 4543	 351	 418
1	 2170	 2327	 2321	 4453
1	 2321	 2170	 4453	 2320
1	 2143	 2009	 2173	 4435
1	 2464	 4368	 4885	 4804
1	 3122	 2464	 4804	 4368
1	 4368	 4885	 4804	 4899
1	 4368	 3709	 4885	 4899
1	 735	 3330	 807	 3100
1	 3105	 3049	 414	 381
1	 4889	 527	 4632	 4888
1	 4889	 4632	 586	 4888
1	 4888	 4632	 586	 601
1	 586	 553	 601	 4632
1	 556	 4548	 4832	 538
1	 4412	 3055	 3599	 4414
1	 1187	 1040	 984	 1051
1	 1040	 1187	 1008	 1051
1	 984	 1187	 1051	 1159
1	 1051	 984	 1159	 1194
1	 1008	 1040	 1051	 3227
1	 3867	 3869	 2421	 4052
1	 3875	 3869	 4788	 4982
1	 4788	 3869	 4162	 2606
1	 4052	 3869	 2606	 4162
1	 2221	 4428	 2173	 2220
1	 2314	 4677	 2173	 4428
1	 2298	 2314	 4130	 4677
1	 4400	 4789	 4401	 4665
1	 4667	 4789	 4400	 4665
1	 4789	 4401	 4665	 4891
1	 3141	 3709	 4899	 3690
1	 4899	 2337	 3860	 4885
1	 3690	 2337	 4899	 2363
1	 3141	 2361	 2363	 4899
1	 2592	 4369	 4276	 4273
1	 3009	 3191	 4891	 4665
1	 4891	 3009	 4665	 2488
1	 4276	 3244	 4267	 4420
1	 4835	 3244	 2989	 2988
1	 498	 461	 413	 4619
1	 413	 498	 4619	 367
1	 1774	 1956	 1726	 3339
1	 4456	 4340	 3979	 3500
1	 2855	 3500	 4456	 3979
1	 4456	 4340	 3500	 2844
1	 2514	 2460	 2381	 2377
1	 3137	 2377	 2460	 2514
1	 4300	 2530	 2376	 2438
1	 4301	 4300	 2376	 3839
1	 4300	 2376	 3839	 2438
1	 3839	 2376	 2370	 2438
1	 3014	 1725	 4910	 4371
1	 1725	 1622	 4371	 1609
1	 1609	 1622	 1724	 1725
1	 1609	 3163	 4371	 1725
1	 1724	 3163	 1609	 1725
1	 1751	 3163	 1724	 1725
1	 1751	 3163	 1725	 4370
1	 3163	 1642	 4371	 4370
1	 3163	 4371	 1725	 4370
1	 937	 3320	 3057	 848
1	 3046	 2229	 2091	 1948
1	 3046	 1948	 2091	 1987
1	 4782	 3149	 3943	 3962
1	 4296	 3943	 3149	 3962
1	 3269	 3127	 634	 743
1	 3123	 2302	 2228	 4374
1	 4360	 2834	 2854	 4363
1	 4682	 670	 651	 590
1	 670	 651	 590	 608
1	 3159	 684	 608	 641
1	 3626	 3596	 3774	 3706
1	 3774	 3626	 3706	 3769
1	 4757	 2337	 4899	 4885
1	 3094	 1799	 3810	 3808
1	 3808	 3094	 1799	 3177
1	 3067	 2452	 2419	 4757
1	 4725	 65	 57	 3129
1	 57	 4725	 253	 72
1	 1898	 1939	 1840	 4000
1	 1840	 1898	 4000	 1917
1	 3998	 1840	 4000	 1917
1	 2512	 2499	 4902	 3147
1	 3137	 2574	 3147	 2499
1	 3137	 2499	 4902	 2460
1	 2374	 2499	 2460	 4902
1	 2449	 2374	 4902	 2499
1	 2460	 2374	 4902	 2452
1	 2374	 4902	 2452	 4757
1	 4902	 2460	 2452	 2545
1	 4902	 2452	 4757	 2483
1	 4902	 2452	 2483	 2545
1	 4757	 4902	 2483	 4804
1	 2499	 2512	 4902	 2449
1	 2449	 4878	 4902	 4899
1	 4757	 4804	 4899	 4902
1	 2512	 4878	 2498	 4336
1	 477	 3318	 410	 3322
1	 3973	 3756	 3974	 1481
1	 3236	 4851	 218	 333
1	 4851	 218	 333	 234
1	 4851	 234	 333	 4850
1	 218	 3236	 333	 237
1	 852	 4845	 735	 833
1	 4845	 3100	 808	 3330
1	 678	 3330	 683	 753
1	 753	 678	 656	 683
1	 683	 808	 3330	 4845
1	 656	 753	 683	 4696
1	 683	 735	 852	 4845
1	 735	 3100	 4845	 3330
1	 3100	 941	 833	 4845
1	 3330	 683	 753	 808
1	 4468	 4292	 2943	 2922
1	 1252	 1325	 3397	 4903
1	 3397	 1252	 4903	 3336
1	 1252	 1325	 4903	 1080
1	 4903	 4724	 4736	 1252
1	 4736	 4724	 1133	 1252
1	 1133	 1080	 1252	 4724
1	 4903	 1252	 1080	 4724
1	 4903	 3397	 3336	 1310
1	 1325	 3397	 4903	 4904
1	 1348	 1325	 1471	 3182
1	 3192	 3399	 3372	 4904
1	 3399	 1349	 3372	 4904
1	 3399	 1471	 1349	 4904
1	 4903	 1080	 1325	 1116
1	 3192	 3397	 4904	 4903
1	 3182	 4904	 3397	 1325
1	 1325	 1349	 1471	 4904
1	 3397	 3182	 3192	 4904
1	 1619	 1538	 1744	 1510
1	 1538	 1744	 1510	 1523
1	 4238	 2926	 2927	 4244
1	 1325	 1349	 4904	 1192
1	 4822	 1116	 4903	 1325
1	 2540	 2367	 2526	 3779
1	 4635	 3572	 548	 4836
1	 3572	 548	 4836	 652
1	 4355	 3621	 3768	 4843
1	 4355	 3768	 1467	 4843
1	 920	 988	 839	 933
1	 3020	 988	 978	 933
1	 4765	 4769	 1778	 2002
1	 4769	 1778	 2002	 3039
1	 3828	 2370	 4115	 4775
1	 3828	 4115	 2370	 4390
1	 4115	 3828	 4775	 3936
1	 4177	 2951	 2950	 4322
1	 4323	 4185	 4322	 4844
1	 2388	 2348	 2260	 3067
1	 3067	 2195	 2348	 2260
1	 2212	 2245	 2287	 2370
1	 2354	 4374	 3143	 2213
1	 1634	 1617	 1792	 1767
1	 1792	 1634	 1767	 1865
1	 4659	 4654	 4992	 1949
1	 4659	 3443	 1662	 1731
1	 3047	 1662	 1731	 1692
1	 4904	 3192	 4903	 3089
1	 3372	 3192	 4904	 3089
1	 3192	 3397	 4903	 1310
1	 3925	 3939	 3937	 4009
1	 3939	 3925	 3018	 4009
1	 1874	 1703	 1843	 4723
1	 4723	 1874	 1703	 1737
1	 1843	 3051	 4723	 1703
1	 2591	 3191	 3009	 2510
1	 2914	 3579	 2915	 2890
1	 2606	 2611	 4165	 4161
1	 2611	 4165	 4161	 4828
1	 660	 599	 507	 581
1	 1437	 1489	 1581	 1512
1	 1052	 1097	 986	 3216
1	 501	 4530	 4681	 565
1	 3098	 663	 710	 628
1	 663	 3098	 584	 628
1	 710	 3098	 628	 580
1	 541	 3098	 628	 584
1	 3053	 3475	 2136	 2163
1	 2052	 4452	 4799	 2056
1	 4799	 2056	 4452	 1993
1	 2052	 4452	 2056	 3046
1	 1948	 2056	 3046	 2052
1	 3046	 1948	 2052	 2229
1	 4799	 2052	 2056	 3138
1	 3138	 4799	 1950	 2056
1	 2156	 2137	 2188	 4452
1	 4452	 2056	 3046	 2156
1	 4311	 3341	 3898	 2577
1	 2126	 4120	 3173	 1956
1	 4119	 1956	 4120	 1857
1	 2444	 2429	 4789	 4356
1	 4789	 2444	 4356	 3875
1	 4356	 2310	 2429	 2403
1	 4789	 4356	 3194	 4400
1	 3194	 4028	 4400	 4356
1	 885	 3162	 4704	 3078
1	 4704	 885	 3078	 1024
1	 4577	 371	 431	 4511
1	 371	 467	 431	 4511
1	 4511	 4513	 467	 431
1	 649	 645	 669	 3392
1	 3056	 3400	 3392	 649
1	 3056	 600	 4563	 649
1	 3400	 649	 3056	 4563
1	 4563	 3056	 3400	 4564
1	 4564	 4563	 3270	 3400
1	 3653	 3600	 4163	 3700
1	 4164	 3600	 3700	 4163
1	 4463	 4124	 4127	 3922
1	 268	 3231	 300	 4853
1	 4567	 4489	 3060	 3262
1	 1143	 1166	 1218	 1180
1	 1143	 1166	 1180	 995
1	 1166	 1218	 1180	 1196
1	 1143	 1166	 995	 1083
1	 1166	 1218	 1196	 1254
1	 1254	 1196	 1234	 1218
1	 2679	 4411	 2767	 2752
1	 3175	 1010	 4698	 3413
1	 1053	 3209	 1010	 4698
1	 3209	 1053	 1110	 3303
1	 4859	 4872	 4847	 3234
1	 181	 4847	 4872	 3234
1	 1316	 1401	 1196	 1234
1	 3653	 4163	 3657	 3700
1	 45	 4852	 63	 64
1	 63	 4854	 64	 4852
1	 4292	 4468	 4294	 2922
1	 4327	 4333	 4334	 4062
1	 4182	 4327	 4203	 4062
1	 4033	 1990	 2010	 4825
1	 4035	 3006	 2010	 4033
1	 4035	 2010	 3205	 4033
1	 4872	 4859	 254	 260
1	 3323	 260	 4859	 4872
1	 332	 259	 3324	 3323
1	 4859	 260	 4725	 4858
1	 109	 102	 117	 4575
1	 94	 102	 109	 4892
1	 105	 109	 4506	 4892
1	 4502	 4575	 4892	 109
1	 102	 4575	 4892	 4840
1	 4840	 4578	 102	 4575
1	 2580	 2675	 2649	 3178
1	 2675	 2649	 3178	 3473
1	 2630	 3574	 3104	 3178
1	 3714	 4175	 3750	 4174
1	 413	 368	 367	 4619
1	 367	 368	 4604	 4619
1	 4604	 367	 4619	 3171
1	 3171	 361	 4604	 367
1	 3171	 4619	 441	 367
1	 2586	 2642	 2598	 4343
1	 3035	 2586	 2598	 4343
1	 2421	 4790	 2606	 4788
1	 4165	 2421	 2606	 4052
1	 4689	 4057	 2924	 4062
1	 1192	 1232	 1349	 3407
1	 1232	 1263	 1388	 3407
1	 1011	 1058	 1073	 4808
1	 1892	 3747	 4707	 1863
1	 1879	 1862	 1863	 1892
1	 2461	 2392	 2299	 4312
1	 2629	 2611	 2606	 3505
1	 3706	 4307	 3769	 3433
1	 3769	 3706	 3433	 3626
1	 4417	 4404	 4406	 4080
1	 558	 448	 552	 3098
1	 3074	 415	 4833	 4865
1	 4865	 3802	 3074	 415
1	 3348	 4865	 3802	 3074
1	 4833	 415	 358	 4865
1	 4865	 4833	 3074	 378
1	 4833	 3074	 378	 4718
1	 378	 4833	 4718	 3446
1	 3446	 4718	 408	 4833
1	 4718	 408	 4833	 415
1	 4833	 415	 3074	 4718
1	 4868	 4865	 3348	 329
1	 358	 3802	 4865	 415
1	 4836	 637	 537	 3572
1	 3572	 4635	 4627	 491
1	 537	 491	 4627	 4635
1	 491	 3572	 4635	 537
1	 4836	 635	 537	 637
1	 3455	 637	 3011	 3572
1	 4627	 4635	 4629	 537
1	 4635	 4629	 537	 4836
1	 4629	 4627	 537	 412
1	 4629	 4627	 412	 3171
1	 4621	 4622	 3171	 4620
1	 4629	 4627	 3171	 4607
1	 3572	 3011	 4836	 637
1	 961	 933	 800	 859
1	 988	 961	 859	 933
1	 933	 839	 800	 859
1	 859	 839	 988	 933
1	 3226	 3372	 3265	 3643
1	 3226	 3372	 3643	 3399
1	 1388	 3399	 3372	 3226
1	 3399	 3478	 3372	 3643
1	 3399	 1388	 1518	 1531
1	 3643	 1518	 3399	 3478
1	 1531	 3226	 3643	 3399
1	 1743	 3478	 3399	 1518
1	 3371	 3226	 3265	 3352
1	 4409	 2865	 4407	 2863
1	 1072	 1255	 1057	 1063
1	 1255	 1072	 1264	 1063
1	 1255	 1057	 1063	 984
1	 3151	 1063	 984	 1255
1	 3980	 3990	 3999	 3966
1	 4004	 3980	 3999	 3966
1	 4883	 923	 1000	 3214
1	 923	 3214	 3203	 914
1	 928	 3203	 3214	 979
1	 3385	 914	 3203	 979
1	 3149	 3962	 3142	 4294
1	 3149	 4296	 3962	 4294
1	 4285	 4477	 3223	 2618
1	 3139	 2618	 4477	 4285
1	 3073	 4837	 2688	 4469
1	 1179	 3119	 1195	 1273
1	 975	 847	 966	 4704
1	 4704	 759	 917	 847
1	 4704	 759	 966	 3162
1	 183	 233	 286	 4592
1	 4592	 4585	 286	 229
1	 183	 67	 4592	 4590
1	 4381	 3082	 4458	 4813
1	 4460	 4458	 3082	 2838
1	 4813	 2812	 2731	 2838
1	 4837	 4286	 2791	 2960
1	 4837	 2960	 4466	 4286
1	 4286	 2973	 2791	 2960
1	 2960	 2712	 2791	 4837
1	 4466	 4837	 2712	 2960
1	 4466	 2960	 2954	 4278
1	 1150	 1000	 3214	 1087
1	 1000	 1079	 4700	 1087
1	 1080	 1036	 1116	 4724
1	 4822	 4903	 4904	 1325
1	 4904	 1325	 1192	 4822
1	 427	 363	 418	 3081
1	 3396	 3315	 3316	 3786
1	 3786	 3667	 3315	 3316
1	 3396	 3316	 3738	 3786
1	 4350	 3316	 3667	 4351
1	 1762	 1608	 1899	 4673
1	 1762	 1608	 4673	 1687
1	 3013	 4673	 1687	 1762
1	 2928	 2949	 2929	 4689
1	 1463	 3226	 3371	 3406
1	 3371	 3226	 3352	 3406
1	 3371	 1463	 3406	 1366
1	 3406	 3371	 1366	 3164
1	 3352	 3164	 3371	 3406
1	 1366	 3164	 1387	 3406
1	 3916	 4813	 2858	 2853
1	 4221	 2858	 2853	 3916
1	 4809	 4127	 2843	 4813
1	 4813	 2858	 4222	 3916
1	 4221	 2858	 3916	 4222
1	 3289	 1513	 4431	 3195
1	 2162	 4675	 4424	 2220
1	 4428	 4424	 2220	 2352
1	 4424	 2162	 3337	 3651
1	 2220	 4424	 2283	 2352
1	 914	 881	 880	 3385
1	 1859	 1844	 1890	 3006
1	 1999	 1872	 1799	 3808
1	 1799	 1872	 3810	 3808
1	 4145	 4143	 2685	 3331
1	 4093	 1569	 1712	 1607
1	 1590	 1569	 4093	 1607
1	 2714	 4747	 3099	 2722
1	 2890	 3586	 2914	 3579
1	 2955	 2989	 2977	 4337
1	 1195	 1055	 1151	 1071
1	 1055	 1151	 1071	 1029
1	 3335	 1071	 1151	 1029
1	 1071	 3335	 971	 1029
1	 1071	 1055	 1029	 971
1	 2890	 2905	 2891	 3587
1	 2890	 2905	 3587	 2915
1	 3912	 3942	 3927	 4122
1	 4444	 4182	 4062	 4327
1	 4062	 4444	 4327	 4333
1	 4820	 4802	 563	 4834
1	 4834	 3166	 3111	 563
1	 4834	 4820	 3166	 563
1	 3111	 563	 4802	 4834
1	 563	 3166	 3111	 4687
1	 3045	 3757	 3771	 3755
1	 1482	 3975	 4431	 3045
1	 3975	 3845	 5018	 3624
1	 3757	 3771	 1753	 4753
1	 806	 804	 3010	 703
1	 3137	 2562	 2545	 2619
1	 555	 620	 476	 3120
1	 555	 3120	 3256	 620
1	 555	 619	 620	 3256
1	 3196	 3120	 3256	 577
1	 4726	 3010	 832	 861
1	 883	 861	 963	 4726
1	 3010	 861	 718	 832
1	 4692	 762	 883	 832
1	 206	 4871	 75	 4772
1	 87	 4772	 206	 75
1	 2174	 3996	 4029	 3221
1	 53	 3323	 4859	 3234
1	 1543	 1449	 1302	 1492
1	 2670	 4709	 2719	 3072
1	 3625	 4709	 3091	 3072
1	 2670	 3072	 2652	 3091
1	 4049	 4709	 3625	 3072
1	 3625	 3589	 3186	 3091
1	 3091	 2616	 3589	 3186
1	 1815	 2061	 1879	 1974
1	 2061	 1975	 1879	 1974
1	 1386	 3289	 4431	 1435
1	 1572	 3103	 5000	 3195
1	 2022	 2220	 1995	 3181
1	 3181	 1995	 2173	 2220
1	 4504	 4502	 4490	 371
1	 4709	 2590	 4311	 3091
1	 2532	 2406	 2416	 2533
1	 2532	 2406	 2533	 4806
1	 2406	 2533	 4806	 2536
1	 4752	 2458	 2416	 2532
1	 3697	 3698	 2531	 4441
1	 4441	 4442	 3698	 2531
1	 4158	 4059	 4442	 3698
1	 4442	 4441	 2486	 2531
1	 3697	 2531	 2486	 4441
1	 2531	 2413	 4165	 3697
1	 939	 951	 1015	 970
1	 939	 951	 970	 888
1	 3532	 3311	 1875	 1933
1	 3589	 2616	 3091	 3898
1	 4162	 2629	 3421	 4788
1	 2606	 2517	 2629	 4788
1	 2606	 2629	 3505	 4162
1	 615	 681	 4547	 4544
1	 510	 3037	 4543	 4533
1	 4543	 4533	 490	 510
1	 4537	 3037	 534	 510
1	 3037	 510	 4537	 4533
1	 1062	 4882	 4648	 4700
1	 4648	 962	 4700	 1001
1	 1014	 1062	 4648	 3027
1	 4647	 4651	 4648	 4641
1	 4341	 2642	 2674	 2586
1	 583	 611	 647	 4549
1	 4566	 3373	 4562	 647
1	 583	 611	 4549	 4544
1	 611	 583	 566	 4544
1	 683	 4845	 828	 4696
1	 828	 683	 4696	 664
1	 683	 828	 4845	 852
1	 4341	 2642	 2586	 4343
1	 4489	 4486	 3060	 3262
1	 4486	 4492	 3060	 176
1	 964	 986	 974	 4704
1	 1154	 986	 4704	 974
1	 986	 964	 925	 3206
1	 3669	 3734	 3800	 3671
1	 3734	 3623	 3671	 3479
1	 4719	 3749	 4305	 3741
1	 4816	 3741	 4719	 3822
1	 4710	 3822	 4816	 4719
1	 228	 265	 161	 60
1	 4081	 4403	 3798	 4405
1	 3802	 3658	 3648	 358
1	 3648	 3802	 358	 391
1	 3802	 3348	 3658	 4865
1	 4865	 3802	 358	 3658
1	 3658	 358	 4866	 318
1	 3648	 318	 358	 3658
1	 4862	 358	 318	 4866
1	 3942	 3943	 3927	 4122
1	 974	 1154	 1124	 4704
1	 684	 641	 3159	 835
1	 481	 538	 3553	 4983
1	 538	 481	 3553	 556
1	 4832	 556	 538	 3553
1	 4800	 2637	 2638	 3230
1	 3230	 3099	 3273	 2637
1	 3230	 2638	 3099	 2637
1	 4800	 3273	 2637	 3230
1	 3099	 3230	 3273	 2984
1	 411	 397	 330	 382
1	 397	 411	 448	 382
1	 330	 411	 382	 3160
1	 4902	 3147	 3137	 2619
1	 3147	 2625	 2619	 4902
1	 3137	 2545	 4902	 2619
1	 4902	 3137	 2460	 2545
1	 2619	 3147	 3137	 4747
1	 2619	 2576	 4747	 3137
1	 4438	 4463	 2843	 4127
1	 4463	 4438	 3922	 4127
1	 4841	 4376	 3851	 4755
1	 4755	 3855	 4376	 3851
1	 4755	 4737	 3855	 3851
1	 1573	 1644	 1677	 1574
1	 3788	 3592	 3728	 4403
1	 3947	 3948	 3936	 4120
1	 3936	 3947	 4120	 4007
1	 4775	 3936	 3948	 4115
1	 3948	 3936	 4120	 4115
1	 2370	 4115	 4775	 3948
1	 2370	 4115	 3948	 2212
1	 2370	 4115	 2212	 2211
1	 3948	 2370	 2212	 2287
1	 4115	 2212	 2211	 2038
1	 4115	 2370	 4390	 2211
1	 1192	 4822	 3407	 4904
1	 3407	 1192	 4904	 1349
1	 4822	 3407	 4904	 3089
1	 3407	 4904	 3089	 3371
1	 4904	 3089	 3371	 3372
1	 1349	 3371	 3372	 4904
1	 4904	 3407	 1349	 3371
1	 4100	 4099	 3438	 3054
1	 1412	 1405	 4431	 1513
1	 1405	 1541	 4431	 1513
1	 965	 4808	 3057	 3165
1	 4808	 3057	 3165	 3116
1	 2052	 2228	 2176	 4447
1	 4447	 2052	 4448	 2176
1	 2228	 2176	 4447	 2213
1	 4447	 4446	 2213	 2176
1	 4781	 4123	 2651	 3018
1	 4123	 3927	 3018	 4781
1	 2651	 2527	 4781	 3018
1	 4131	 3925	 3018	 3927
1	 3742	 3743	 3168	 4554
1	 61	 4893	 33	 19
1	 35	 19	 4977	 4893
1	 4977	 4711	 4894	 4893
1	 4703	 3114	 3552	 538
1	 3552	 4703	 538	 4832
1	 3552	 4703	 4832	 483
1	 3552	 3553	 483	 4832
1	 3552	 4703	 483	 508
1	 3552	 3553	 4832	 538
1	 4899	 2449	 4878	 2498
1	 4336	 2584	 2498	 2512
1	 3947	 3939	 3344	 4006
1	 3344	 3947	 4006	 4824
1	 3145	 1144	 1058	 4895
1	 3122	 4804	 4878	 4899
1	 2622	 4330	 4334	 4436
1	 3206	 4803	 3078	 4732
1	 4759	 3206	 3078	 996
1	 3206	 4907	 894	 4759
1	 1572	 1448	 1361	 1514
1	 2151	 3185	 4824	 3278
1	 4824	 3185	 3173	 3278
1	 4824	 2151	 3278	 4029
1	 3185	 2151	 2144	 3278
1	 1296	 1397	 3089	 3192
1	 4903	 3192	 1310	 1296
1	 3192	 1397	 1310	 1296
1	 1176	 1296	 1397	 3089
1	 1296	 3089	 4903	 3192
1	 3916	 4125	 4221	 4223
1	 4560	 4650	 4558	 781
1	 4650	 4558	 781	 814
1	 3421	 3505	 2629	 4162
1	 3865	 2413	 3864	 3656
1	 3864	 2255	 3656	 2413
1	 1220	 3350	 4815	 1198
1	 4698	 1198	 3303	 4815
1	 4815	 3303	 1220	 1198
1	 3119	 3193	 1069	 1117
1	 1007	 1055	 1069	 1117
1	 1956	 3173	 3278	 4120
1	 3173	 3278	 4120	 4824
1	 3278	 4120	 4824	 4029
1	 3997	 3989	 4118	 4119
1	 2193	 2267	 3208	 4771
1	 4771	 4454	 2193	 2300
1	 3208	 2193	 4771	 3239
1	 2193	 3208	 1878	 3239
1	 1889	 3208	 3239	 1876
1	 1889	 4771	 3239	 3208
1	 2267	 2026	 3208	 3532
1	 3208	 2267	 3532	 4771
1	 2267	 3532	 4771	 3678
1	 3532	 3208	 4771	 1875
1	 4403	 3788	 4406	 4080
1	 3381	 812	 828	 4696
1	 4156	 3580	 3731	 3584
1	 3010	 4884	 1007	 972
1	 3193	 3010	 1007	 972
1	 2514	 2377	 2381	 2493
1	 3137	 2543	 2377	 2514
1	 4026	 4110	 4021	 3873
1	 2310	 4026	 3874	 4110
1	 4110	 3873	 4026	 3874
1	 4110	 4026	 4034	 4109
1	 4026	 3194	 2310	 4356
1	 2409	 2501	 4086	 3202
1	 4331	 4329	 4727	 4320
1	 4329	 4320	 4366	 4727
1	 427	 4832	 4543	 4532
1	 4543	 510	 427	 3037
1	 4543	 4532	 3037	 427
1	 4832	 4543	 3553	 427
1	 911	 3175	 828	 4845
1	 828	 3175	 3381	 4845
1	 3381	 828	 4845	 4696
1	 4845	 3381	 4696	 836
1	 339	 374	 3160	 451
1	 3365	 4649	 3113	 3027
1	 1107	 3365	 3113	 3027
1	 669	 3270	 3400	 3392
1	 3270	 4564	 3400	 3392
1	 669	 3270	 3392	 648
1	 3392	 3268	 648	 3270
1	 3688	 4552	 3541	 3545
1	 3184	 4808	 1011	 1073
1	 3347	 3036	 1021	 3101
1	 3975	 4431	 1435	 1482
1	 2461	 2299	 4130	 4312
1	 513	 3570	 618	 3292
1	 3292	 524	 513	 4634
1	 4753	 3757	 3490	 1753
1	 1753	 1764	 3489	 3490
1	 2488	 4789	 4891	 2517
1	 4789	 2517	 4788	 4891
1	 3669	 3734	 3671	 3479
1	 3291	 3012	 4737	 2208
1	 3197	 3012	 2115	 4737
1	 4737	 3197	 2141	 2115
1	 2141	 4737	 2208	 3317
1	 4586	 4601	 4592	 286
1	 4592	 233	 4601	 4604
1	 4592	 4601	 233	 286
1	 4267	 4259	 4420	 2989
1	 4420	 4267	 2989	 3244
1	 4267	 4259	 2989	 2976
1	 4259	 2989	 2976	 4337
1	 4835	 2989	 4420	 4729
1	 4835	 2989	 4729	 2997
1	 2989	 4729	 4876	 4321
1	 4319	 4420	 4259	 4321
1	 4319	 4321	 4880	 4420
1	 955	 996	 3064	 3206
1	 3064	 955	 3206	 3216
1	 3206	 3044	 3216	 894
1	 3044	 997	 3206	 3216
1	 3206	 3064	 3216	 986
1	 3216	 3206	 986	 997
1	 3064	 3216	 986	 1097
1	 1121	 3064	 986	 1097
1	 2622	 4334	 2636	 4800
1	 4334	 2611	 2636	 4828
1	 2306	 3061	 4699	 3804
1	 3966	 3804	 4699	 3061
1	 4808	 965	 1058	 3165
1	 2606	 2629	 4162	 4788
1	 2517	 4788	 4891	 2629
1	 4789	 4788	 3893	 4891
1	 3878	 3893	 4162	 3583
1	 3893	 4891	 4788	 3421
1	 4513	 431	 4580	 3120
1	 4572	 4513	 3120	 4499
1	 4513	 431	 3120	 467
1	 3120	 4513	 467	 4499
1	 4500	 4499	 3120	 467
1	 839	 4708	 920	 933
1	 800	 4708	 933	 877
1	 2622	 2638	 4473	 4800
1	 4677	 3325	 2298	 2173
1	 2314	 2173	 4677	 2298
1	 3427	 3430	 4999	 3432
1	 3331	 2663	 2745	 2867
1	 3876	 4771	 3290	 1933
1	 3876	 4771	 1933	 3532
1	 4771	 3532	 1875	 1933
1	 1933	 3876	 3532	 3310
1	 3311	 3310	 1933	 3532
1	 8	 2	 216	 3063
1	 3788	 4406	 4080	 4083
1	 2019	 1822	 1823	 2045
1	 1797	 2019	 3680	 3415
1	 2092	 2019	 3680	 2045
1	 3554	 3552	 404	 433
1	 379	 404	 433	 3555
1	 4756	 1825	 4715	 1989
1	 3323	 4859	 3234	 4872
1	 254	 332	 4872	 260
1	 4847	 4859	 3234	 53
1	 43	 5019	 54	 39
1	 3009	 2488	 4669	 4665
1	 2906	 4049	 3625	 3072
1	 3862	 3900	 3923	 3298
1	 3298	 3900	 4379	 3782
1	 3915	 3900	 4379	 4780
1	 3010	 861	 895	 703
1	 895	 703	 806	 3010
1	 4460	 2838	 2851	 4458
1	 877	 4708	 933	 3295
1	 4708	 877	 3320	 3295
1	 920	 862	 946	 3295
1	 4708	 920	 933	 3295
1	 3376	 3422	 3143	 3712
1	 2276	 3712	 3376	 3143
1	 2616	 3589	 4842	 3898
1	 967	 965	 3057	 3165
1	 3165	 1019	 3320	 967
1	 426	 415	 525	 3802
1	 3322	 521	 3552	 3114
1	 3114	 3552	 538	 521
1	 3106	 3273	 2981	 2713
1	 2707	 2713	 3273	 2720
1	 3273	 2720	 2713	 3106
1	 1083	 3216	 1040	 1008
1	 3216	 1008	 3227	 1040
1	 3350	 1111	 4895	 3145
1	 4895	 1144	 3350	 3145
1	 3057	 3116	 3389	 811
1	 3389	 3429	 3057	 811
1	 3011	 664	 690	 4696
1	 3416	 4976	 3011	 4696
1	 2946	 2958	 3575	 4800
1	 4007	 4120	 4029	 3947
1	 4120	 4824	 4029	 3947
1	 692	 3011	 4696	 652
1	 692	 652	 3572	 3011
1	 846	 811	 3116	 3165
1	 2765	 2792	 3230	 2722
1	 2765	 2987	 3109	 3230
1	 3230	 2722	 2792	 3099
1	 2984	 2792	 3099	 3230
1	 4747	 3099	 2722	 3230
1	 4747	 2697	 3109	 4917
1	 4732	 4704	 3078	 964
1	 4732	 964	 966	 4704
1	 966	 4704	 3162	 4732
1	 3206	 986	 964	 3078
1	 3494	 1894	 4450	 1934
1	 4799	 4450	 1934	 3494
1	 2989	 2977	 4337	 4321
1	 4437	 4321	 4322	 2964
1	 4259	 2989	 4337	 4321
1	 4259	 4420	 2989	 4321
1	 4880	 4420	 4321	 4729
1	 4880	 4876	 4729	 4321
1	 2989	 4321	 4876	 2977
1	 4321	 4876	 2977	 4437
1	 319	 3424	 3802	 3348
1	 3802	 319	 3348	 3074
1	 4592	 4587	 67	 73
1	 3858	 3721	 2327	 4453
1	 1107	 1162	 3027	 3113
1	 4724	 4736	 1107	 1162
1	 2337	 4757	 3067	 4885
1	 2419	 3067	 4757	 4885
1	 551	 3247	 4889	 3135
1	 4632	 4889	 3135	 551
1	 551	 4889	 527	 4632
1	 4888	 527	 640	 4889
1	 3473	 3502	 4993	 3599
1	 2649	 3055	 3473	 4993
1	 3473	 3599	 3055	 4414
1	 3369	 3352	 3265	 3226
1	 3265	 3369	 3226	 3643
1	 3534	 3703	 3701	 3786
1	 4686	 3703	 3534	 3786
1	 3854	 3317	 4346	 3291
1	 4299	 2572	 4191	 2497
1	 4196	 4191	 2497	 4299
1	 3947	 4006	 4824	 4029
1	 4006	 4824	 4029	 2292
1	 4824	 2358	 2292	 4006
1	 4006	 2292	 2393	 2358
1	 4228	 4214	 2567	 2530
1	 4836	 3572	 652	 3011
1	 4700	 1001	 1000	 4883
1	 2949	 2929	 4689	 2946
1	 2200	 3221	 2174	 4006
1	 3221	 2174	 4006	 4029
1	 4830	 3037	 4532	 427
1	 427	 483	 3081	 3553
1	 3690	 2206	 2240	 4974
1	 1066	 3075	 1024	 1208
1	 2071	 1874	 2098	 4723
1	 4110	 4021	 3873	 3290
1	 4021	 3873	 3290	 3876
1	 3290	 4021	 3876	 4023
1	 1943	 3310	 4023	 3876
1	 3876	 1933	 3290	 1943
1	 4023	 3290	 1943	 3876
1	 4771	 4111	 3873	 4110
1	 4002	 4000	 3998	 4746
1	 4039	 4033	 3006	 4035
1	 4033	 1990	 3006	 2010
1	 2567	 2553	 4214	 4464
1	 4879	 4874	 4367	 4366
1	 4874	 4879	 4727	 4366
1	 4727	 4874	 4366	 4329
1	 4730	 3030	 3251	 3248
1	 285	 3160	 3248	 3251
1	 285	 330	 387	 3248
1	 3120	 455	 396	 432
1	 432	 3120	 4499	 4572
1	 432	 4499	 3120	 4796
1	 4796	 432	 455	 3120
1	 3961	 4824	 3173	 4120
1	 4824	 4120	 3961	 3947
1	 3955	 3947	 4824	 3961
1	 4374	 3143	 2213	 3816
1	 3143	 3462	 3110	 2185
1	 4841	 3783	 4755	 2390
1	 4755	 2343	 4841	 2390
1	 4815	 1160	 1152	 1220
1	 3722	 3383	 3860	 2206
1	 3067	 3383	 2337	 4885
1	 2419	 3383	 3067	 4885
1	 4322	 4328	 2950	 4177
1	 2286	 3430	 3744	 2099
1	 1492	 3179	 1503	 4769
1	 4768	 4769	 1503	 3179
1	 4724	 4736	 1162	 4903
1	 1310	 4736	 4903	 1162
1	 3138	 1948	 2052	 2056
1	 2637	 2636	 3420	 4800
1	 501	 4530	 565	 566
1	 615	 565	 4530	 566
1	 1435	 4431	 3103	 3289
1	 3103	 1435	 3289	 1372
1	 1361	 3103	 3289	 1372
1	 4431	 3289	 3195	 3103
1	 3293	 3145	 1058	 3165
1	 1058	 3293	 3165	 3169
1	 4128	 4439	 2867	 3331
1	 2663	 4128	 2867	 3331
1	 1469	 1449	 1492	 1302
1	 138	 145	 3565	 176
1	 4700	 1062	 3136	 1139
1	 3396	 4351	 3738	 3316
1	 3479	 3667	 4351	 3618
1	 3396	 4351	 3316	 4350
1	 3353	 1844	 3006	 1890
1	 228	 265	 60	 93
1	 228	 93	 4688	 4892
1	 172	 60	 93	 228
1	 228	 172	 4688	 93
1	 76	 93	 97	 4984
1	 4704	 3162	 4732	 3078
1	 4704	 964	 986	 3078
1	 4853	 3231	 3105	 4819
1	 3105	 383	 333	 340
1	 333	 3105	 4819	 3236
1	 4739	 2319	 4733	 4453
1	 4739	 2319	 4453	 4745
1	 4453	 2319	 2280	 3046
1	 3060	 176	 191	 4486
1	 4486	 138	 176	 191
1	 3262	 3060	 191	 4486
1	 4696	 812	 664	 690
1	 4875	 4473	 3147	 3109
1	 4473	 3147	 3109	 4932
1	 4718	 415	 3074	 525
1	 3322	 3318	 3802	 525
1	 3802	 3074	 525	 3318
1	 3074	 3318	 4718	 525
1	 3318	 3074	 4718	 410
1	 4873	 410	 3318	 4718
1	 3318	 521	 525	 3322
1	 3318	 3322	 3802	 410
1	 3339	 3240	 1774	 4119
1	 1774	 3339	 4119	 1956
1	 3339	 4119	 1956	 3278
1	 3278	 1956	 4120	 4119
1	 3339	 4119	 3278	 3997
1	 4119	 3278	 3997	 4029
1	 4120	 4029	 3278	 4119
1	 4120	 4115	 2212	 3948
1	 2212	 4120	 3948	 3961
1	 3652	 3348	 230	 4870
1	 4438	 3922	 4127	 4481
1	 4481	 4127	 4809	 3923
1	 2843	 4127	 4481	 4438
1	 3923	 4201	 4809	 4481
1	 4438	 2835	 4481	 2843
1	 3322	 477	 3318	 5008
1	 1815	 1688	 1764	 2061
1	 1815	 2061	 1974	 1688
1	 2638	 4473	 4800	 3230
1	 4675	 2162	 3889	 4018
1	 3889	 4675	 4426	 3651
1	 4019	 3651	 2162	 3889
1	 4426	 4424	 3651	 4675
1	 3889	 4016	 4426	 4429
1	 4675	 2032	 2162	 4018
1	 3165	 968	 811	 3320
1	 4269	 4367	 4366	 4281
1	 4554	 3742	 104	 3168
1	 3647	 104	 111	 3742
1	 4761	 76	 4984	 172
1	 343	 239	 4502	 4575
1	 1162	 4724	 4903	 4822
1	 1110	 1053	 1135	 3303
1	 4698	 3303	 1135	 1053
1	 3234	 236	 21	 3059
1	 17	 21	 236	 3059
1	 3166	 471	 479	 4687
1	 3033	 517	 3446	 530
1	 530	 563	 3166	 4820
1	 3413	 1039	 3093	 4815
1	 4815	 3413	 4895	 897
1	 4419	 3804	 2435	 4699
1	 4983	 3553	 3321	 521
1	 3552	 521	 3321	 3553
1	 3552	 538	 521	 3553
1	 4436	 4327	 4334	 2949
1	 4334	 4436	 2949	 4800
1	 4436	 2949	 4800	 2967
1	 4800	 4436	 2967	 2974
1	 4800	 4436	 2974	 4473
1	 2974	 4800	 4473	 3230
1	 4800	 4436	 4473	 2622
1	 4398	 4401	 3341	 2578
1	 528	 3166	 3033	 3049
1	 4409	 2870	 4361	 3592
1	 3592	 4362	 2870	 4361
1	 4900	 4401	 4842	 3896
1	 2879	 2878	 2887	 3573
1	 4469	 2554	 4778	 3073
1	 2559	 2688	 4778	 3073
1	 4778	 2458	 2559	 2554
1	 2532	 2554	 3073	 2559
1	 2688	 3073	 4469	 4778
1	 4469	 2554	 3073	 2573
1	 3073	 4469	 2573	 4282
1	 4286	 4282	 4469	 3073
1	 2573	 4288	 4282	 4469
1	 536	 584	 595	 663
1	 536	 3098	 552	 448
1	 448	 3098	 435	 536
1	 201	 22	 15	 4616
1	 15	 201	 4616	 4623
1	 3172	 4623	 201	 15
1	 4623	 15	 3172	 4977
1	 201	 22	 4616	 263
1	 263	 4615	 22	 4616
1	 914	 880	 991	 3214
1	 577	 604	 3120	 3256
1	 4134	 2589	 4131	 3018
1	 4123	 2651	 3018	 4131
1	 4308	 4300	 3839	 3971
1	 1118	 3101	 1245	 1030
1	 1000	 4700	 4883	 1087
1	 1890	 1775	 4370	 3353
1	 4370	 3353	 1775	 1654
1	 4370	 1890	 3353	 3006
1	 3353	 4370	 3006	 1828
1	 4273	 4369	 2523	 2592
1	 3621	 3643	 4843	 3372
1	 4843	 3621	 3372	 1546
1	 3621	 3372	 1546	 1557
1	 4843	 1546	 4355	 3621
1	 1557	 3621	 4355	 1546
1	 4836	 635	 3011	 652
1	 635	 656	 664	 652
1	 656	 652	 4696	 664
1	 652	 753	 656	 4696
1	 4731	 593	 3570	 3299
1	 3299	 593	 680	 4731
1	 4731	 3570	 3292	 3299
1	 3292	 3299	 3570	 3391
1	 3570	 3292	 3391	 618
1	 680	 3299	 3292	 3391
1	 4509	 3545	 4553	 4519
1	 4519	 4515	 3689	 3688
1	 3320	 4708	 732	 848
1	 3255	 4708	 712	 688
1	 4708	 862	 3320	 732
1	 642	 712	 3429	 732
1	 732	 811	 862	 3320
1	 3320	 848	 3429	 3057
1	 848	 3429	 3057	 767
1	 3429	 3057	 811	 3320
1	 1143	 3064	 1097	 3216
1	 3303	 1220	 1160	 4815
1	 4698	 3350	 1198	 4815
1	 4803	 4759	 3078	 4798
1	 4798	 4732	 722	 3078
1	 2206	 3383	 2090	 3722
1	 3025	 2090	 3383	 3722
1	 4913	 2230	 2273	 3722
1	 3322	 3552	 3554	 433
1	 2220	 2173	 4675	 4428
1	 4433	 4675	 2173	 4428
1	 3177	 4817	 1999	 3808
1	 1791	 4661	 1910	 2002
1	 4683	 1910	 4661	 2103
1	 1058	 1073	 4808	 4895
1	 206	 4706	 4871	 4868
1	 4871	 206	 4868	 4772
1	 4271	 3685	 3713	 3143
1	 3341	 2577	 2583	 4842
1	 781	 4650	 783	 4560
1	 3005	 1202	 4700	 1087
1	 1298	 3005	 3164	 4700
1	 3005	 1087	 4700	 1079
1	 3136	 1202	 1062	 4700
1	 4677	 4433	 3325	 2173
1	 2173	 4433	 4428	 4677
1	 3315	 3628	 3667	 3629
1	 995	 1065	 1143	 3216
1	 1143	 3064	 3216	 1065
1	 4553	 4515	 4510	 4505
1	 4552	 4553	 3545	 3688
1	 4519	 4553	 3688	 3545
1	 3688	 4553	 4519	 4515
1	 2583	 3341	 4842	 4401
1	 4401	 3341	 2578	 2583
1	 4842	 3898	 3341	 2577
1	 3330	 806	 807	 3100
1	 3330	 806	 3100	 895
1	 1327	 1152	 1220	 1342
1	 1152	 1220	 3286	 3350
1	 1152	 4815	 1220	 3350
1	 607	 4888	 4760	 656
1	 4836	 516	 561	 4888
1	 2438	 3971	 3839	 4300
1	 4162	 3421	 4957	 3893
1	 3893	 3583	 3516	 4957
1	 4891	 3421	 2629	 4788
1	 4334	 2622	 4436	 4800
1	 90	 72	 4725	 84
1	 3096	 3768	 1467	 1802
1	 4401	 4665	 4891	 3191
1	 4789	 4401	 4891	 4900
1	 4789	 4891	 3893	 4900
1	 804	 832	 3010	 718
1	 804	 3010	 703	 718
1	 3010	 703	 718	 861
1	 4811	 3240	 4791	 1702
1	 4791	 1774	 1702	 3240
1	 3802	 319	 3074	 410
1	 3802	 3074	 3318	 410
1	 3984	 2392	 4315	 4312
1	 3984	 2392	 4312	 2299
1	 4312	 3984	 2299	 4130
1	 786	 785	 3134	 3356
1	 3226	 4652	 3643	 3369
1	 418	 3081	 4543	 427
1	 4198	 2309	 4095	 3243
1	 2703	 3298	 2717	 4813
1	 3769	 3759	 3626	 3433
1	 4307	 3769	 3433	 3759
1	 3433	 3668	 4307	 3759
1	 3984	 4825	 4705	 2252
1	 2252	 3984	 2199	 4705
1	 4416	 4414	 3599	 3473
1	 3473	 3178	 3574	 4416
1	 2991	 2974	 3296	 4473
1	 3296	 2974	 4338	 4473
1	 4473	 3230	 3109	 2974
1	 3109	 4473	 2991	 4875
1	 4875	 2991	 3109	 2715
1	 2987	 2974	 2991	 3109
1	 4473	 2991	 4875	 3296
1	 3565	 4486	 138	 176
1	 3262	 138	 4486	 191
1	 3262	 138	 4482	 4486
1	 3030	 332	 3324	 3323
1	 4892	 109	 4506	 4502
1	 4892	 102	 109	 4575
1	 4502	 4892	 4575	 239
1	 4401	 4891	 4900	 3191
1	 4891	 4900	 3191	 3421
1	 4900	 3504	 3191	 3421
1	 3589	 3893	 3516	 4900
1	 3893	 4891	 3421	 4900
1	 3473	 3055	 2649	 4414
1	 2702	 2649	 4414	 2654
1	 4414	 2654	 2649	 4416
1	 2649	 2654	 3178	 4416
1	 4853	 4846	 4851	 3105
1	 3236	 4851	 333	 3105
1	 3569	 3521	 3455	 491
1	 2174	 4006	 4029	 2292
1	 4543	 4542	 3543	 3081
1	 3801	 4755	 3645	 3566
1	 3645	 3566	 3829	 3801
1	 3791	 4755	 3801	 3566
1	 3829	 3566	 3791	 3801
1	 1138	 1062	 3027	 4822
1	 3091	 3072	 2616	 3186
1	 2645	 3898	 3091	 2616
1	 3625	 3186	 3072	 3091
1	 3186	 3072	 2616	 2725
1	 3589	 3186	 2616	 4842
1	 2480	 2468	 2486	 3054
1	 3030	 3160	 332	 3234
1	 3234	 3030	 3160	 236
1	 3160	 3251	 193	 3030
1	 332	 3030	 3234	 3323
1	 3030	 3234	 3323	 3059
1	 3234	 3323	 4872	 332
1	 3160	 3234	 236	 339
1	 934	 943	 3075	 3078
1	 943	 3075	 3078	 1024
1	 3410	 3124	 2581	 3469
1	 3448	 3469	 4416	 3124
1	 4415	 3469	 2581	 3124
1	 1192	 3407	 4822	 1139
1	 1138	 4822	 3407	 1062
1	 1062	 1138	 3136	 3407
1	 3407	 3136	 1062	 1139
1	 1095	 4700	 1139	 1062
1	 3092	 1221	 1154	 1024
1	 3532	 3529	 3678	 2267
1	 3404	 2267	 2255	 3529
1	 3529	 2267	 3480	 3404
1	 4120	 2212	 2126	 3173
1	 3322	 3552	 433	 3114
1	 656	 635	 4836	 652
1	 3721	 4453	 3725	 2327
1	 3725	 4453	 2321	 2327
1	 289	 4711	 3041	 4981
1	 4890	 289	 4730	 3063
1	 4730	 303	 3063	 289
1	 4890	 4981	 216	 8
1	 4780	 3916	 4813	 4222
1	 4222	 4780	 3910	 3861
1	 4220	 2851	 2858	 4813
1	 4813	 4204	 2851	 4458
1	 4458	 4381	 4813	 4204
1	 4381	 4813	 4204	 4780
1	 1944	 3094	 3177	 1799
1	 3808	 3715	 3094	 3177
1	 2624	 2625	 2691	 3249
1	 1039	 3175	 4698	 3413
1	 3413	 853	 3093	 1039
1	 4895	 884	 897	 3413
1	 4196	 2497	 4303	 4298
1	 4851	 3236	 4853	 3105
1	 4809	 4780	 3923	 3916
1	 4127	 3923	 3916	 4809
1	 4813	 4127	 3916	 4809
1	 4869	 84	 90	 4725
1	 91	 242	 4554	 72
1	 4665	 2510	 2560	 3009
1	 4833	 327	 408	 4860
1	 3413	 3184	 1010	 1073
1	 1010	 1073	 4698	 3413
1	 2545	 2619	 2625	 4902
1	 4878	 3147	 4902	 5017
1	 4902	 4878	 2449	 2512
1	 586	 4888	 601	 4760
1	 4888	 601	 4760	 656
1	 4888	 601	 656	 4836
1	 601	 656	 4836	 652
1	 2946	 2949	 4800	 4828
1	 2946	 2949	 4828	 4689
1	 4334	 2928	 4062	 4828
1	 4828	 2946	 4689	 3575
1	 2949	 4334	 4800	 4828
1	 4800	 2946	 4828	 3575
1	 4334	 4800	 4828	 2636
1	 4828	 4800	 3575	 2636
1	 3575	 4828	 2636	 3505
1	 4161	 3582	 3505	 4474
1	 2636	 3420	 4800	 3575
1	 4828	 2636	 3505	 2611
1	 4161	 2611	 4828	 3505
1	 4161	 3505	 2606	 2611
1	 4327	 4062	 2928	 4203
1	 2949	 2928	 4327	 4334
1	 2949	 2928	 4334	 4828
1	 4327	 2928	 4062	 4334
1	 4828	 4689	 2949	 2928
1	 4700	 1062	 1095	 4648
1	 1062	 4648	 4935	 1095
1	 4165	 4052	 3697	 2413
1	 3867	 2421	 2413	 4052
1	 4747	 2656	 3099	 2579
1	 3165	 968	 3320	 3169
1	 1059	 3320	 968	 3169
1	 3320	 3165	 3169	 1019
1	 3165	 3169	 1019	 1058
1	 3049	 471	 4687	 452
1	 955	 996	 3206	 894
1	 894	 955	 956	 3216
1	 2419	 4885	 2273	 3383
1	 4885	 2273	 3383	 3860
1	 3722	 3383	 2273	 3860
1	 1070	 3303	 1039	 3175
1	 1070	 3209	 3303	 3175
1	 3303	 1039	 3175	 4698
1	 3303	 3209	 4698	 3175
1	 3303	 1160	 1039	 4815
1	 3680	 1797	 3679	 2019
1	 4664	 4401	 2578	 3191
1	 4665	 2510	 3009	 3191
1	 961	 3066	 800	 780
1	 3066	 780	 849	 701
1	 4627	 3572	 491	 3455
1	 3456	 3455	 4627	 3569
1	 3455	 3569	 491	 4627
1	 3413	 3381	 3175	 1010
1	 4845	 836	 936	 959
1	 959	 4845	 3381	 3175
1	 959	 3381	 4845	 836
1	 1010	 959	 3175	 3209
1	 1143	 995	 3216	 1083
1	 1083	 3216	 1008	 995
1	 1030	 1170	 3101	 1245
1	 3027	 1149	 1138	 1229
1	 3027	 1176	 4822	 1162
1	 4280	 4260	 4258	 2568
1	 4280	 2568	 4985	 4260
1	 895	 3100	 935	 3010
1	 2031	 4000	 3415	 4746
1	 3430	 2286	 3242	 4952
1	 3430	 3744	 2099	 3716
1	 3075	 3064	 934	 3078
1	 3064	 934	 3078	 996
1	 996	 3064	 3206	 3078
1	 3120	 4988	 604	 3292
1	 3292	 3256	 604	 680
1	 738	 762	 718	 861
1	 4903	 4904	 3089	 4822
1	 3089	 4903	 4822	 1162
1	 1176	 3089	 4822	 1162
1	 4903	 1162	 3089	 1296
1	 4699	 2306	 3804	 2435
1	 1451	 3005	 1324	 3406
1	 3005	 1324	 3406	 3377
1	 3377	 1279	 3207	 3406
1	 3377	 1517	 1324	 3047
1	 2103	 1910	 2002	 4765
1	 1778	 4765	 2002	 1910
1	 4853	 3105	 3236	 4819
1	 300	 4853	 3105	 4846
1	 3310	 1886	 4715	 1825
1	 3489	 3379	 4952	 3430
1	 3092	 3064	 1221	 3075
1	 1208	 1235	 3075	 1221
1	 3075	 3064	 3078	 3092
1	 4780	 3923	 3298	 4809
1	 4780	 4809	 4813	 3916
1	 4381	 4780	 3298	 4813
1	 3298	 4780	 4809	 4813
1	 2692	 4809	 4996	 4813
1	 2603	 2602	 2692	 3298
1	 884	 4895	 3165	 4808
1	 4895	 3165	 4808	 1058
1	 4895	 3165	 1058	 3145
1	 3234	 181	 339	 4872
1	 785	 3356	 888	 3134
1	 636	 586	 4760	 640
1	 586	 4888	 4760	 640
1	 4760	 627	 640	 4888
1	 4888	 640	 586	 4889
1	 884	 3413	 4808	 3382
1	 2645	 3898	 4311	 3091
1	 4872	 354	 339	 332
1	 4872	 3234	 332	 339
1	 4095	 3712	 2384	 3713
1	 374	 411	 3160	 451
1	 382	 451	 411	 448
1	 4827	 497	 3107	 429
1	 806	 895	 3010	 3100
1	 3573	 3464	 2878	 3633
1	 3573	 4388	 3633	 2878
1	 4737	 3317	 3291	 2208
1	 2415	 2469	 3143	 4271
1	 2415	 3143	 3724	 4271
1	 2469	 3143	 4271	 3713
1	 4095	 2469	 3713	 2384
1	 3712	 2276	 4095	 2384
1	 3713	 2469	 3143	 2384
1	 4095	 2276	 2309	 2384
1	 2276	 2203	 2309	 4930
1	 3143	 3712	 2384	 2276
1	 3184	 4808	 1073	 3413
1	 3382	 3116	 3184	 4808
1	 3413	 884	 4808	 4895
1	 4808	 1073	 3413	 4895
1	 1073	 3413	 4895	 4698
1	 4895	 4815	 4698	 3413
1	 517	 3446	 429	 3049
1	 3107	 3033	 517	 497
1	 497	 429	 3049	 517
1	 3049	 4827	 4860	 429
1	 3049	 4827	 429	 497
1	 4687	 452	 3446	 3049
1	 3446	 3166	 3049	 3033
1	 4820	 3033	 530	 517
1	 517	 3446	 3049	 3033
1	 4860	 3049	 429	 3446
1	 4860	 3446	 429	 408
1	 4860	 3049	 3446	 401
1	 4813	 3082	 2731	 2703
1	 4813	 3298	 4381	 3082
1	 4381	 4380	 3082	 3298
1	 3165	 884	 4808	 3116
1	 2519	 4741	 4743	 4268
1	 2519	 4741	 4268	 4271
1	 2415	 4741	 4271	 5016
1	 3092	 3075	 1221	 1024
1	 1208	 1024	 1124	 1221
1	 4813	 2837	 2853	 2843
1	 4809	 2843	 2837	 4813
1	 3873	 4110	 4111	 3874
1	 811	 3116	 3165	 3057
1	 3709	 3690	 3860	 4899
1	 3860	 2337	 4899	 3690
1	 3092	 986	 3064	 3078
1	 3206	 3064	 986	 3078
1	 1012	 1024	 4704	 1124
1	 3433	 3668	 3434	 4307
1	 4196	 3668	 4307	 4190
1	 811	 3165	 3320	 3057
1	 2519	 4268	 4743	 4260
1	 4260	 4985	 4475	 4743
1	 861	 762	 718	 832
1	 832	 762	 883	 861
1	 396	 476	 3120	 4580
1	 396	 3120	 4572	 4580
1	 1039	 3303	 4815	 4698
1	 401	 378	 3446	 4860
1	 378	 4833	 3446	 4860
1	 452	 401	 3446	 3049
1	 753	 683	 4696	 4845
1	 3330	 735	 683	 4845
1	 683	 808	 4845	 753
1	 3383	 2337	 3860	 2206
1	 4198	 3434	 4190	 4307
1	 1024	 3092	 3075	 3078
1	 2649	 3473	 4414	 4416
1	 2649	 3178	 3473	 4416
1	 4704	 1124	 1024	 1154
1	 4704	 3092	 1024	 3078
1	 4704	 3092	 3078	 986
1	 4732	 3078	 3206	 964
1	 150	 164	 212	 4905
1	 187	 3334	 150	 4905
1	 4905	 3605	 5011	 226
1	 150	 212	 187	 4905
1	 3605	 3652	 212	 4905
1	 212	 3652	 187	 4905
1	 3031	 3605	 4905	 3647
1	 3424	 3606	 3658	 3647
1	 4901	 4870	 3652	 187
1	 4905	 187	 3334	 4901
1	 3647	 3606	 3605	 3424
1	 4905	 4901	 3652	 187
1	 4901	 4870	 3658	 3652
1	 3647	 4901	 3652	 4905
1	 4901	 95	 4870	 187
1	 4901	 3334	 3031	 116
1	 4905	 4901	 3334	 3647
1	 3743	 3658	 3647	 4901
1	 4901	 3031	 3647	 100
1	 276	 194	 229	 4906
1	 276	 229	 347	 4906
1	 4582	 194	 276	 4906
1	 395	 347	 4591	 4906
1	 347	 395	 276	 4906
1	 4582	 4573	 4906	 395
1	 395	 4591	 4573	 4906
1	 4573	 293	 395	 4582
1	 4906	 4582	 194	 4588
1	 4588	 4585	 229	 4906
1	 4585	 4591	 347	 4906
1	 347	 229	 4585	 4906
1	 4573	 4579	 4582	 4906
1	 4573	 4591	 4579	 4906
1	 4906	 4582	 4588	 4583
1	 4585	 4579	 4591	 4906
1	 820	 789	 751	 4907
1	 789	 820	 864	 4907
1	 854	 789	 816	 4907
1	 854	 3121	 4907	 3044
1	 730	 4907	 835	 3121
1	 629	 3217	 4907	 3121
1	 4801	 4802	 3217	 4907
1	 4907	 697	 3159	 751
1	 751	 736	 820	 4907
1	 736	 751	 697	 4907
1	 3217	 4802	 4820	 4907
1	 4834	 4820	 4802	 4907
1	 789	 3159	 4907	 835
1	 789	 4907	 3159	 751
1	 730	 629	 3159	 4907
1	 740	 629	 3121	 3217
1	 4820	 629	 3217	 4907
1	 3159	 629	 4820	 4907
1	 585	 4820	 4907	 3159
1	 3159	 585	 736	 4907
1	 4907	 3159	 697	 736
1	 717	 820	 736	 4907
1	 4801	 4797	 4802	 4907
1	 894	 864	 820	 4907
1	 4801	 4759	 4797	 4907
1	 864	 894	 3044	 4907
1	 3206	 894	 4907	 3044
1	 860	 820	 717	 4907
1	 860	 894	 820	 4907
1	 894	 860	 4759	 4907
1	 617	 4802	 4797	 4907
1	 717	 736	 554	 4907
1	 717	 554	 617	 4907
1	 4802	 554	 617	 4834
1	 4834	 562	 554	 617
1	 717	 705	 860	 4907
1	 4797	 705	 617	 4907
1	 705	 717	 617	 4907
1	 705	 4797	 4759	 4907
1	 860	 705	 4759	 4907
1	 736	 585	 3159	 596
1	 554	 585	 4834	 4907
1	 554	 736	 585	 4907
1	 3033	 3159	 585	 596
1	 4834	 585	 4820	 4907
1	 3206	 3121	 3044	 4907
1	 4801	 3206	 4759	 4907
1	 3206	 4801	 3217	 4907
1	 3121	 3206	 3217	 4907
1	 1066	 1123	 1089	 4908
1	 1089	 1123	 1119	 4908
1	 3075	 1089	 1119	 4908
1	 1089	 3075	 1066	 4908
1	 3211	 1285	 1358	 4908
1	 1119	 3211	 3075	 4908
1	 1123	 1066	 1208	 4908
1	 1066	 3075	 1208	 4908
1	 3211	 1235	 4908	 1358
1	 1235	 3075	 3211	 4908
1	 1208	 1235	 1358	 4908
1	 3075	 1235	 1208	 4908
1	 1134	 1350	 1193	 4909
1	 1281	 1193	 1350	 4909
1	 1281	 1350	 1429	 4909
1	 4909	 1402	 1350	 1429
1	 1134	 1350	 4909	 1272
1	 1824	 1724	 1748	 4910
1	 1824	 1725	 1724	 4910
1	 1824	 3014	 1725	 4910
1	 3077	 1916	 1748	 3014
1	 1725	 1622	 1724	 4910
1	 1622	 1748	 1724	 4910
1	 1622	 3014	 4910	 4371
1	 3014	 1748	 1622	 4910
1	 2169	 2042	 2106	 4911
1	 2169	 2106	 2168	 4911
1	 2169	 2168	 3029	 4911
1	 3015	 2122	 4911	 1970
1	 3029	 2281	 2169	 1970
1	 3015	 2106	 2042	 4911
1	 1970	 2042	 3029	 4911
1	 2104	 2168	 2106	 4911
1	 2168	 2104	 3029	 4911
1	 3015	 2104	 2106	 4911
1	 2122	 2104	 3015	 4911
1	 2104	 2122	 3029	 4911
1	 2085	 2129	 1952	 4912
1	 1953	 2085	 1952	 4912
1	 3200	 2085	 1953	 4912
1	 2129	 2085	 3200	 4912
1	 1952	 3253	 1953	 4912
1	 1952	 2129	 3253	 4912
1	 1953	 3253	 3200	 4912
1	 3253	 2129	 3200	 4912
1	 2147	 3200	 2113	 4886
1	 4886	 2147	 3200	 3858
1	 2130	 4886	 4994	 4913
1	 3631	 4451	 3691	 4886
1	 3858	 3721	 4451	 3691
1	 2196	 2130	 4913	 4886
1	 3858	 2327	 3843	 2196
1	 2327	 2196	 2328	 3843
1	 2273	 2262	 4913	 3843
1	 3691	 3843	 4913	 2196
1	 4886	 2147	 3858	 2196
1	 2130	 1994	 4913	 4994
1	 2196	 4886	 4913	 3691
1	 2147	 2130	 2196	 4886
1	 4994	 4886	 2130	 2113
1	 4886	 2113	 2147	 2130
1	 3858	 3843	 3691	 2196
1	 2196	 3858	 4886	 3691
1	 4913	 2196	 3843	 2262
1	 2328	 3843	 2196	 2262
1	 2262	 2273	 2328	 3843
1	 2262	 2196	 2130	 4913
1	 2230	 3025	 4913	 4658
1	 4658	 2230	 2148	 4913
1	 3025	 2230	 2057	 4658
1	 4913	 4658	 1994	 2148
1	 2148	 2230	 4658	 2057
1	 3691	 3843	 3722	 4913
1	 3722	 3843	 2273	 4913
1	 4913	 3722	 3691	 4655
1	 3025	 4655	 3722	 4913
1	 3722	 3383	 3025	 2230
1	 2230	 2273	 2262	 4913
1	 4913	 3025	 2230	 3722
1	 2148	 2230	 2262	 4913
1	 2148	 2130	 1994	 4913
1	 2262	 2130	 2148	 4913
1	 2378	 2432	 2454	 4914
1	 2454	 2453	 2378	 4914
1	 2378	 3402	 2432	 4914
1	 2331	 2382	 2455	 4914
1	 2378	 2368	 3402	 4914
1	 2378	 2453	 2368	 4914
1	 2435	 2368	 2453	 4914
1	 3040	 4138	 2495	 4914
1	 2435	 2495	 4138	 4914
1	 2435	 2453	 2495	 4914
1	 3040	 2495	 2454	 4914
1	 2454	 2495	 2453	 4914
1	 2435	 4419	 4699	 3402
1	 3402	 4419	 4914	 2435
1	 4138	 4419	 2435	 4914
1	 4372	 4138	 3040	 4914
1	 4419	 4372	 3402	 4914
1	 4419	 4138	 4372	 4914
1	 2454	 2432	 2455	 4914
1	 2515	 2504	 2598	 4915
1	 2556	 2515	 2598	 4915
1	 3224	 2515	 2556	 4915
1	 2598	 3224	 2556	 4915
1	 2365	 2515	 3224	 4915
1	 2515	 2365	 2504	 4915
1	 4348	 3224	 2598	 4915
1	 2504	 2365	 2465	 4915
1	 2598	 2465	 4348	 4915
1	 2598	 2504	 2465	 4915
1	 2465	 2365	 4348	 4915
1	 4348	 2365	 3224	 4915
1	 4481	 2631	 2730	 2732
1	 2631	 2668	 2732	 4481
1	 4480	 4481	 4916	 2668
1	 2704	 2732	 2668	 4916
1	 2704	 2784	 2732	 4916
1	 2730	 2799	 4916	 2732
1	 4916	 2730	 4481	 2813
1	 2730	 4916	 2799	 2813
1	 2813	 2784	 2835	 4916
1	 4481	 2730	 4916	 2732
1	 4480	 4481	 2668	 4144
1	 2813	 4809	 2730	 4481
1	 2835	 2784	 2824	 4916
1	 2826	 2784	 2704	 4916
1	 2826	 2824	 2784	 4916
1	 4438	 4481	 2835	 4916
1	 4438	 2835	 2824	 4916
1	 2824	 2826	 4145	 4916
1	 4145	 4438	 2824	 4916
1	 2704	 3115	 2826	 4916
1	 4145	 2826	 3115	 4916
1	 4480	 3115	 2600	 2704
1	 4916	 2668	 2704	 4480
1	 2668	 2600	 2704	 4480
1	 4480	 4916	 3115	 2704
1	 2600	 3115	 4480	 4144
1	 4916	 4438	 4481	 4480
1	 4916	 4480	 4145	 4438
1	 4480	 4144	 4145	 4438
1	 4481	 4438	 4144	 4480
1	 2722	 2765	 2697	 4917
1	 2697	 2765	 2736	 4917
1	 2722	 2697	 4747	 4917
1	 2697	 2736	 3109	 4917
1	 2722	 3230	 4917	 4747
1	 2765	 2722	 3230	 4917
1	 3109	 2765	 3230	 4917
1	 3109	 2736	 2765	 4917
1	 3109	 2765	 2736	 2756
1	 2726	 2794	 2766	 4918
1	 2794	 2793	 2766	 4918
1	 2793	 2794	 2994	 4918
1	 2793	 2994	 2990	 4918
1	 2990	 2994	 3244	 4918
1	 2994	 2794	 2997	 2698
1	 4835	 2655	 3244	 2994
1	 2734	 2689	 2766	 4479
1	 4479	 2793	 2993	 2990
1	 4479	 2734	 2993	 2793
1	 2793	 2766	 4479	 2734
1	 2726	 2766	 2689	 4918
1	 4479	 2766	 2793	 4918
1	 4918	 2766	 2689	 4479
1	 4918	 3244	 4276	 2655
1	 2794	 2726	 2655	 4918
1	 2690	 2726	 2689	 4918
1	 2655	 2726	 2690	 4918
1	 3244	 4274	 2990	 4918
1	 4918	 2793	 4479	 2990
1	 4918	 4274	 2990	 4479
1	 4274	 4262	 4479	 4918
1	 4262	 4274	 3244	 4918
1	 2655	 2690	 4276	 4918
1	 4276	 4262	 3244	 4918
1	 4918	 2794	 2994	 2655
1	 4420	 3244	 2655	 4276
1	 2690	 2689	 4478	 4918
1	 2689	 4479	 4478	 4918
1	 2690	 4478	 4276	 4918
1	 4262	 4276	 4478	 4918
1	 4478	 4479	 4262	 4918
1	 2831	 2787	 2759	 4919
1	 2787	 2831	 2852	 4919
1	 2848	 2852	 2831	 4919
1	 4919	 2880	 2852	 3004
1	 3004	 2880	 2881	 4919
1	 2852	 2848	 2880	 4919
1	 2760	 3004	 4919	 2787
1	 3004	 2852	 2787	 2788
1	 4919	 2831	 2848	 4471
1	 2759	 2771	 2831	 4919
1	 4471	 4472	 2848	 4919
1	 2848	 2830	 4471	 2831
1	 4472	 4471	 2758	 2771
1	 4919	 2771	 4471	 4472
1	 2705	 2771	 2759	 4919
1	 2759	 2787	 2681	 4919
1	 2759	 2681	 2705	 4919
1	 2681	 4472	 2705	 4919
1	 4472	 2848	 4919	 2881
1	 2787	 2852	 3004	 4919
1	 2760	 4472	 2681	 4919
1	 2787	 2760	 2681	 4919
1	 2778	 2899	 2779	 4920
1	 2899	 2906	 2779	 4920
1	 2906	 3072	 2779	 4920
1	 2778	 2753	 2899	 4920
1	 4920	 3072	 2779	 2725
1	 2725	 2754	 2778	 4920
1	 2753	 2778	 2754	 4920
1	 2906	 3004	 2899	 2880
1	 3072	 2906	 4049	 4920
1	 4049	 2906	 2881	 3004
1	 2906	 2899	 3004	 4920
1	 2881	 2880	 3004	 2906
1	 4920	 2906	 4049	 3004
1	 2719	 2754	 3072	 4920
1	 4049	 4709	 3072	 4920
1	 4709	 4049	 3004	 4920
1	 2719	 2753	 2754	 4920
1	 4709	 2719	 3072	 4920
1	 2788	 2852	 2880	 3004
1	 2753	 2760	 2788	 3004
1	 2753	 2760	 3004	 2719
1	 4920	 4709	 2719	 3004
1	 2753	 3004	 4920	 2719
1	 2816	 3502	 2822	 4921
1	 2816	 2822	 2806	 4921
1	 4993	 2702	 3055	 4921
1	 2767	 2743	 2775	 4921
1	 2775	 2798	 2767	 4921
1	 2806	 2822	 2798	 4921
1	 2798	 2775	 2806	 4921
1	 745	 764	 739	 738
1	 1136	 1155	 1191	 1148
1	 1191	 1251	 1294	 4922
1	 1293	 1191	 1294	 4922
1	 1278	 1251	 1191	 4922
1	 1293	 1226	 1191	 4922
1	 1278	 1191	 1226	 4922
1	 1293	 1294	 1468	 4922
1	 1293	 1302	 1226	 4922
1	 1302	 1278	 1226	 4922
1	 1468	 1302	 1293	 4922
1	 1294	 1251	 1185	 4922
1	 1185	 1251	 1278	 4922
1	 1337	 1278	 1302	 4922
1	 1468	 1337	 1302	 4922
1	 1185	 1278	 1408	 4922
1	 1278	 1337	 1408	 4922
1	 1468	 1294	 3377	 4922
1	 4922	 1468	 1337	 1408
1	 3377	 1408	 1517	 1468
1	 1408	 3377	 1185	 4922
1	 3377	 1294	 1185	 4922
1	 886	 838	 903	 4923
1	 706	 3162	 4732	 4923
1	 945	 847	 3266	 4923
1	 966	 847	 945	 4923
1	 779	 3266	 847	 4923
1	 778	 779	 847	 4923
1	 759	 847	 966	 4923
1	 847	 759	 778	 4923
1	 672	 673	 779	 768
1	 768	 3266	 904	 791
1	 3266	 904	 945	 4923
1	 904	 903	 945	 4923
1	 904	 878	 903	 4923
1	 966	 945	 903	 4923
1	 3162	 966	 4732	 4923
1	 903	 4732	 966	 4923
1	 759	 966	 3162	 4923
1	 903	 838	 4732	 4923
1	 759	 3162	 706	 4923
1	 706	 778	 759	 4923
1	 778	 672	 779	 4923
1	 778	 706	 672	 4923
1	 3266	 768	 4923	 779
1	 672	 638	 754	 4923
1	 3266	 792	 768	 779
1	 638	 614	 672	 687
1	 4923	 672	 779	 768
1	 686	 638	 672	 687
1	 638	 4923	 4986	 754
1	 706	 638	 672	 4923
1	 748	 673	 687	 686
1	 686	 754	 768	 672
1	 3266	 792	 791	 768
1	 779	 673	 792	 768
1	 878	 768	 4923	 904
1	 673	 792	 768	 748
1	 792	 748	 791	 768
1	 904	 3266	 768	 4923
1	 768	 673	 686	 672
1	 638	 657	 754	 4986
1	 754	 878	 768	 4923
1	 886	 878	 754	 4923
1	 878	 886	 903	 4923
1	 838	 886	 754	 4923
1	 1747	 3758	 4978	 4924
1	 1639	 1761	 1747	 4924
1	 1747	 1639	 4924	 4978
1	 1761	 1639	 3284	 4924
1	 1761	 4924	 3677	 1883
1	 3758	 1747	 1883	 4924
1	 1929	 2023	 1899	 4925
1	 2023	 1929	 3710	 4925
1	 3710	 4720	 2023	 4925
1	 4925	 3710	 4720	 4887
1	 4432	 3181	 4429	 1885
1	 1942	 4713	 4429	 4926
1	 4429	 3181	 2022	 1885
1	 4926	 1885	 3077	 4432
1	 3220	 4022	 4713	 4926
1	 4022	 4429	 4713	 4926
1	 4432	 4022	 3220	 4926
1	 4429	 4022	 4432	 4926
1	 1713	 3077	 3220	 4926
1	 1713	 1885	 3077	 4926
1	 3181	 3077	 1885	 4432
1	 4432	 4429	 4926	 1885
1	 3220	 3077	 4432	 4926
1	 1899	 1955	 1870	 4927
1	 1955	 1899	 2023	 4927
1	 4925	 2023	 1899	 4927
1	 4925	 4720	 2023	 4927
1	 2023	 4720	 1955	 4927
1	 4927	 4720	 1955	 4672
1	 4673	 4925	 1899	 4927
1	 1899	 1870	 4673	 4927
1	 4720	 4925	 4673	 4927
1	 4673	 1870	 4672	 4927
1	 2165	 2050	 2000	 4928
1	 2000	 2210	 2165	 4928
1	 2050	 2165	 3423	 4928
1	 2210	 2000	 3745	 4928
1	 4928	 3423	 2050	 1999
1	 1999	 4817	 2000	 4928
1	 3423	 4719	 4928	 4710
1	 4928	 4817	 2000	 3745
1	 3423	 4719	 4817	 4928
1	 2369	 2236	 2237	 4929
1	 2236	 2369	 4306	 4929
1	 4710	 2236	 4306	 4929
1	 4929	 2210	 4719	 4710
1	 2237	 2210	 4710	 2165
1	 4710	 2210	 2237	 4929
1	 3749	 2210	 4719	 4929
1	 4929	 4710	 2236	 2237
1	 4928	 4710	 2210	 2165
1	 2369	 2237	 2210	 4929
1	 2210	 3749	 2369	 4929
1	 4710	 4306	 3839	 4929
1	 4929	 4710	 4719	 3822
1	 3749	 4719	 4305	 4929
1	 4929	 4306	 4305	 4303
1	 4306	 2369	 4303	 4929
1	 4929	 4305	 3749	 4303
1	 4303	 2369	 3749	 4929
1	 2203	 2254	 2309	 2256
1	 2384	 2339	 2256	 4930
1	 2309	 2339	 2384	 4930
1	 2339	 2256	 4930	 2309
1	 2384	 2256	 2336	 4930
1	 2203	 2309	 4930	 2256
1	 2254	 2256	 2339	 2309
1	 2336	 2256	 2203	 4930
1	 3143	 2384	 4930	 2276
1	 2336	 3143	 2384	 4930
1	 2336	 2203	 3143	 4930
1	 3143	 2203	 2276	 4930
1	 2335	 2238	 2245	 4931
1	 2335	 2245	 2287	 4931
1	 2245	 2212	 2287	 4931
1	 2212	 2245	 2238	 4931
1	 3957	 2238	 4931	 3961
1	 3961	 3957	 3948	 4931
1	 2238	 2246	 2269	 3957
1	 3968	 3948	 3957	 4931
1	 3968	 2335	 2287	 4931
1	 4931	 2246	 2238	 3957
1	 3957	 3960	 3968	 4931
1	 3968	 2386	 2335	 2372
1	 2372	 3960	 4931	 3968
1	 2301	 4931	 3960	 3957
1	 2335	 2246	 2238	 4931
1	 3957	 2269	 2301	 2246
1	 2301	 3960	 4931	 2372
1	 2335	 2372	 2246	 4931
1	 2601	 2584	 2638	 4932
1	 2574	 2584	 2601	 4932
1	 2584	 2574	 3147	 4932
1	 2574	 2601	 4747	 4932
1	 2574	 4747	 3147	 4932
1	 3147	 4473	 2584	 4932
1	 2638	 2584	 4473	 4932
1	 3109	 3230	 4473	 4932
1	 3230	 2638	 4932	 3099
1	 3099	 3230	 4747	 4932
1	 4473	 3230	 2638	 4932
1	 4932	 4747	 3147	 3109
1	 749	 643	 707	 4933
1	 741	 681	 4933	 707
1	 681	 707	 643	 4933
1	 4933	 707	 749	 741
1	 749	 707	 747	 741
1	 681	 741	 747	 707
1	 643	 4547	 4933	 781
1	 781	 749	 741	 4933
1	 643	 749	 781	 4933
1	 681	 643	 4547	 4933
1	 681	 4547	 741	 4933
1	 796	 813	 830	 4934
1	 749	 824	 830	 4934
1	 824	 796	 830	 4934
1	 724	 813	 796	 4934
1	 749	 724	 824	 4934
1	 796	 824	 724	 4934
1	 830	 741	 749	 4934
1	 741	 830	 813	 4934
1	 749	 747	 724	 4934
1	 747	 813	 724	 4934
1	 741	 747	 749	 4934
1	 741	 813	 747	 4934
1	 1017	 929	 1037	 4935
1	 1017	 1037	 1036	 4935
1	 1017	 992	 929	 4935
1	 1037	 1095	 1036	 4935
1	 962	 1037	 929	 4935
1	 1095	 1037	 962	 4935
1	 3032	 874	 4997	 4935
1	 874	 929	 992	 4935
1	 3032	 901	 4935	 4649
1	 901	 4646	 4649	 3032
1	 929	 874	 901	 4935
1	 4649	 4648	 901	 4935
1	 4648	 962	 901	 4935
1	 901	 962	 929	 4935
1	 4700	 1095	 962	 4648
1	 4935	 4648	 962	 1095
1	 4649	 3027	 4648	 4935
1	 4649	 3113	 3027	 4935
1	 1062	 4648	 3027	 4935
1	 4822	 1095	 1062	 4935
1	 1062	 3027	 4822	 4935
1	 4935	 4822	 1095	 1036
1	 1036	 4724	 4935	 4822
1	 1162	 3027	 3113	 4935
1	 4822	 3027	 1162	 4935
1	 4822	 1116	 1095	 1036
1	 4935	 1035	 4724	 1036
1	 1162	 4724	 4822	 4935
1	 4724	 1162	 3113	 4935
1	 4903	 4724	 1080	 1116
1	 992	 1035	 3113	 4935
1	 1116	 4724	 1036	 4822
1	 1017	 1036	 1035	 4935
1	 992	 1017	 1035	 4935
1	 1035	 4724	 3113	 4935
1	 4724	 1035	 1080	 1036
1	 1953	 1952	 1757	 4936
1	 3253	 1952	 1953	 4936
1	 1952	 3253	 1993	 4936
1	 4670	 1993	 3253	 4936
1	 1953	 1757	 4671	 4936
1	 4671	 4670	 3253	 4936
1	 3253	 1953	 4671	 4936
1	 1937	 1805	 1758	 4937
1	 1805	 1718	 4937	 1937
1	 1758	 1520	 1618	 1508
1	 1718	 1663	 1805	 4937
1	 1663	 1520	 4937	 1560
1	 1732	 1758	 1520	 4937
1	 1560	 1718	 1732	 4937
1	 4937	 1805	 1758	 1618
1	 3536	 5011	 129	 4938
1	 131	 122	 4938	 129
1	 3536	 198	 131	 129
1	 5011	 3538	 4938	 3536
1	 3031	 3548	 4938	 3538
1	 111	 3548	 4938	 3031
1	 3538	 3031	 5011	 4938
1	 3647	 3031	 3605	 3548
1	 3538	 3536	 3541	 4938
1	 3538	 3541	 3548	 4938
1	 125	 3536	 131	 4938
1	 3541	 3536	 125	 4938
1	 131	 122	 111	 4938
1	 131	 111	 125	 4938
1	 122	 3031	 111	 4938
1	 3541	 125	 111	 4938
1	 4938	 122	 5011	 129
1	 111	 104	 3647	 3031
1	 111	 3541	 3548	 4552
1	 4938	 111	 3541	 3548
1	 3742	 3647	 3548	 111
1	 193	 160	 236	 17
1	 3059	 17	 4939	 193
1	 17	 160	 147	 4939
1	 147	 160	 193	 4939
1	 17	 13	 3059	 4939
1	 17	 147	 13	 4939
1	 193	 3059	 192	 4939
1	 3059	 13	 192	 4939
1	 193	 192	 147	 4939
1	 13	 147	 192	 4939
1	 1222	 1112	 3019	 4940
1	 1190	 1222	 1167	 4940
1	 1112	 1222	 1190	 4940
1	 1075	 1190	 1167	 4940
1	 1112	 1020	 3019	 4940
1	 1190	 1020	 1112	 4940
1	 1075	 1020	 1190	 4940
1	 1167	 1145	 1075	 4940
1	 1020	 1145	 3019	 4940
1	 1020	 1075	 1145	 4940
1	 1167	 1222	 1145	 4940
1	 1145	 1222	 3019	 4940
1	 290	 3041	 3068	 4941
1	 322	 373	 4941	 290
1	 322	 373	 405	 4941
1	 373	 3068	 3327	 4941
1	 3041	 261	 4625	 4941
1	 3327	 4625	 4941	 4626
1	 3068	 3041	 4626	 4941
1	 4941	 4625	 405	 261
1	 3094	 1736	 1773	 4942
1	 3094	 3973	 4942	 1773
1	 1736	 3094	 3810	 4942
1	 3094	 3973	 3974	 4942
1	 1610	 1736	 1563	 4942
1	 4942	 1736	 1563	 3810
1	 4942	 3973	 3974	 1481
1	 1610	 3973	 4942	 1405
1	 1563	 3258	 1610	 4942
1	 4943	 2456	 4009	 4135
1	 4008	 2456	 4135	 4009
1	 2383	 2484	 2456	 4943
1	 2484	 2383	 3062	 4943
1	 4009	 4943	 3018	 3062
1	 3018	 2484	 3062	 4943
1	 4135	 2456	 2476	 4943
1	 2589	 3018	 4134	 2557
1	 2557	 2456	 2484	 4943
1	 2557	 2484	 3018	 4943
1	 2557	 4134	 4135	 3018
1	 2456	 2557	 2476	 4943
1	 1169	 3213	 3131	 4944
1	 1169	 3131	 1262	 4944
1	 1169	 1262	 1186	 4944
1	 1169	 1186	 3213	 4944
1	 3222	 3131	 3213	 4944
1	 3213	 1186	 3222	 4944
1	 1230	 3131	 3222	 1261
1	 1347	 1262	 3131	 4944
1	 1262	 1261	 1186	 4944
1	 1186	 1261	 3222	 4944
1	 4944	 1261	 3222	 3131
1	 1262	 1347	 1261	 4944
1	 191	 231	 250	 3060
1	 3262	 3060	 4945	 231
1	 244	 250	 231	 4945
1	 250	 244	 3060	 4945
1	 4945	 3060	 3262	 4567
1	 219	 231	 3262	 4945
1	 4567	 3060	 244	 4945
1	 219	 244	 231	 4945
1	 3376	 2203	 3110	 4946
1	 2027	 2202	 4946	 2203
1	 4946	 2027	 3110	 1985
1	 3359	 3376	 3110	 4946
1	 3376	 3302	 2202	 4946
1	 3359	 3302	 3376	 4946
1	 2112	 2202	 3302	 4946
1	 2112	 2027	 2202	 4946
1	 3302	 3359	 1975	 4946
1	 1975	 1985	 2027	 4946
1	 1975	 2112	 3302	 4946
1	 2027	 2112	 1975	 4946
1	 1810	 1902	 1942	 4947
1	 1942	 1902	 4713	 4947
1	 4713	 1902	 1841	 4947
1	 4713	 4926	 1942	 4947
1	 4713	 1841	 3220	 4947
1	 3220	 4926	 4713	 4947
1	 1942	 4926	 1885	 4947
1	 1885	 1810	 1942	 4947
1	 1713	 4926	 3220	 4947
1	 1885	 4926	 1713	 4947
1	 1810	 1885	 1713	 4947
1	 1841	 1701	 1622	 1713
1	 1713	 1701	 4947	 1841
1	 1701	 1810	 1713	 4947
1	 1902	 1735	 1841	 4947
1	 1810	 1735	 1902	 4947
1	 1735	 1701	 1841	 4947
1	 1810	 1701	 1735	 4947
1	 3522	 2400	 3309	 2251
1	 2251	 2323	 4948	 2400
1	 3522	 4948	 2400	 2251
1	 3499	 3309	 2251	 3522
1	 2163	 2251	 2323	 4948
1	 2163	 3499	 2251	 4948
1	 2163	 3366	 4948	 2307
1	 3522	 3366	 2323	 4948
1	 3366	 3499	 2163	 4948
1	 3499	 3366	 3522	 4948
1	 2490	 4738	 2364	 4949
1	 4738	 3232	 2364	 4949
1	 2407	 2490	 2364	 4949
1	 2407	 2364	 3232	 4949
1	 4740	 4738	 2490	 4949
1	 3232	 4738	 4740	 4949
1	 4740	 2490	 2407	 4949
1	 2407	 3232	 4740	 4949
1	 3080	 1042	 4950	 1127
1	 3080	 1042	 3295	 4950
1	 3320	 1032	 1019	 4950
1	 3295	 1032	 3320	 4950
1	 1019	 1032	 1042	 4950
1	 3295	 1042	 1032	 4950
1	 3320	 1059	 3295	 4950
1	 3080	 3295	 1059	 4950
1	 1019	 3169	 3320	 4950
1	 3169	 1127	 3080	 4950
1	 3169	 1059	 3320	 4950
1	 1059	 3169	 3080	 4950
1	 644	 714	 693	 4951
1	 644	 693	 3102	 4951
1	 714	 599	 4748	 4951
1	 599	 3102	 4748	 4951
1	 714	 644	 599	 4951
1	 644	 3102	 599	 4951
1	 713	 3102	 693	 4951
1	 4748	 3102	 713	 4951
1	 793	 714	 4748	 4951
1	 793	 693	 714	 4951
1	 713	 793	 4748	 4951
1	 693	 793	 713	 4951
1	 3428	 3342	 2202	 4952
1	 3379	 3342	 3428	 4952
1	 2099	 3489	 4952	 3430
1	 3379	 3428	 3489	 4952
1	 4952	 3428	 3489	 2112
1	 3428	 2202	 2112	 4952
1	 3242	 3379	 3430	 4952
1	 3242	 2202	 3342	 4952
1	 3342	 3379	 3242	 4952
1	 4952	 2202	 2099	 2286
1	 2024	 3278	 3339	 4953
1	 3278	 2024	 2049	 4953
1	 2049	 3148	 3278	 4953
1	 1982	 2024	 3339	 4953
1	 1982	 2049	 2024	 4953
1	 1982	 3148	 2049	 4953
1	 3278	 1966	 3339	 4953
1	 3148	 1966	 3278	 4953
1	 1982	 1727	 3148	 4953
1	 3339	 1727	 1982	 4953
1	 3339	 1966	 1727	 4953
1	 1966	 3148	 1727	 4953
1	 3268	 3270	 3392	 4954
1	 3270	 4564	 3392	 4954
1	 3270	 4564	 4954	 4563
1	 3268	 3270	 4954	 674
1	 4562	 3270	 647	 4954
1	 3268	 3373	 647	 4954
1	 3373	 3268	 3392	 4954
1	 4562	 3373	 4954	 647
1	 3373	 3392	 4564	 4954
1	 3136	 3371	 3164	 4955
1	 3371	 3136	 3407	 4955
1	 1366	 3164	 3371	 4955
1	 1214	 1263	 4955	 1366
1	 3371	 3407	 1263	 4955
1	 1139	 3407	 3136	 4955
1	 3164	 4700	 3136	 4955
1	 1214	 4700	 3164	 4955
1	 1263	 3407	 1139	 4955
1	 1263	 1139	 1214	 4955
1	 4700	 1139	 3136	 4955
1	 1214	 1139	 4700	 4955
1	 3410	 2398	 2516	 4956
1	 3477	 3410	 2516	 4956
1	 2398	 3204	 2307	 2323
1	 3522	 3366	 3477	 4956
1	 3204	 4956	 2323	 2398
1	 3366	 3410	 3477	 4956
1	 2350	 2398	 2323	 4956
1	 2516	 2398	 2350	 4956
1	 2400	 3477	 4956	 3522
1	 4956	 2350	 2516	 2505
1	 4956	 3178	 2505	 2516
1	 2323	 2400	 2350	 4956
1	 3582	 4162	 4957	 3583
1	 3731	 3580	 3583	 3582
1	 3580	 3516	 3583	 4957
1	 3578	 3503	 3516	 4957
1	 3582	 4162	 3505	 4957
1	 3893	 3516	 3421	 4957
1	 3505	 4162	 3421	 4957
1	 4957	 3583	 4162	 3893
1	 3503	 3582	 3505	 4957
1	 4957	 3582	 3580	 3578
1	 3503	 3421	 3516	 4957
1	 3421	 3503	 3505	 4957
1	 3618	 3479	 3452	 4351
1	 2630	 4351	 4958	 3452
1	 2678	 3452	 2630	 4958
1	 4958	 3452	 3618	 4345
1	 3576	 3452	 2678	 4958
1	 4958	 4351	 2630	 4352
1	 2556	 2678	 2630	 4958
1	 4352	 4351	 4347	 4958
1	 3618	 3617	 4345	 3452
1	 4345	 4351	 3618	 4958
1	 4347	 4345	 3576	 4958
1	 4345	 4347	 4351	 4958
1	 4343	 3576	 2678	 4958
1	 4343	 4347	 3576	 4958
1	 4343	 2556	 4347	 4958
1	 4343	 2678	 2556	 4958
1	 3514	 3513	 3485	 4959
1	 3514	 3845	 4959	 3485
1	 3513	 3514	 3752	 4959
1	 3845	 3752	 3514	 4959
1	 3624	 3757	 3845	 4959
1	 3624	 3513	 3757	 4959
1	 3513	 3757	 4959	 3716
1	 3757	 3752	 3845	 4959
1	 3701	 3567	 4960	 3692
1	 3509	 3692	 3661	 4960
1	 3567	 3507	 3629	 4960
1	 3659	 3511	 3509	 4960
1	 3669	 3661	 3692	 4960
1	 3629	 3511	 3630	 4960
1	 3630	 3511	 3665	 3659
1	 3662	 3661	 4960	 3659
1	 3509	 3567	 3692	 4960
1	 3630	 3667	 3629	 4960
1	 3630	 3662	 3667	 4960
1	 3629	 3667	 3739	 4960
1	 3667	 3692	 4960	 3669
1	 3692	 3739	 3667	 4960
1	 4175	 3510	 4443	 4961
1	 4443	 3695	 4440	 4961
1	 3695	 4441	 4440	 4961
1	 4443	 4440	 4175	 4961
1	 4175	 3661	 3510	 4961
1	 4440	 4056	 4175	 4961
1	 4059	 4440	 4441	 4961
1	 4059	 4056	 4440	 4961
1	 4058	 4059	 3699	 4961
1	 3699	 3692	 4058	 4961
1	 4058	 4056	 4059	 4961
1	 3699	 4059	 3698	 4961
1	 4059	 4441	 3698	 4961
1	 4961	 3695	 4441	 3694
1	 4058	 3800	 4056	 4961
1	 4961	 3800	 3714	 3669
1	 3800	 4058	 3692	 4961
1	 4175	 3714	 3661	 4961
1	 3714	 4175	 4056	 4961
1	 3800	 3714	 4056	 4961
1	 3692	 3661	 3669	 4961
1	 3509	 3510	 3661	 4961
1	 3692	 3509	 3661	 4961
1	 3567	 3692	 3699	 4961
1	 3567	 3509	 3692	 4961
1	 3698	 3694	 3699	 4961
1	 3694	 3567	 3699	 4961
1	 3698	 3697	 3694	 4441
1	 3508	 3694	 3695	 4961
1	 3510	 3508	 4443	 4961
1	 3508	 3695	 4443	 4961
1	 3509	 3508	 3510	 4961
1	 3508	 3567	 3694	 4961
1	 3508	 3509	 3567	 4961
1	 3719	 4643	 4962	 3634
1	 3719	 3157	 4962	 4643
1	 3719	 4645	 3634	 4962
1	 3719	 3157	 4645	 4962
1	 3157	 676	 625	 4962
1	 676	 3634	 594	 4962
1	 4962	 3157	 4645	 625
1	 3634	 4645	 594	 4962
1	 2121	 2240	 2105	 4963
1	 4963	 2240	 2105	 4974
1	 3210	 1963	 2105	 3746
1	 2121	 2105	 1976	 4963
1	 1976	 3746	 4963	 2105
1	 3746	 3210	 3640	 4963
1	 3746	 3747	 1976	 4963
1	 3746	 3640	 3747	 4963
1	 3640	 3527	 3528	 4963
1	 3747	 3640	 3528	 4963
1	 3487	 3462	 3527	 4963
1	 3527	 3462	 3528	 4963
1	 3359	 1976	 3747	 4963
1	 3747	 3528	 3359	 4963
1	 3528	 3462	 3359	 4963
1	 2121	 1976	 2062	 4963
1	 3359	 2062	 1976	 4963
1	 2278	 2240	 2121	 4963
1	 4974	 2240	 3690	 4963
1	 2062	 2145	 2121	 4963
1	 2278	 2121	 2145	 4963
1	 3302	 2062	 3359	 4963
1	 2145	 2062	 3302	 4963
1	 3462	 3376	 3359	 4963
1	 3302	 3359	 3376	 4963
1	 3422	 3462	 3487	 4963
1	 3422	 3376	 3462	 4963
1	 3422	 3487	 2278	 4963
1	 2145	 3358	 2278	 4963
1	 3358	 3422	 2278	 4963
1	 2145	 3302	 3358	 4963
1	 3358	 3376	 3422	 4963
1	 3358	 3302	 3376	 4963
1	 3776	 2305	 3603	 4964
1	 2322	 2305	 3776	 4964
1	 2140	 2282	 3603	 4964
1	 2140	 2322	 2282	 4964
1	 2140	 3603	 2305	 4964
1	 2140	 2305	 2322	 4964
1	 3730	 3603	 2282	 4964
1	 3603	 3730	 3776	 4964
1	 4964	 2282	 3730	 2322
1	 3776	 2357	 2322	 3730
1	 4964	 3776	 2322	 3730
1	 3730	 2282	 2357	 2322
1	 3906	 3902	 4965	 3899
1	 3920	 3900	 3899	 3902
1	 3920	 3900	 3901	 3899
1	 3919	 3899	 4965	 3920
1	 3906	 3904	 3915	 3899
1	 3899	 3918	 4965	 3906
1	 3908	 3906	 3902	 4965
1	 3920	 3908	 3902	 4965
1	 3919	 3917	 3920	 4965
1	 3899	 4965	 3918	 3919
1	 3920	 3917	 3908	 4965
1	 3907	 3917	 3918	 4965
1	 3918	 3830	 3817	 4966
1	 3918	 3933	 4966	 3817
1	 3918	 3929	 3830	 4966
1	 3929	 3918	 3933	 4966
1	 3838	 3933	 3827	 4966
1	 3838	 3827	 3830	 4966
1	 3830	 3929	 3838	 4966
1	 3929	 3933	 3838	 4966
1	 4316	 3895	 3341	 4967
1	 3879	 3894	 3896	 4967
1	 4967	 3896	 3341	 4401
1	 4398	 4316	 3341	 4967
1	 3882	 4397	 4967	 3895
1	 4397	 4316	 4398	 4967
1	 4967	 3894	 4400	 3882
1	 3882	 3895	 4967	 3879
1	 3896	 4400	 4401	 4967
1	 4397	 4398	 4400	 4967
1	 4400	 3896	 3894	 4967
1	 3882	 4028	 3894	 4400
1	 4113	 3833	 3313	 4968
1	 4113	 3313	 4170	 4968
1	 4047	 3836	 4968	 3835
1	 3836	 3833	 4113	 4968
1	 3835	 3313	 3833	 4968
1	 4839	 3836	 4113	 4968
1	 3836	 4839	 4047	 4968
1	 4170	 3313	 4046	 4968
1	 3313	 4047	 4046	 4968
1	 4968	 4839	 4047	 4046
1	 4113	 1872	 4839	 4968
1	 1872	 4113	 4170	 4968
1	 4046	 1872	 4170	 4968
1	 3808	 1872	 4046	 4839
1	 3924	 4139	 3967	 4969
1	 4139	 4202	 3967	 4969
1	 3820	 3967	 4202	 4969
1	 4202	 4139	 4201	 4969
1	 3924	 3901	 4139	 4969
1	 4969	 4202	 3820	 4201
1	 4969	 3901	 3820	 3899
1	 3919	 3924	 3967	 4969
1	 3899	 3919	 3967	 4969
1	 3919	 3901	 3924	 4969
1	 4239	 4245	 4226	 4970
1	 4226	 4245	 4243	 4970
1	 4242	 4243	 4245	 4970
1	 4239	 4242	 4245	 4970
1	 4237	 4226	 4243	 4970
1	 4242	 4237	 4243	 4970
1	 4233	 4239	 4226	 4970
1	 4233	 4226	 4237	 4970
1	 4239	 4197	 4242	 4970
1	 4197	 4237	 4242	 4970
1	 4233	 4197	 4239	 4970
1	 4233	 4237	 4197	 4970
1	 4241	 4240	 4197	 4971
1	 4240	 4297	 4971	 4241
1	 4197	 4242	 4971	 4239
1	 4206	 4240	 4297	 4228
1	 4971	 4197	 4196	 4242
1	 4298	 4228	 4297	 4299
1	 4229	 4239	 4240	 4971
1	 4229	 4228	 4299	 4971
1	 4304	 4196	 4297	 4972
1	 4298	 4230	 4304	 4297
1	 4304	 4297	 4196	 4298
1	 4297	 3765	 3785	 4972
1	 4241	 4297	 4196	 4972
1	 4241	 3765	 4297	 4972
1	 3785	 3759	 4304	 4972
1	 3765	 3759	 3785	 4972
1	 4241	 4196	 3668	 4972
1	 3668	 3759	 3765	 4972
1	 3750	 3668	 3765	 4241
1	 4241	 3668	 4196	 4192
1	 4304	 4307	 4196	 4972
1	 4307	 4304	 3759	 4972
1	 3668	 4196	 4307	 4972
1	 3668	 4307	 3759	 4972
1	 4324	 4177	 4973	 4182
1	 4185	 4186	 4324	 4973
1	 4179	 4973	 4176	 4180
1	 4180	 4182	 4973	 4063
1	 4324	 4973	 4177	 4185
1	 4185	 4176	 4186	 4973
1	 4444	 4180	 4973	 4179
1	 4182	 4327	 4444	 4326
1	 4182	 4444	 4180	 4973
1	 4326	 4973	 4444	 4182
1	 3722	 2090	 4974	 3210
1	 3691	 3722	 3210	 4462
1	 2105	 3210	 4963	 4974
1	 3210	 3722	 3691	 4974
1	 3527	 3691	 4974	 3210
1	 2090	 2240	 4974	 2105
1	 2206	 2090	 2240	 4974
1	 4974	 2090	 3722	 2206
1	 3487	 2278	 4963	 3690
1	 3690	 3487	 4974	 4963
1	 4963	 3210	 3640	 3527
1	 3487	 4963	 3527	 4974
1	 3722	 2090	 3210	 4655
1	 3691	 3527	 3640	 3210
1	 3210	 4963	 4974	 3527
1	 3860	 3641	 3722	 4974
1	 3641	 3691	 3722	 4974
1	 3487	 3641	 3690	 4974
1	 3641	 3527	 3691	 4974
1	 3487	 3527	 3641	 4974
1	 625	 594	 557	 4975
1	 625	 4645	 594	 4975
1	 557	 3133	 662	 4975
1	 4645	 662	 3133	 4975
1	 557	 662	 625	 4975
1	 4645	 625	 662	 4975
1	 3133	 557	 535	 4975
1	 535	 557	 594	 4975
1	 3133	 4537	 4645	 4975
1	 4537	 594	 4645	 4975
1	 535	 4537	 3133	 4975
1	 535	 594	 4537	 4975
1	 4696	 790	 3381	 4976
1	 3277	 3453	 3416	 4976
1	 3277	 790	 700	 4976
1	 3453	 3454	 4976	 3294
1	 790	 692	 700	 4976
1	 3294	 3277	 700	 4976
1	 3454	 700	 692	 4976
1	 3277	 790	 4976	 3381
1	 692	 790	 4696	 4976
1	 3011	 692	 4696	 4976
1	 3416	 3011	 4976	 3453
1	 3011	 3454	 692	 4976
1	 3453	 3454	 3011	 4976
1	 4711	 4624	 3172	 4977
1	 4890	 4711	 3172	 4977
1	 19	 4890	 3172	 4977
1	 4711	 4894	 4624	 4977
1	 19	 35	 61	 4893
1	 4977	 4890	 4711	 4893
1	 4977	 19	 4890	 4893
1	 35	 4616	 4894	 4977
1	 4616	 4624	 4894	 4977
1	 35	 19	 15	 4977
1	 15	 19	 3172	 4977
1	 35	 4616	 4977	 30
1	 4977	 4624	 3172	 4623
1	 4623	 4616	 15	 4977
1	 3754	 3284	 3805	 4978
1	 3755	 1699	 3045	 4978
1	 3756	 3754	 3805	 4978
1	 3805	 4978	 1481	 3756
1	 3755	 3754	 3756	 4978
1	 3284	 1639	 3805	 4978
1	 3805	 1481	 4978	 1639
1	 1482	 1481	 1699	 3755
1	 4978	 1699	 3045	 1747
1	 1699	 1639	 1747	 4978
1	 3284	 4924	 1639	 4978
1	 1747	 4978	 3758	 3045
1	 3758	 4924	 3284	 4978
1	 3996	 2174	 4029	 4979
1	 2081	 2174	 3996	 4979
1	 2049	 2174	 2081	 4979
1	 3996	 1856	 2081	 3997
1	 2024	 2049	 2081	 4979
1	 3278	 4029	 4979	 3997
1	 2024	 3278	 2049	 4979
1	 3278	 2024	 3997	 4979
1	 2174	 2151	 4029	 4979
1	 2174	 2049	 2151	 4979
1	 2151	 3278	 4029	 4979
1	 2151	 2049	 3278	 4979
1	 1102	 4734	 1260	 4735
1	 1050	 1028	 1169	 4735
1	 3213	 4734	 4735	 1260
1	 1621	 1619	 4980	 1744
1	 4746	 1744	 4092	 1797
1	 1744	 1797	 4746	 4980
1	 1710	 1837	 4980	 1925
1	 1621	 1794	 1797	 4980
1	 1797	 2019	 3415	 4980
1	 3415	 4980	 1925	 4746
1	 1794	 2019	 1797	 4980
1	 1837	 2019	 1794	 4980
1	 1619	 4746	 4980	 1744
1	 1744	 1621	 1797	 4980
1	 1619	 1794	 1621	 4980
1	 3415	 1925	 4980	 2019
1	 1710	 1837	 1794	 4980
1	 4746	 1710	 1619	 4980
1	 1710	 1794	 1619	 4980
1	 4890	 4711	 289	 4981
1	 4981	 3172	 3041	 223
1	 4890	 8	 3172	 4981
1	 3172	 189	 223	 4981
1	 8	 189	 3172	 4981
1	 3041	 3172	 4981	 4711
1	 216	 3063	 289	 4890
1	 216	 4981	 4890	 289
1	 289	 3041	 240	 4981
1	 289	 240	 185	 4981
1	 4790	 3875	 4788	 4982
1	 4790	 2421	 4982	 4788
1	 3869	 3867	 2421	 4982
1	 3867	 2402	 2421	 3874
1	 3875	 4790	 2444	 4982
1	 2421	 2444	 4790	 4982
1	 3869	 3866	 3867	 4982
1	 3870	 3869	 3875	 4982
1	 3874	 2444	 4982	 4356
1	 3874	 3867	 4982	 2421
1	 3866	 3874	 3867	 4982
1	 3874	 3866	 4356	 4982
1	 3547	 3553	 3321	 4983
1	 3547	 4787	 3553	 4983
1	 3546	 3547	 3321	 3549
1	 4983	 3547	 4787	 3542
1	 481	 466	 538	 4983
1	 3689	 3542	 3549	 4983
1	 481	 3553	 4787	 4983
1	 481	 4787	 3689	 4983
1	 4983	 538	 521	 466
1	 4983	 3689	 481	 403
1	 76	 91	 4761	 4984
1	 4761	 91	 4555	 4984
1	 4555	 106	 4508	 4984
1	 76	 97	 91	 4984
1	 4688	 4761	 4984	 172
1	 4984	 4555	 4761	 4776
1	 4688	 97	 93	 4984
1	 4984	 4508	 4688	 106
1	 4260	 2568	 4985	 2481
1	 4260	 2519	 2568	 2481
1	 4743	 2481	 2519	 4260
1	 4475	 4280	 4285	 4985
1	 2573	 4285	 4985	 2520
1	 4285	 4743	 4475	 4985
1	 4475	 4260	 4280	 4985
1	 2481	 4743	 4985	 4260
1	 4743	 2520	 2481	 4985
1	 4285	 4280	 2573	 4985
1	 2568	 2481	 2573	 4985
1	 4280	 2568	 2573	 4985
1	 4923	 706	 638	 4986
1	 754	 638	 672	 686
1	 638	 706	 609	 4986
1	 638	 754	 657	 686
1	 687	 673	 614	 672
1	 609	 598	 638	 3111
1	 838	 4923	 754	 4986
1	 657	 3111	 4986	 638
1	 706	 665	 609	 4986
1	 3111	 609	 665	 4986
1	 665	 4798	 3111	 4986
1	 3111	 758	 657	 4986
1	 657	 758	 754	 4986
1	 4987	 4803	 758	 4986
1	 754	 758	 838	 4986
1	 706	 4923	 4732	 4986
1	 4732	 4923	 838	 4986
1	 4986	 3111	 758	 4987
1	 4803	 838	 758	 4986
1	 4732	 838	 4803	 4986
1	 4802	 3217	 563	 4987
1	 758	 563	 740	 4987
1	 3217	 740	 563	 4987
1	 4802	 4801	 3217	 4987
1	 3217	 837	 740	 4987
1	 837	 758	 740	 4987
1	 4801	 3206	 3217	 4987
1	 3206	 837	 3217	 4987
1	 4803	 758	 837	 4987
1	 4803	 837	 3206	 4987
1	 4801	 4803	 3206	 4987
1	 4798	 4803	 4987	 4986
1	 3111	 563	 758	 4987
1	 4802	 563	 3111	 4987
1	 4801	 4798	 4803	 4987
1	 4986	 4798	 3111	 4987
1	 4798	 4801	 4802	 4987
1	 4798	 4802	 3111	 4987
1	 520	 3292	 4988	 4823
1	 4823	 4731	 3292	 3120
1	 476	 555	 3120	 4988
1	 555	 476	 520	 4988
1	 3292	 3256	 4988	 604
1	 555	 3256	 3120	 4988
1	 519	 3292	 3256	 4988
1	 519	 520	 3292	 4988
1	 555	 519	 3256	 4988
1	 519	 555	 520	 4988
1	 3167	 220	 221	 4989
1	 3167	 221	 4716	 4989
1	 14	 3167	 4716	 4989
1	 4716	 221	 186	 4989
1	 220	 190	 221	 4989
1	 4989	 4716	 14	 186
1	 155	 220	 3167	 4989
1	 14	 155	 3167	 4989
1	 155	 190	 220	 4989
1	 155	 14	 190	 4989
1	 327	 358	 292	 4990
1	 358	 327	 4833	 4990
1	 4865	 358	 4833	 4990
1	 327	 4856	 4833	 4990
1	 4856	 4865	 4833	 4990
1	 358	 4862	 292	 4990
1	 4865	 4862	 358	 4990
1	 4856	 4862	 4865	 4990
1	 292	 4862	 4867	 4990
1	 327	 292	 4867	 4990
1	 4856	 4858	 4862	 4990
1	 4858	 4856	 327	 4990
1	 4862	 4858	 4867	 4990
1	 4858	 327	 4867	 4990
1	 4049	 3592	 3963	 4991
1	 3592	 4049	 4362	 4991
1	 4074	 4362	 4049	 4991
1	 3592	 4362	 4361	 4991
1	 4074	 4361	 4362	 4991
1	 3788	 3592	 4361	 4991
1	 3963	 3592	 3788	 4991
1	 4361	 4074	 3788	 4991
1	 3963	 4048	 4049	 4991
1	 4048	 4074	 4049	 4991
1	 4074	 4048	 3788	 4991
1	 4048	 3963	 3788	 4991
1	 4371	 1827	 1841	 4032
1	 4044	 4030	 4032	 4371
1	 4713	 1930	 4030	 1841
1	 4030	 1903	 1858	 4032
1	 1930	 1903	 4032	 1827
1	 1827	 1858	 1903	 4032
1	 4032	 1841	 4030	 1930
1	 1802	 1949	 1803	 4992
1	 1802	 1803	 3096	 4992
1	 1803	 3443	 3096	 4992
1	 3369	 3096	 3443	 4992
1	 3369	 3443	 3472	 4992
1	 4992	 3443	 3472	 4659
1	 3443	 4766	 1949	 1803
1	 4659	 1662	 3443	 3472
1	 4992	 1949	 1803	 3443
1	 3768	 1949	 1802	 4992
1	 4659	 3235	 4654	 1949
1	 3235	 3443	 1949	 4659
1	 3369	 3768	 3096	 4992
1	 3096	 3768	 1802	 4992
1	 4992	 1949	 4654	 3767
1	 4652	 3767	 3768	 4992
1	 4654	 4652	 4659	 4992
1	 4652	 3768	 3369	 4992
1	 3472	 4659	 4652	 4992
1	 3472	 4652	 3369	 4992
1	 2775	 2743	 2805	 4993
1	 2806	 2775	 2805	 4993
1	 2806	 4921	 2775	 4993
1	 2775	 4921	 2743	 4993
1	 2743	 2737	 2805	 4993
1	 3473	 3502	 4995	 4993
1	 4993	 2649	 2702	 2737
1	 2737	 2729	 2805	 4995
1	 2806	 2805	 2816	 4993
1	 2816	 4921	 2806	 4993
1	 3502	 4921	 2816	 4993
1	 3599	 3055	 5014	 4993
1	 2767	 2743	 4921	 2702
1	 4886	 3691	 4994	 4913
1	 4658	 1964	 4994	 1994
1	 4658	 3766	 3691	 4994
1	 3631	 3691	 3766	 4994
1	 4886	 3691	 3631	 4994
1	 1994	 4913	 4994	 4658
1	 1964	 1936	 3622	 4994
1	 4994	 3766	 3622	 4653
1	 3631	 1936	 3200	 4886
1	 4994	 1936	 3631	 4886
1	 4994	 3766	 3631	 3622
1	 1936	 1964	 2113	 4994
1	 4994	 4886	 2113	 1936
1	 4886	 3200	 2113	 1936
1	 4993	 2737	 2805	 4995
1	 4993	 4995	 2816	 3502
1	 4993	 2816	 4995	 2805
1	 2816	 2729	 4995	 2805
1	 2737	 3473	 4995	 4993
1	 4995	 2729	 2818	 3395
1	 3395	 3473	 3502	 4995
1	 3395	 2804	 2729	 2818
1	 2675	 2737	 3473	 4995
1	 2737	 2675	 2729	 4995
1	 3104	 3395	 2729	 4995
1	 3395	 3104	 3473	 4995
1	 3473	 3104	 2675	 4995
1	 2675	 3104	 2729	 4995
1	 2812	 4996	 2731	 2785
1	 2731	 2785	 2809	 2812
1	 2785	 2717	 2750	 4996
1	 4813	 4809	 3298	 2692
1	 4813	 2837	 4809	 4996
1	 2837	 4813	 2812	 4996
1	 2814	 4809	 2837	 4996
1	 2814	 2837	 2812	 4996
1	 2785	 2750	 2783	 4996
1	 2812	 2785	 2783	 4996
1	 2783	 2814	 2812	 4996
1	 4809	 2814	 2835	 2813
1	 2813	 2814	 2783	 4996
1	 4996	 2813	 2814	 4809
1	 2750	 2730	 2783	 4996
1	 2783	 2730	 2813	 4996
1	 2717	 2692	 4996	 4813
1	 2750	 2717	 2692	 4996
1	 2730	 2666	 4809	 4996
1	 2730	 2750	 2666	 4996
1	 2666	 2692	 4809	 4996
1	 2666	 2750	 2692	 4996
1	 992	 841	 4997	 3113
1	 3365	 3113	 4997	 841
1	 3113	 992	 4935	 4997
1	 992	 841	 874	 4997
1	 3032	 3365	 4997	 788
1	 3113	 3032	 3365	 4997
1	 4997	 3113	 3032	 4935
1	 3032	 874	 788	 4997
1	 265	 4840	 4898	 4897
1	 3190	 265	 4898	 4897
1	 4840	 265	 77	 4897
1	 77	 4897	 78	 4840
1	 3190	 62	 66	 4897
1	 62	 4898	 4596	 78
1	 4840	 78	 4898	 4897
1	 4897	 66	 78	 62
1	 4619	 384	 407	 4998
1	 238	 407	 384	 4998
1	 5019	 368	 325	 4998
1	 413	 368	 4619	 4998
1	 413	 4619	 407	 4998
1	 413	 407	 238	 4998
1	 4619	 4604	 384	 4998
1	 368	 4604	 4619	 4998
1	 4604	 368	 5019	 4998
1	 233	 238	 384	 4998
1	 4604	 233	 384	 4998
1	 238	 413	 4998	 325
1	 3632	 3512	 3513	 4999
1	 3632	 3430	 3432	 4999
1	 3632	 3432	 3512	 4999
1	 3409	 3379	 4999	 3427
1	 3512	 3432	 3409	 4999
1	 3533	 3614	 3513	 4999
1	 3533	 3513	 3512	 4999
1	 3409	 3506	 3512	 4999
1	 3512	 3506	 3533	 4999
1	 3506	 3614	 3533	 4999
1	 3482	 3409	 3379	 4999
1	 3506	 3482	 3614	 4999
1	 3409	 3482	 3506	 4999
1	 3379	 3490	 3482	 4999
1	 3614	 3482	 3490	 4999
1	 3379	 3489	 3490	 4999
1	 3430	 3489	 4999	 3716
1	 3716	 3632	 3513	 4999
1	 3430	 4999	 3489	 3379
1	 3513	 3614	 3757	 4999
1	 3614	 3490	 3757	 4999
1	 3757	 3490	 3489	 4999
1	 3716	 3757	 3489	 4999
1	 3513	 3757	 3716	 4999
1	 3103	 4431	 5000	 3195
1	 4751	 3103	 1435	 4431
1	 5000	 3103	 4751	 4431
1	 3757	 3771	 4753	 5000
1	 3975	 4431	 5000	 4751
1	 3771	 3975	 4431	 5000
1	 3289	 1572	 3195	 3103
1	 1612	 3195	 1572	 5000
1	 1572	 1752	 1612	 5000
1	 4773	 1842	 1905	 1763
1	 5000	 4773	 1763	 4753
1	 3340	 1763	 3103	 5000
1	 1752	 4753	 5000	 1763
1	 1842	 1763	 4773	 4753
1	 5000	 1752	 1763	 3103
1	 3103	 1600	 1572	 1752
1	 1752	 1600	 1763	 3103
1	 5000	 3103	 1572	 1752
1	 4431	 3195	 3051	 3771
1	 3771	 3051	 1843	 1612
1	 1612	 3195	 3771	 3051
1	 5000	 3103	 3340	 4751
1	 4431	 3975	 1435	 4751
1	 3340	 3103	 1437	 4751
1	 4751	 1437	 1435	 3103
1	 5000	 4753	 1752	 1612
1	 1764	 1752	 1842	 4753
1	 4753	 1753	 1764	 1752
1	 1753	 1752	 4753	 1612
1	 5000	 1612	 3771	 4753
1	 1752	 1842	 4753	 1763
1	 3771	 3195	 1612	 5000
1	 5000	 3195	 4431	 3771
1	 1612	 3771	 1753	 1843
1	 863	 783	 781	 5001
1	 3130	 863	 781	 5001
1	 4650	 781	 783	 5001
1	 4650	 3130	 781	 5001
1	 891	 783	 863	 5001
1	 783	 4650	 5001	 4647
1	 4650	 891	 3130	 5001
1	 863	 3130	 891	 5001
1	 4818	 4390	 5002	 4710
1	 4390	 2201	 2370	 5002
1	 4390	 3828	 4818	 5002
1	 3839	 3828	 2370	 5002
1	 2370	 3828	 4390	 5002
1	 4816	 3828	 3839	 5002
1	 4816	 4818	 3828	 5002
1	 4710	 2201	 3423	 4390
1	 4710	 4816	 3839	 5002
1	 4818	 4816	 4710	 5002
1	 1056	 1006	 930	 5003
1	 3050	 4695	 3335	 5003
1	 1063	 1056	 3050	 5003
1	 1056	 1063	 1006	 5003
1	 1038	 1006	 1063	 5003
1	 3050	 3335	 1063	 5003
1	 1038	 1063	 3335	 5003
1	 1006	 1038	 982	 5003
1	 982	 1038	 3335	 5003
1	 4695	 3050	 940	 5003
1	 3050	 1056	 940	 5003
1	 930	 940	 1056	 5003
1	 882	 930	 1006	 5003
1	 1006	 982	 882	 5003
1	 940	 930	 851	 5003
1	 4695	 940	 851	 5003
1	 4695	 805	 882	 5003
1	 805	 930	 882	 5003
1	 851	 805	 4695	 5003
1	 930	 805	 851	 5003
1	 4726	 5003	 3335	 4695
1	 4726	 982	 3335	 5003
1	 4695	 882	 915	 4726
1	 5003	 982	 882	 4726
1	 2867	 2860	 2745	 5004
1	 4439	 2860	 2867	 5004
1	 2867	 3331	 4439	 5004
1	 2745	 3331	 2867	 5004
1	 4145	 4439	 3331	 5004
1	 4145	 2860	 4439	 5004
1	 2685	 2745	 2860	 5004
1	 2745	 2685	 3331	 5004
1	 4145	 2685	 2860	 5004
1	 2685	 4145	 3331	 5004
1	 2306	 2368	 4699	 5005
1	 3061	 4699	 4001	 5005
1	 3061	 2306	 4699	 5005
1	 2306	 2197	 5005	 2190
1	 3061	 4001	 2190	 5005
1	 2197	 2368	 2306	 5005
1	 2197	 3083	 3402	 5005
1	 4699	 3083	 4001	 5005
1	 5005	 2368	 4699	 3402
1	 2197	 4001	 3083	 5005
1	 23	 26	 156	 5006
1	 39	 43	 5019	 26
1	 28	 44	 43	 5006
1	 209	 44	 28	 5006
1	 43	 26	 5006	 5019
1	 217	 209	 156	 5006
1	 217	 156	 26	 5006
1	 43	 23	 28	 5006
1	 43	 26	 23	 5006
1	 156	 209	 28	 5006
1	 156	 28	 23	 5006
1	 1086	 1102	 1103	 5007
1	 1103	 1107	 1086	 5007
1	 1260	 1103	 1102	 5007
1	 1103	 1178	 1107	 5007
1	 1103	 1260	 1178	 5007
1	 1260	 1102	 4735	 5007
1	 1107	 4736	 4724	 5007
1	 1260	 5007	 4736	 1178
1	 5007	 4736	 1178	 1107
1	 4736	 1178	 1162	 1310
1	 3113	 948	 3365	 5007
1	 4724	 1028	 948	 4735
1	 5007	 1107	 3113	 4724
1	 4736	 4724	 4735	 1028
1	 1260	 4735	 4736	 5007
1	 3213	 4736	 4735	 1169
1	 5007	 4724	 948	 4735
1	 587	 521	 5008	 582
1	 3114	 538	 582	 521
1	 3114	 582	 507	 5008
1	 507	 582	 587	 5008
1	 538	 521	 587	 582
1	 3114	 582	 5008	 521
1	 3318	 507	 587	 5008
1	 587	 521	 3318	 5008
1	 3322	 433	 477	 5008
1	 507	 433	 3114	 5008
1	 3322	 521	 3114	 5008
1	 3318	 521	 3322	 5008
1	 433	 3322	 3114	 5008
1	 5008	 3318	 507	 477
1	 2748	 2796	 2716	 5009
1	 2782	 2716	 2796	 5009
1	 2808	 2782	 2796	 5009
1	 2808	 2796	 2802	 5009
1	 2796	 2748	 2802	 5009
1	 3463	 2748	 2716	 5009
1	 3345	 2782	 5009	 2768
1	 2808	 2802	 2815	 5009
1	 3245	 3463	 2716	 5009
1	 3345	 3245	 2768	 5009
1	 2801	 2782	 2808	 3345
1	 5009	 2808	 2782	 3345
1	 3500	 3464	 2841	 2815
1	 3008	 2748	 3463	 5009
1	 3008	 2802	 2748	 5009
1	 2821	 3008	 3577	 3500
1	 5009	 3008	 2802	 2815
1	 3008	 2821	 2802	 2815
1	 2815	 2821	 3500	 3008
1	 3245	 3452	 3463	 5009
1	 3463	 3452	 3500	 5009
1	 3363	 3245	 3345	 3452
1	 3345	 2828	 2829	 3444
1	 3464	 3452	 3363	 3345
1	 2808	 2815	 2828	 3345
1	 3345	 3464	 3452	 5009
1	 2815	 3500	 5009	 3008
1	 3500	 3452	 3464	 5009
1	 3500	 2845	 2821	 2815
1	 2841	 2815	 2845	 3500
1	 2828	 2815	 2841	 3444
1	 3464	 3363	 3444	 3345
1	 5009	 2815	 3345	 3464
1	 5009	 3500	 2815	 3464
1	 5009	 3345	 3245	 3452
1	 665	 4732	 4798	 5010
1	 4798	 4732	 4803	 5010
1	 4732	 665	 706	 5010
1	 4803	 4986	 4798	 5010
1	 4798	 4986	 665	 5010
1	 4986	 706	 665	 5010
1	 4986	 4732	 706	 5010
1	 4732	 4986	 4803	 5010
1	 124	 129	 130	 5011
1	 5011	 226	 164	 4905
1	 3031	 4905	 3605	 5011
1	 164	 196	 226	 5011
1	 5011	 3031	 3538	 3605
1	 3605	 3548	 3031	 3538
1	 151	 196	 164	 5011
1	 196	 151	 198	 3536
1	 3334	 4905	 3031	 5011
1	 3538	 5011	 196	 3536
1	 3536	 129	 131	 4938
1	 3031	 4938	 122	 5011
1	 3031	 122	 116	 124
1	 5011	 122	 3031	 124
1	 116	 124	 3334	 3031
1	 122	 129	 124	 5011
1	 4905	 150	 5011	 3334
1	 124	 5011	 3334	 3031
1	 3334	 150	 5011	 124
1	 112	 124	 150	 3334
1	 187	 150	 3334	 112
1	 130	 164	 150	 5011
1	 164	 4905	 150	 5011
1	 124	 130	 150	 5011
1	 164	 130	 151	 5011
1	 151	 130	 129	 5011
1	 1897	 1838	 2018	 5012
1	 1838	 1897	 1695	 5012
1	 1897	 2018	 1834	 5012
1	 1897	 1666	 1695	 5012
1	 1897	 1834	 1666	 5012
1	 1719	 1695	 1666	 5012
1	 1719	 1666	 1834	 5012
1	 1913	 1834	 2018	 5012
1	 1719	 1834	 1913	 5012
1	 1913	 2018	 3361	 5012
1	 1838	 3361	 2018	 5012
1	 1839	 1719	 1913	 5012
1	 1839	 3361	 1838	 5012
1	 1839	 1913	 3361	 5012
1	 1838	 1695	 1839	 5012
1	 1839	 1695	 1719	 5012
1	 953	 909	 1028	 5013
1	 1028	 909	 948	 5013
1	 5013	 5007	 948	 4735
1	 1028	 5013	 948	 4735
1	 953	 908	 909	 5013
1	 5013	 948	 3365	 909
1	 909	 908	 840	 5013
1	 785	 840	 908	 5013
1	 908	 953	 981	 5013
1	 785	 908	 981	 5013
1	 1102	 4734	 4735	 5013
1	 5007	 1102	 4735	 5013
1	 1015	 1049	 1102	 5013
1	 1102	 1049	 4734	 5013
1	 1050	 953	 1028	 5013
1	 1028	 4735	 1050	 5013
1	 4735	 4734	 1050	 5013
1	 1054	 4734	 1049	 5013
1	 953	 1050	 1054	 5013
1	 1054	 1050	 4734	 5013
1	 953	 1054	 981	 5013
1	 1049	 1015	 1077	 5013
1	 1077	 1015	 951	 5013
1	 1054	 1049	 990	 5013
1	 981	 1054	 990	 5013
1	 990	 1049	 1077	 5013
1	 868	 1077	 951	 5013
1	 868	 990	 1077	 5013
1	 990	 868	 981	 5013
1	 981	 868	 785	 5013
1	 5013	 951	 868	 785
1	 785	 771	 951	 868
1	 1086	 1015	 1102	 5013
1	 970	 888	 951	 5013
1	 951	 1015	 970	 5013
1	 970	 1015	 1086	 5013
1	 5007	 1086	 1102	 5013
1	 5013	 1086	 970	 5007
1	 1107	 970	 1086	 5007
1	 5007	 970	 3365	 1107
1	 5013	 948	 5007	 3365
1	 3365	 970	 5007	 5013
1	 840	 5013	 3365	 909
1	 840	 785	 3356	 5013
1	 3356	 3365	 840	 5013
1	 3356	 785	 888	 5013
1	 3356	 970	 3365	 5013
1	 970	 3356	 888	 5013
1	 2836	 2833	 2822	 5014
1	 2836	 2822	 3502	 5014
1	 2856	 2865	 2833	 5014
1	 2833	 2836	 2856	 5014
1	 4168	 2865	 2856	 5014
1	 4168	 4408	 2865	 5014
1	 4168	 2856	 2872	 2864
1	 2864	 2856	 2836	 5014
1	 4051	 2864	 5014	 4168
1	 4051	 4149	 4168	 5014
1	 4402	 4168	 4149	 5014
1	 4402	 3599	 4410	 5014
1	 4402	 4408	 4168	 5014
1	 3599	 4402	 3637	 5014
1	 3637	 4402	 4149	 5014
1	 4051	 3501	 3732	 3637
1	 5014	 4149	 3637	 4051
1	 3637	 3501	 3599	 5014
1	 3599	 3501	 3502	 5014
1	 5014	 2864	 4051	 3502
1	 3502	 2859	 2836	 2864
1	 5014	 4051	 3501	 3502
1	 3502	 3491	 2859	 4051
1	 5014	 3502	 2836	 2864
1	 4051	 3491	 3501	 3502
1	 4051	 2864	 2873	 2859
1	 2822	 2833	 2825	 5014
1	 2833	 2865	 2825	 5014
1	 4408	 4413	 2865	 5014
1	 2865	 4413	 2825	 5014
1	 2822	 2825	 2798	 5014
1	 2767	 2807	 4413	 2798
1	 2798	 2767	 5014	 4413
1	 2798	 4921	 2822	 5014
1	 2767	 4921	 2798	 5014
1	 5014	 3502	 3599	 4993
1	 2822	 4921	 3502	 5014
1	 4993	 3502	 4921	 5014
1	 3055	 4921	 2767	 5014
1	 4412	 4411	 4408	 2767
1	 4412	 3599	 5014	 4410
1	 3055	 2767	 4412	 5014
1	 5014	 4413	 2767	 4408
1	 3055	 4412	 3599	 5014
1	 1968	 1961	 2003	 2041
1	 2041	 1968	 2153	 2003
1	 2064	 1961	 2041	 2089
1	 2077	 2064	 2041	 2089
1	 2089	 2186	 2041	 2077
1	 2186	 2076	 2077	 2089
1	 2064	 2077	 2076	 2089
1	 1946	 1961	 2064	 2089
1	 2076	 1946	 2064	 2089
1	 1946	 2003	 1961	 2089
1	 34	 24	 3063	 5015
1	 34	 4881	 40	 5015
1	 40	 4881	 246	 5015
1	 4881	 34	 3063	 5015
1	 3324	 257	 3063	 5015
1	 3324	 40	 5015	 24
1	 3324	 40	 259	 246
1	 257	 246	 5015	 3324
1	 246	 257	 259	 3324
1	 5015	 40	 3324	 246
1	 257	 291	 3063	 5015
1	 291	 257	 246	 5015
1	 291	 4881	 3063	 5015
1	 291	 246	 4881	 5015
1	 3976	 3806	 3279	 3708
1	 4733	 3024	 4741	 5016
1	 3976	 4733	 5016	 3279
1	 4741	 4375	 4733	 5016
1	 5016	 4375	 4733	 3725
1	 3976	 3724	 3708	 5016
1	 4273	 4271	 5016	 3708
1	 4375	 3724	 3725	 5016
1	 3024	 4268	 4741	 5016
1	 4268	 4271	 4741	 5016
1	 4273	 4268	 3024	 5016
1	 4271	 4268	 4273	 5016
1	 2415	 4271	 4741	 2519
1	 5016	 4741	 4375	 2415
1	 4375	 2415	 3724	 5016
1	 4271	 3724	 2415	 5016
1	 4741	 2430	 4375	 2415
1	 4902	 3147	 2625	 5017
1	 4878	 4877	 3249	 5017
1	 3122	 4878	 4804	 5017
1	 3122	 4877	 4878	 5017
1	 2625	 2624	 2546	 5017
1	 2624	 2524	 2546	 5017
1	 2464	 3122	 4804	 5017
1	 2483	 2546	 2524	 5017
1	 4804	 2483	 2464	 5017
1	 2483	 2524	 2464	 5017
1	 4902	 2545	 2483	 2546
1	 2546	 2545	 2625	 4902
1	 4902	 4804	 4878	 5017
1	 3249	 4878	 5017	 3147
1	 5017	 2546	 2625	 4902
1	 4902	 2483	 5017	 2546
1	 2483	 4804	 4902	 5017
1	 2641	 3249	 4877	 5017
1	 4877	 3122	 2641	 5017
1	 3249	 2699	 2691	 2624
1	 2563	 3122	 2464	 5017
1	 2563	 2641	 3122	 5017
1	 2563	 2464	 2524	 5017
1	 2691	 3147	 3249	 2625
1	 2615	 2624	 2699	 3249
1	 5017	 2625	 2624	 3249
1	 2615	 2524	 2624	 5017
1	 2563	 2524	 2615	 5017
1	 5017	 2624	 2615	 3249
1	 2641	 2563	 2615	 5017
1	 2641	 5017	 2615	 3249
1	 4864	 4870	 4901	 95
1	 4864	 4901	 3168	 100
1	 4901	 108	 95	 187
1	 187	 4901	 108	 3334
1	 104	 100	 3168	 3647
1	 83	 4772	 71	 4861
1	 71	 74	 4861	 4855
1	 4869	 4864	 3168	 89
1	 4725	 4869	 84	 74
1	 4861	 4864	 4869	 89
1	 4725	 4861	 4869	 74
1	 4864	 4863	 4870	 4772
1	 4772	 174	 4863	 4870
1	 4863	 4861	 4772	 4864
1	 95	 83	 89	 4864
1	 4772	 83	 95	 4864
1	 4772	 174	 4870	 98
1	 187	 4870	 98	 95
1	 89	 100	 95	 4864
1	 108	 95	 100	 4901
1	 3031	 100	 4901	 116
1	 101	 89	 84	 4869
1	 89	 101	 100	 3168
1	 4901	 3647	 3168	 100
1	 101	 104	 100	 3168
1	 89	 83	 74	 4861
1	 83	 71	 74	 4861
1	 74	 84	 89	 4869
1	 101	 84	 90	 4869
1	 3168	 104	 4554	 101
1	 90	 4554	 4869	 4725
1	 104	 90	 4554	 101
1	 4869	 3168	 4554	 101
1	 98	 108	 187	 95
1	 4901	 4864	 95	 100
1	 4864	 4870	 95	 4772
1	 3168	 4864	 100	 89
1	 108	 100	 116	 4901
1	 83	 4772	 4861	 4864
1	 3168	 4869	 89	 101
1	 4869	 4861	 89	 74
1	 4861	 4864	 89	 83
1	 90	 101	 4869	 4554
1	 1749	 1641	 3045	 3975
1	 1641	 1723	 1749	 3045
1	 5018	 4751	 5000	 4887
1	 1749	 3045	 5018	 3975
1	 1928	 1929	 1749	 5018
1	 1928	 3045	 5018	 1749
1	 1996	 1929	 1928	 5018
1	 1672	 3975	 1641	 1749
1	 1996	 3710	 1929	 5018
1	 3045	 1928	 1723	 1749
1	 1996	 3845	 5018	 1928
1	 1869	 1928	 3045	 3845
1	 1996	 3845	 3710	 5018
1	 1899	 1672	 5018	 4887
1	 5000	 4751	 3340	 4887
1	 4773	 3624	 4753	 5000
1	 3975	 3771	 3757	 5000
1	 5000	 3624	 3757	 3975
1	 3845	 3757	 3975	 3045
1	 5018	 3975	 3045	 3845
1	 3771	 3757	 3045	 3975
1	 4753	 3757	 5000	 3624
1	 5000	 3340	 4773	 4887
1	 5000	 3975	 4751	 5018
1	 1672	 4887	 1608	 3340
1	 5018	 3624	 4887	 5000
1	 4751	 4887	 5018	 1672
1	 5018	 4751	 1672	 3975
1	 4751	 3975	 1525	 1672
1	 4887	 3340	 1687	 1608
1	 4887	 1899	 4925	 5018
1	 1579	 3340	 4751	 1672
1	 4673	 1687	 1608	 4887
1	 3710	 4925	 1929	 5018
1	 4925	 1899	 4887	 4673
1	 4887	 3710	 5018	 4925
1	 1672	 4751	 4887	 3340
1	 4673	 1608	 1899	 4887
1	 1749	 1899	 1672	 5018
1	 1929	 4925	 1899	 5018
1	 1749	 1929	 1899	 5018
1	 3624	 3710	 3845	 5018
1	 3624	 4887	 3710	 5018
1	 4887	 3624	 4773	 5000
1	 3975	 3757	 3845	 3624
1	 3757	 3490	 3624	 4753
1	 209	 210	 171	 5019
1	 43	 5006	 44	 5019
1	 209	 5019	 217	 224
1	 5019	 44	 59	 171
1	 67	 4592	 5019	 233
1	 233	 54	 3000	 5019
1	 233	 67	 54	 5019
1	 209	 224	 210	 5019
1	 44	 5006	 209	 5019
1	 209	 171	 44	 5019
1	 233	 4604	 5019	 4998
1	 368	 325	 278	 5019
1	 210	 233	 5019	 238
1	 368	 315	 4604	 5019
1	 315	 368	 278	 5019
1	 4592	 233	 4604	 5019
1	 4604	 58	 4592	 5019
1	 58	 67	 4592	 5019
1	 26	 217	 5006	 5019
1	 67	 54	 80	 183
1	 224	 325	 210	 5019
1	 224	 278	 325	 5019
1	 278	 217	 3001	 5019
1	 278	 224	 217	 5019
1	 5006	 5019	 217	 209
1	 162	 183	 54	 3000
1	 162	 183	 3000	 171
1	 43	 44	 59	 5019
1	 5019	 59	 43	 3000
1	 4604	 315	 4722	 5019
1	 278	 241	 315	 5019
1	 171	 59	 3000	 162
1	 59	 44	 162	 171
1	 3001	 39	 58	 5019
1	 238	 5019	 325	 4998
1	 241	 278	 3001	 5019
1	 54	 67	 233	 183
1	 233	 171	 210	 5019
1	 3000	 59	 171	 5019
1	 4592	 67	 183	 233
2	 334	 225	 297	 5020
2	 757	 5070	 809	 5063
2	 5066	 5064	 5095	 5065
2	 5045	 766	 5050	 5067
2	 270	 257	 296	 5068
2	 5050	 766	 5054	 5067
2	 442	 421	 390	 5069
2	 775	 5063	 5061	 5070
2	 5034	 5037	 5073	 5039
2	 809	 795	 5065	 5066
2	 257	 270	 291	 5068
2	 5051	 5058	 5055	 5071
2	 5051	 5055	 5052	 5071
2	 558	 574	 616	 5072
2	 574	 616	 5072	 5043
2	 574	 5036	 5043	 5072
2	 5029	 5075	 5023	 5026
2	 5052	 698	 5051	 5071
2	 574	 529	 5072	 558
2	 5036	 5037	 5044	 5073
2	 5054	 766	 5061	 5067
2	 666	 603	 632	 5074
2	 260	 259	 253	 280
2	 253	 260	 280	 305
2	 280	 253	 246	 259
2	 438	 5030	 500	 5075
2	 390	 317	 304	 5076
2	 5076	 5068	 5077	 304
2	 795	 5065	 5066	 5095
2	 257	 246	 259	 5068
2	 5045	 766	 5067	 719
2	 296	 270	 5068	 382
2	 382	 399	 270	 5068
2	 399	 270	 5068	 291
2	 5076	 390	 317	 421
2	 317	 421	 5022	 5076
2	 390	 442	 5069	 377
2	 442	 421	 5069	 5028
2	 5028	 5026	 421	 5069
2	 666	 603	 5074	 5045
2	 5063	 775	 757	 5070
2	 719	 700	 757	 5070
2	 757	 719	 5070	 775
2	 5061	 5064	 5080	 5063
2	 5022	 5021	 317	 5077
2	 5061	 775	 5070	 766
2	 766	 5061	 5067	 5070
2	 775	 5070	 766	 719
2	 766	 5067	 719	 5070
2	 257	 296	 5068	 332
2	 5073	 500	 5037	 5030
2	 5058	 5055	 5071	 5060
2	 5051	 5058	 5071	 5046
2	 5050	 5045	 5067	 5041
2	 5041	 5074	 5045	 5067
2	 5041	 5045	 5074	 603
2	 317	 5022	 5077	 5076
2	 317	 5076	 5077	 304
2	 703	 718	 5096	 636
2	 5074	 5045	 5067	 719
2	 5067	 719	 5070	 5074
2	 719	 700	 5070	 5074
2	 700	 719	 666	 5074
2	 666	 700	 5074	 632
2	 5070	 5067	 5074	 5079
2	 5067	 5074	 5079	 5041
2	 5070	 5067	 5079	 5080
2	 5074	 5070	 5079	 700
2	 5070	 5067	 5080	 5061
2	 5066	 5064	 5063	 5080
2	 5061	 5064	 5056	 5080
2	 5064	 5056	 5080	 5057
2	 475	 549	 564	 5081
2	 564	 475	 5081	 559
2	 5031	 475	 559	 5081
2	 5036	 5037	 5073	 500
2	 5030	 5034	 5037	 5073
2	 5077	 354	 5075	 394
2	 5048	 5060	 5058	 5071
2	 5078	 5066	 5096	 5088
2	 5047	 5060	 5048	 5071
2	 5074	 666	 5045	 719
2	 5021	 317	 5077	 280
2	 305	 317	 5021	 280
2	 5022	 5021	 5077	 5023
2	 5021	 5077	 5023	 298
2	 5044	 5036	 5073	 5072
2	 5036	 5073	 5072	 529
2	 5073	 5036	 500	 529
2	 574	 5072	 529	 5036
2	 5043	 5082	 616	 5072
2	 559	 603	 5074	 564
2	 564	 5074	 5079	 632
2	 500	 438	 5075	 451
2	 438	 5030	 5075	 5029
2	 246	 257	 291	 5068
2	 5079	 5070	 5080	 5066
2	 5035	 559	 5041	 5079
2	 5036	 5043	 5072	 5044
2	 549	 632	 5081	 568
2	 5085	 463	 549	 425
2	 5085	 5025	 5081	 463
2	 636	 718	 5078	 589
2	 5096	 745	 739	 691
2	 616	 558	 5072	 552
2	 304	 390	 5076	 326
2	 5076	 390	 5069	 377
2	 390	 5076	 326	 377
2	 5078	 589	 5090	 586
2	 5067	 5080	 5061	 5054
2	 5054	 5061	 5056	 5080
2	 5052	 739	 698	 5082
2	 739	 698	 5082	 691
2	 698	 5052	 5082	 5071
2	 698	 5082	 691	 5043
2	 809	 5065	 5063	 5066
2	 5080	 5070	 5061	 5063
2	 5065	 5063	 5066	 5064
2	 5066	 5063	 5070	 5080
2	 5052	 739	 5082	 5062
2	 718	 691	 5096	 5078
2	 5054	 5050	 5067	 5049
2	 5050	 5067	 5049	 5041
2	 5067	 5049	 5041	 5079
2	 5067	 5054	 5049	 5080
2	 5054	 5053	 5080	 5056
2	 326	 247	 5020	 5083
2	 5020	 326	 5083	 5024
2	 247	 5020	 5083	 225
2	 225	 297	 5020	 5083
2	 225	 297	 5083	 275
2	 5083	 247	 225	 258
2	 225	 5083	 258	 275
2	 297	 5083	 275	 436
2	 326	 247	 5083	 304
2	 316	 399	 459	 5084
2	 459	 316	 5084	 436
2	 399	 459	 5084	 447
2	 716	 691	 718	 5082
2	 5066	 692	 5070	 790
2	 700	 692	 790	 5070
2	 700	 757	 5070	 790
2	 700	 692	 5070	 5079
2	 355	 297	 436	 5083
2	 757	 809	 5070	 790
2	 795	 5066	 790	 753
2	 5043	 5072	 5044	 5082
2	 5043	 5044	 698	 5082
2	 5073	 5044	 5072	 5082
2	 5058	 5071	 5046	 5048
2	 291	 246	 5068	 258
2	 5068	 280	 5083	 246
2	 795	 790	 5066	 809
2	 795	 773	 5095	 753
2	 5062	 5066	 5095	 5096
2	 5096	 718	 5078	 636
2	 678	 753	 5066	 5095
2	 5026	 5023	 5022	 5077
2	 5053	 5056	 5057	 5080
2	 5054	 5080	 5053	 5049
2	 478	 548	 425	 5085
2	 478	 548	 5085	 553
2	 425	 478	 5085	 436
2	 548	 425	 5085	 549
2	 5022	 5077	 5076	 5026
2	 5069	 390	 5076	 421
2	 421	 5076	 5026	 5022
2	 421	 5026	 5076	 5069
2	 5040	 5048	 5046	 5071
2	 5083	 258	 275	 316
2	 5038	 5027	 5035	 5086
2	 5035	 5038	 5086	 5049
2	 5038	 5049	 5047	 5086
2	 5038	 492	 5086	 5032
2	 5047	 5038	 5086	 5032
2	 5027	 5035	 5086	 5031
2	 5060	 5089	 5053	 5057
2	 559	 5031	 5081	 5086
2	 559	 5031	 5086	 5035
2	 5074	 603	 632	 564
2	 549	 5081	 632	 564
2	 616	 716	 718	 5082
2	 5043	 616	 5082	 716
2	 5082	 691	 5043	 716
2	 5085	 478	 553	 436
2	 258	 247	 246	 5083
2	 5083	 258	 316	 5084
2	 258	 5083	 5068	 5084
2	 5025	 475	 5081	 463
2	 5029	 5034	 5030	 5075
2	 5092	 5087	 5084	 504
2	 548	 5085	 553	 601
2	 632	 568	 700	 5079
2	 700	 632	 5079	 5074
2	 559	 603	 5041	 5074
2	 692	 652	 753	 5066
2	 5070	 790	 809	 5066
2	 5032	 5047	 5048	 5071
2	 5048	 5032	 5071	 5040
2	 448	 447	 382	 5087
2	 382	 448	 5087	 451
2	 447	 382	 5087	 399
2	 5084	 399	 447	 5087
2	 448	 447	 5087	 552
2	 5086	 5031	 5081	 5025
2	 5085	 5024	 5025	 463
2	 5085	 5025	 377	 5086
2	 5075	 500	 451	 529
2	 5053	 5047	 5049	 5086
2	 652	 601	 678	 5088
2	 678	 652	 5088	 5066
2	 678	 652	 5066	 753
2	 5088	 601	 678	 636
2	 652	 601	 5088	 548
2	 5066	 753	 692	 790
2	 5066	 5070	 5063	 809
2	 5066	 678	 5096	 5088
2	 5078	 636	 589	 586
2	 5021	 305	 280	 260
2	 332	 260	 5077	 259
2	 5077	 298	 5021	 260
2	 5068	 280	 259	 5077
2	 5021	 260	 280	 5077
2	 332	 298	 5077	 260
2	 5068	 259	 332	 5077
2	 304	 280	 5083	 5068
2	 5040	 5033	 5028	 5073
2	 355	 436	 425	 5085
2	 5071	 5082	 5089	 5052
2	 5082	 5052	 5062	 5089
2	 5062	 5055	 5057	 5089
2	 5057	 5062	 5089	 5080
2	 5057	 5062	 5080	 5064
2	 5055	 5057	 5089	 5060
2	 5055	 5071	 5060	 5089
2	 5071	 5060	 5089	 5047
2	 5089	 5055	 5071	 5052
2	 5052	 5055	 5062	 5089
2	 5069	 5028	 5093	 442
2	 442	 5069	 377	 492
2	 355	 463	 5085	 425
2	 355	 5085	 463	 5024
2	 355	 463	 334	 5024
2	 334	 355	 5024	 5020
2	 297	 334	 5020	 355
2	 5083	 5020	 5024	 355
2	 297	 5020	 5083	 355
2	 552	 504	 447	 5087
2	 5026	 5034	 5029	 5075
2	 692	 700	 568	 5079
2	 652	 692	 568	 5079
2	 246	 280	 259	 5068
2	 5068	 258	 246	 5083
2	 5092	 377	 5069	 492
2	 504	 552	 586	 5090
2	 552	 504	 5087	 5090
2	 586	 504	 5090	 553
2	 5090	 552	 586	 589
2	 586	 5088	 5090	 5078
2	 5072	 616	 552	 589
2	 5082	 589	 718	 616
2	 5081	 549	 568	 548
2	 5085	 548	 549	 5081
2	 636	 5088	 5078	 5096
2	 529	 5087	 451	 5075
2	 5075	 5034	 5030	 5073
2	 5094	 5037	 5039	 5073
2	 652	 568	 548	 5079
2	 548	 652	 5079	 5088
2	 5077	 298	 332	 394
2	 5077	 5023	 298	 394
2	 438	 354	 394	 5075
2	 332	 5077	 394	 354
2	 5080	 5066	 5064	 5062
2	 296	 5068	 332	 451
2	 296	 5068	 451	 382
2	 5068	 451	 382	 5087
2	 5077	 332	 5068	 451
2	 5077	 332	 451	 354
2	 5068	 257	 332	 259
2	 354	 438	 451	 5075
2	 260	 280	 5077	 259
2	 5076	 304	 5083	 5068
2	 5076	 304	 326	 5083
2	 304	 280	 247	 5083
2	 5083	 280	 247	 246
2	 5077	 5068	 280	 304
2	 5083	 5076	 5068	 5084
2	 5075	 500	 529	 5073
2	 5049	 5041	 5079	 5035
2	 5086	 559	 5035	 5079
2	 451	 354	 5075	 5077
2	 438	 394	 5023	 5075
2	 5029	 5023	 5075	 438
2	 5087	 448	 552	 558
2	 5072	 558	 529	 5087
2	 552	 589	 5090	 5072
2	 5090	 589	 5078	 5082
2	 5082	 616	 5072	 589
2	 5068	 399	 5084	 5087
2	 382	 399	 5068	 5087
2	 5077	 5068	 5076	 5087
2	 5068	 5076	 5087	 5084
2	 632	 568	 5079	 5081
2	 568	 5079	 5081	 548
2	 5079	 5074	 564	 559
2	 5074	 5079	 5041	 559
2	 5028	 5032	 5040	 5071
2	 326	 5024	 377	 5083
2	 5024	 5025	 377	 5085
2	 549	 475	 463	 5081
2	 5026	 5023	 5077	 5075
2	 5077	 5026	 5075	 5076
2	 5076	 5075	 5073	 5026
2	 5028	 5073	 5026	 5069
2	 5080	 5079	 5066	 5091
2	 5079	 5066	 5091	 5088
2	 5080	 5079	 5091	 5086
2	 5086	 5080	 5079	 5049
2	 5080	 5067	 5079	 5049
2	 5080	 5049	 5086	 5053
2	 5066	 5091	 5088	 5078
2	 5066	 5080	 5091	 5062
2	 5080	 5091	 5062	 5089
2	 5091	 5079	 5088	 5085
2	 5079	 5088	 5085	 548
2	 5088	 5085	 548	 601
2	 5085	 5079	 548	 5081
2	 5079	 5070	 5066	 692
2	 5079	 5066	 5088	 652
2	 5079	 5066	 652	 692
2	 5081	 564	 559	 5079
2	 5076	 5087	 5084	 5092
2	 5085	 436	 553	 5084
2	 5087	 447	 5084	 504
2	 5084	 5076	 5092	 5083
2	 5076	 5087	 5073	 5075
2	 5075	 5026	 5034	 5073
2	 5092	 5076	 5069	 377
2	 5084	 459	 436	 553
2	 553	 504	 5092	 5084
2	 504	 459	 447	 5084
2	 553	 459	 504	 5084
2	 553	 5092	 504	 5090
2	 504	 5087	 5090	 5092
2	 5092	 5084	 5083	 5085
2	 5025	 475	 5031	 5081
2	 5086	 5081	 5085	 5025
2	 549	 463	 5085	 5081
2	 5077	 5075	 5023	 394
2	 436	 275	 316	 5083
2	 552	 5072	 5090	 5087
2	 558	 448	 529	 5087
2	 5051	 698	 5044	 5071
2	 316	 5083	 5084	 436
2	 529	 451	 5087	 448
2	 5087	 451	 5075	 5077
2	 5076	 5087	 5075	 5077
2	 5087	 451	 5077	 5068
2	 436	 355	 5083	 5085
2	 355	 5083	 5085	 5024
2	 5083	 5085	 5024	 377
2	 5071	 5089	 5082	 5093
2	 5071	 5089	 5093	 5032
2	 5089	 5071	 5047	 5032
2	 5089	 5082	 5093	 5078
2	 5078	 5082	 5062	 5089
2	 5082	 5071	 5093	 5073
2	 5082	 5071	 5073	 5044
2	 698	 5044	 5071	 5082
2	 601	 553	 586	 5090
2	 5071	 5093	 5073	 5028
2	 5028	 5040	 5073	 5071
2	 5071	 5093	 5028	 5032
2	 5032	 5028	 492	 5093
2	 5093	 492	 5032	 5086
2	 5086	 492	 377	 5092
2	 5086	 5032	 5093	 5089
2	 5038	 5086	 492	 5027
2	 492	 5069	 5093	 442
2	 5069	 5093	 5028	 5073
2	 500	 5073	 5075	 5030
2	 5026	 5033	 5034	 5073
2	 5082	 5093	 5078	 5090
2	 5082	 718	 589	 5078
2	 5072	 5090	 5087	 5073
2	 5093	 5089	 5078	 5091
2	 5093	 5089	 5091	 5086
2	 5091	 5062	 5089	 5078
2	 5091	 5062	 5078	 5066
2	 5086	 5047	 5032	 5089
2	 5086	 5047	 5089	 5053
2	 5060	 5053	 5089	 5047
2	 5089	 5086	 5053	 5080
2	 5089	 5086	 5080	 5091
2	 5053	 5089	 5080	 5057
2	 5073	 5072	 529	 5087
2	 5087	 552	 5072	 558
2	 529	 5073	 5087	 5075
2	 5084	 436	 5083	 5085
2	 5028	 5026	 5073	 5033
2	 636	 5088	 586	 5078
2	 636	 601	 586	 5088
2	 586	 601	 5090	 5088
2	 5093	 5085	 5091	 5090
2	 5090	 5078	 5088	 5091
2	 377	 326	 5083	 5076
2	 5083	 377	 5076	 5092
2	 5079	 5091	 5086	 5085
2	 5086	 5079	 5085	 5081
2	 5086	 5027	 5031	 5025
2	 5086	 5079	 5081	 559
2	 5086	 5049	 5079	 5035
2	 5072	 5073	 5082	 5090
2	 5073	 5082	 5090	 5093
2	 5085	 553	 601	 5090
2	 5092	 553	 5085	 5090
2	 5088	 5085	 601	 5090
2	 5073	 5069	 5076	 5026
2	 5091	 5093	 5086	 5085
2	 5085	 5092	 5090	 5093
2	 5091	 5085	 5088	 5090
2	 5093	 5078	 5090	 5091
2	 5093	 492	 5086	 5092
2	 5083	 377	 5092	 5085
2	 5085	 553	 5092	 5084
2	 377	 5092	 5085	 5086
2	 377	 5025	 5027	 5086
2	 5092	 5069	 5093	 492
2	 5086	 5027	 377	 492
2	 5085	 5092	 5093	 5086
2	 5044	 5037	 5042	 5094
2	 5037	 5044	 5073	 5094
2	 5039	 5046	 5042	 5094
2	 5039	 5042	 5037	 5094
2	 5034	 5073	 5033	 5039
2	 5073	 5040	 5039	 5094
2	 5046	 5039	 5040	 5094
2	 5073	 5039	 5040	 5033
2	 5044	 5071	 5073	 5094
2	 5071	 5040	 5073	 5094
2	 5046	 5040	 5071	 5094
2	 5094	 5071	 5046	 5042
2	 5094	 5042	 5044	 5071
2	 5044	 5042	 5051	 5071
2	 5071	 5051	 5046	 5042
2	 5096	 5095	 745	 703
2	 678	 5096	 5095	 5066
2	 773	 753	 678	 5095
2	 795	 5059	 5065	 5095
2	 5059	 795	 773	 5095
2	 5059	 5062	 5064	 5095
2	 5095	 5064	 5059	 5065
2	 5066	 5064	 5062	 5095
2	 739	 764	 745	 5096
2	 739	 691	 5078	 5096
2	 691	 718	 5082	 5078
2	 5078	 691	 739	 5082
2	 718	 745	 5096	 691
2	 5082	 5078	 5062	 739
2	 773	 678	 703	 5095
2	 5078	 5066	 5062	 5096
2	 5096	 703	 678	 5095
2	 5095	 745	 764	 5096
2	 5095	 5062	 5096	 764
2	 773	 745	 5059	 5095
2	 764	 745	 5095	 5059
2	 636	 678	 5088	 5096
2	 5095	 773	 745	 703
2	 703	 678	 636	 5096
2	 718	 745	 703	 5096
2	 5062	 764	 739	 5096
3	 1202	 1158	 1175	 5135
3	 5116	 5112	 5108	 5136
3	 1483	 1414	 1415	 5137
3	 5149	 5138	 5152	 1447
3	 1679	 1817	 1776	 5139
3	 1443	 1440	 1365	 5140
3	 1158	 5097	 1175	 5135
3	 1175	 1132	 1202	 1338
3	 5136	 5156	 5159	 5112
3	 5102	 5173	 5103	 5106
3	 1902	 1735	 1811	 5141
3	 1542	 5137	 1461	 5131
3	 5108	 5116	 5136	 5114
3	 5099	 5100	 5103	 5142
3	 1155	 5101	 5103	 5142
3	 1155	 5101	 5142	 1177
3	 5101	 5103	 5142	 5099
3	 5101	 5142	 1177	 1175
3	 5142	 5101	 5099	 1175
3	 5099	 5100	 5142	 1175
3	 5144	 1489	 1581	 1447
3	 1202	 1158	 5135	 1138
3	 1322	 1138	 1202	 5135
3	 1202	 1338	 1322	 5135
3	 1175	 1202	 5135	 1338
3	 5130	 1512	 1599	 5144
3	 1642	 1654	 1459	 5145
3	 5099	 5101	 5098	 1175
3	 1728	 1542	 5131	 5137
3	 5143	 5113	 5109	 5105
3	 5111	 5143	 5113	 1336
3	 5113	 5111	 1336	 1168
3	 5111	 1336	 1168	 1321
3	 1321	 1276	 1168	 5111
3	 1321	 1168	 1276	 1396
3	 5114	 5107	 5104	 5146
3	 1654	 1459	 5145	 1602
3	 1492	 1493	 1468	 5147
3	 1493	 1468	 5147	 1364
3	 1294	 1191	 1293	 5148
3	 1294	 1251	 1191	 5148
3	 1483	 1414	 5137	 5149
3	 1414	 1415	 5137	 5114
3	 1483	 1414	 5149	 1489
3	 1489	 1483	 1447	 5149
3	 1414	 5149	 1489	 5119
3	 1512	 1687	 1599	 5144
3	 1512	 1687	 5144	 1581
3	 1440	 5148	 1566	 5150
3	 5124	 1334	 1396	 5150
3	 5112	 5108	 5136	 1238
3	 1365	 1443	 5140	 1364
3	 5140	 1365	 1364	 1279
3	 1443	 5140	 1364	 5148
3	 1440	 1365	 5140	 5142
3	 1440	 1365	 5142	 1321
3	 5140	 1365	 1279	 1132
3	 1132	 1279	 1338	 1365
3	 1279	 1132	 1251	 5140
3	 5140	 1365	 1132	 5142
3	 1293	 1294	 5148	 1468
3	 1294	 5148	 1468	 1364
3	 1468	 5147	 1364	 5148
3	 1826	 1886	 1786	 5151
3	 1886	 1786	 5151	 1811
3	 1786	 5151	 1811	 5133
3	 1776	 1679	 5139	 1645
3	 1679	 1817	 5139	 1861
3	 1483	 5149	 5152	 1447
3	 1489	 1447	 5138	 5149
3	 1714	 1447	 1542	 5152
3	 5152	 1483	 1447	 1542
3	 1542	 1714	 5152	 1728
3	 5152	 1542	 1728	 5137
3	 5149	 1483	 5152	 5137
3	 1483	 5137	 1542	 5152
3	 5138	 5149	 5152	 5153
3	 5138	 5149	 5153	 5154
3	 5138	 5149	 5154	 5119
3	 5122	 5116	 5119	 5154
3	 5122	 5120	 5116	 5154
3	 5138	 5149	 5119	 1489
3	 1714	 1728	 5155	 5153
3	 1788	 1800	 1889	 5155
3	 5110	 5137	 5150	 1334
3	 5150	 5124	 1334	 5137
3	 1191	 1293	 5148	 1226
3	 1414	 5149	 5119	 5116
3	 5109	 5113	 5143	 5118
3	 5109	 1292	 5118	 5143
3	 5113	 5143	 5118	 1336
3	 5117	 1416	 1300	 5156
3	 1788	 1800	 5155	 1728
3	 5151	 1886	 1811	 5141
3	 1902	 1943	 5141	 1886
3	 5141	 1735	 5171	 1902
3	 1930	 1841	 1902	 5171
3	 1735	 1811	 5141	 5133
3	 5117	 1416	 5156	 5145
3	 1416	 5117	 1459	 5145
3	 5117	 1459	 5145	 5125
3	 5107	 5104	 5146	 1147
3	 5104	 5114	 5146	 5110
3	 1238	 5136	 5146	 5107
3	 5108	 5107	 5114	 5136
3	 1904	 1876	 1918	 5157
3	 5130	 1512	 5144	 5123
3	 1889	 5178	 1875	 5155
3	 1788	 1812	 5155	 1875
3	 1788	 5155	 1812	 1675
3	 1459	 1570	 5145	 5125
3	 5145	 1738	 5167	 1654
3	 1414	 5137	 5149	 5136
3	 5149	 1414	 5136	 5116
3	 1414	 5136	 5116	 5114
3	 1416	 1300	 5156	 1425
3	 1468	 1492	 5147	 1302
3	 1492	 1493	 5147	 1503
3	 5144	 1512	 1581	 1489
3	 1675	 1581	 1447	 5144
3	 5144	 1512	 1489	 5123
3	 1876	 5157	 5164	 1918
3	 1918	 1878	 1861	 5164
3	 1918	 1904	 5157	 1932
3	 1334	 1396	 5150	 1276
3	 5106	 1276	 1334	 5150
3	 1396	 5124	 5150	 1566
3	 1336	 5118	 1377	 5143
3	 1675	 1447	 5152	 5144
3	 1447	 1714	 1675	 5152
3	 1492	 1645	 5158	 1575
3	 1645	 1575	 1644	 5158
3	 1290	 1335	 1302	 5158
3	 1290	 1335	 5158	 1250
3	 1302	 1543	 5158	 1335
3	 1290	 1302	 1226	 5158
3	 5153	 5138	 5154	 5144
3	 5152	 1447	 5138	 5144
3	 5138	 1489	 5144	 1447
3	 5153	 5138	 5144	 5152
3	 5144	 1675	 5153	 5152
3	 5152	 1728	 1714	 5153
3	 5155	 1788	 1728	 1714
3	 1788	 1675	 1714	 5155
3	 5153	 1675	 5155	 1714
3	 5149	 5153	 5154	 5159
3	 5152	 5149	 5137	 5159
3	 5153	 1728	 5159	 5152
3	 5153	 5152	 1675	 1714
3	 5152	 5137	 1728	 5159
3	 5154	 5149	 5159	 5116
3	 5159	 5154	 5116	 5120
3	 5149	 5154	 5119	 5116
3	 5153	 5154	 5159	 5160
3	 5159	 5153	 5160	 5161
3	 5159	 5153	 5161	 1728
3	 5153	 5161	 1728	 5155
3	 5153	 5161	 5155	 5162
3	 1812	 5155	 5162	 5153
3	 5153	 1675	 5144	 1812
3	 5154	 5159	 5160	 5120
3	 5153	 5160	 5161	 5162
3	 5153	 5160	 5162	 5144
3	 5160	 5159	 5161	 5163
3	 5160	 5159	 5163	 5120
3	 5159	 5161	 5163	 5164
3	 5159	 5161	 5164	 1728
3	 5161	 5160	 5163	 5165
3	 5160	 5163	 5165	 5166
3	 5160	 5163	 5166	 5120
3	 5161	 5163	 5164	 5157
3	 5163	 5159	 5164	 5156
3	 5163	 5161	 5165	 5157
3	 5161	 5160	 5165	 5162
3	 5177	 5165	 5161	 1904
3	 1932	 1933	 5165	 1943
3	 5163	 5165	 5166	 5167
3	 5163	 5165	 5167	 5157
3	 5166	 5163	 5167	 5145
3	 5165	 5160	 5166	 5141
3	 5171	 5167	 5166	 5165
3	 5153	 5154	 5160	 5144
3	 5100	 5103	 5142	 1276
3	 1826	 1886	 5151	 1943
3	 5146	 5114	 5107	 5136
3	 1687	 1581	 1675	 5144
3	 1889	 1933	 5155	 5174
3	 1602	 1738	 1677	 5168
3	 1738	 1677	 5168	 1891
3	 1654	 1738	 1602	 5145
3	 1687	 1599	 5144	 1826
3	 1826	 1687	 1812	 5144
3	 1687	 1812	 5144	 1675
3	 5174	 5155	 1800	 1728
3	 1292	 5135	 1322	 1377
3	 1292	 5118	 5143	 1377
3	 5143	 1377	 1336	 5135
3	 5115	 5145	 5117	 5156
3	 5115	 5117	 5145	 5125
3	 5141	 1902	 1930	 1943
3	 1943	 1932	 1930	 5141
3	 1930	 1903	 5141	 1932
3	 5165	 1932	 1943	 5141
3	 1425	 1602	 1573	 5169
3	 1573	 1425	 5169	 1319
3	 1425	 5156	 1602	 5169
3	 1602	 1573	 5169	 1677
3	 1677	 1602	 5168	 5169
3	 1602	 5168	 5169	 5156
3	 1425	 1602	 5156	 1416
3	 5168	 5169	 5156	 5164
3	 5164	 5163	 5156	 5168
3	 1602	 1738	 5168	 5145
3	 1493	 5147	 1503	 1566
3	 5147	 1492	 1503	 1645
3	 1827	 1858	 1828	 5167
3	 1251	 1191	 5148	 1155
3	 5148	 5140	 1251	 1155
3	 1338	 1132	 1365	 1321
3	 5120	 5115	 5112	 5156
3	 5134	 1729	 1728	 5170
3	 1729	 1813	 1776	 5134
3	 5134	 1690	 5139	 5170
3	 5139	 5170	 1729	 5134
3	 1729	 1728	 5170	 1800
3	 1728	 5134	 5170	 5131
3	 5164	 5163	 5168	 5157
3	 5163	 5156	 5168	 5145
3	 1828	 1827	 5167	 1642
3	 1828	 1654	 1642	 5167
3	 5138	 5154	 5144	 5123
3	 5122	 5123	 5130	 5154
3	 5172	 5120	 5122	 5154
3	 5154	 5130	 5122	 5172
3	 5123	 5130	 5154	 5144
3	 5154	 5138	 5119	 5123
3	 5122	 5119	 5123	 5154
3	 5138	 5119	 5123	 1489
3	 1489	 5144	 5123	 5138
3	 5157	 1932	 5165	 1858
3	 5167	 5165	 1827	 1858
3	 5132	 5134	 5131	 5170
3	 5134	 1690	 5170	 5132
3	 1290	 1147	 1250	 5146
3	 1147	 1250	 5146	 1238
3	 5146	 1147	 1238	 5107
3	 5098	 5099	 1175	 5097
3	 1158	 1175	 5097	 5098
3	 5121	 5166	 5172	 5126
3	 1858	 1828	 5167	 1738
3	 5164	 1878	 5139	 1800
3	 5111	 5143	 1336	 5135
3	 1336	 5111	 5135	 1321
3	 1321	 1336	 1322	 5135
3	 5135	 1292	 5143	 1377
3	 5168	 5163	 5145	 5167
3	 5163	 5156	 5145	 5115
3	 5156	 5168	 5145	 1602
3	 5128	 1701	 1609	 5171
3	 1701	 1609	 5171	 1841
3	 1827	 1609	 1841	 5171
3	 5128	 1701	 5171	 1735
3	 5171	 1701	 1841	 1735
3	 1609	 5128	 5171	 1570
3	 1841	 1827	 5171	 1930
3	 5171	 1735	 1841	 1902
3	 1930	 1902	 5141	 5171
3	 1609	 1642	 5171	 1827
3	 5126	 5128	 5127	 5166
3	 5127	 5126	 5166	 5121
3	 1138	 1100	 5135	 1292
3	 1377	 1322	 1336	 5135
3	 5147	 1503	 1566	 5132
3	 5147	 5132	 5170	 1503
3	 1292	 1100	 5135	 5175
3	 5135	 1138	 1158	 1100
3	 1158	 5097	 5135	 1100
3	 5097	 5098	 1100	 1158
3	 5175	 5097	 1100	 5135
3	 1322	 1292	 1138	 5135
3	 5097	 5100	 5099	 1175
3	 1440	 1396	 1321	 5142
3	 5160	 5165	 5162	 5141
3	 5135	 1175	 1321	 1276
3	 1276	 5100	 5135	 1175
3	 5111	 5135	 1321	 1276
3	 1276	 5142	 1321	 1396
3	 5142	 5100	 1276	 1175
3	 1175	 5100	 5135	 5097
3	 5111	 1276	 5100	 5135
3	 5100	 5111	 5135	 5097
3	 5111	 5135	 5097	 5143
3	 5166	 5127	 5121	 5115
3	 5145	 5163	 5115	 5166
3	 5163	 5166	 5120	 5115
3	 5120	 5115	 5156	 5163
3	 5115	 5145	 5166	 5125
3	 5166	 5127	 5115	 5125
3	 5166	 5120	 5115	 5121
3	 5125	 1570	 5145	 5171
3	 5171	 5125	 5127	 5166
3	 1459	 5145	 1570	 1642
3	 5127	 5125	 5171	 1570
3	 5171	 1570	 5128	 5127
3	 5168	 5169	 5164	 1704
3	 5168	 1677	 5169	 1704
3	 1876	 1800	 1878	 5164
3	 5164	 1728	 5161	 5174
3	 1827	 5141	 5165	 5171
3	 1827	 5167	 5171	 5165
3	 1827	 5171	 1930	 5141
3	 5165	 5141	 1827	 1903
3	 5165	 5141	 1903	 1932
3	 5141	 1827	 1903	 1930
3	 1811	 5141	 5133	 5151
3	 5141	 5133	 5151	 5172
3	 5144	 5130	 5172	 5151
3	 5154	 5160	 5144	 5172
3	 5121	 5129	 5172	 5122
3	 5172	 5160	 5144	 5151
3	 5172	 5151	 5141	 5160
3	 5166	 5126	 5141	 5172
3	 5166	 5160	 5120	 5172
3	 5166	 5120	 5121	 5172
3	 5154	 5172	 5120	 5160
3	 5172	 5122	 5120	 5121
3	 5166	 5160	 5172	 5141
3	 5141	 5151	 5162	 5160
3	 5162	 5144	 5160	 5151
3	 5172	 5129	 5121	 5126
3	 5126	 5172	 5133	 5141
3	 5133	 5172	 5129	 5130
3	 5144	 5151	 5176	 5130
3	 5129	 5122	 5130	 5172
3	 5154	 5130	 5172	 5144
3	 5126	 5128	 5166	 5141
3	 5128	 5166	 5141	 5171
3	 5133	 1735	 5126	 5141
3	 5171	 5128	 1735	 5141
3	 1735	 5126	 5141	 5128
3	 5126	 5133	 5172	 5129
3	 1918	 1858	 1932	 5157
3	 5146	 1147	 5104	 1136
3	 5104	 1136	 5148	 5146
3	 1147	 1226	 5146	 1290
3	 1858	 1827	 1903	 5165
3	 1903	 1858	 5165	 1932
3	 1861	 1878	 1817	 5139
3	 5147	 1468	 1302	 1293
3	 1293	 5147	 1226	 1302
3	 1338	 1322	 5135	 1321
3	 5135	 1338	 1321	 1175
3	 1321	 1175	 5142	 1276
3	 1321	 5142	 1175	 1132
3	 1132	 1175	 1177	 5142
3	 1338	 1321	 1175	 1132
3	 1321	 5142	 1132	 1365
3	 5151	 1943	 1886	 5141
3	 5141	 1811	 1902	 1886
3	 5151	 1943	 5141	 5162
3	 5151	 1943	 5162	 1826
3	 1943	 5162	 1826	 1933
3	 1943	 5162	 1933	 5165
3	 5167	 1738	 1828	 1654
3	 1677	 1704	 1644	 5169
3	 1677	 1644	 1573	 5169
3	 5139	 1644	 1679	 1704
3	 1861	 1679	 1704	 5139
3	 1704	 1644	 5169	 5164
3	 1861	 1704	 5164	 5139
3	 1861	 5139	 5164	 1878
3	 1177	 1132	 5142	 5140
3	 1251	 1132	 1177	 5140
3	 5140	 1251	 1155	 1177
3	 5142	 1177	 5140	 1155
3	 1425	 5156	 5169	 1319
3	 1300	 5156	 1425	 1319
3	 5167	 1738	 5145	 5168
3	 5145	 1642	 1654	 5167
3	 5145	 1642	 5167	 5171
3	 5167	 5145	 5171	 5166
3	 5166	 5165	 5141	 5171
3	 5166	 5125	 5145	 5171
3	 1570	 5145	 5171	 1642
3	 1609	 5171	 1642	 1570
3	 1642	 5167	 5171	 1827
3	 1334	 5150	 5110	 5106
3	 1461	 1415	 5110	 5137
3	 1704	 1677	 1891	 5168
3	 5168	 5157	 1891	 5164
3	 1891	 5164	 1704	 5168
3	 1861	 1918	 5164	 1891
3	 1918	 1876	 1878	 5164
3	 1891	 1704	 5164	 1861
3	 1891	 1858	 1918	 5157
3	 1602	 1416	 1459	 5145
3	 5168	 5163	 5167	 5157
3	 5168	 5157	 5167	 1738
3	 1891	 1738	 1858	 5157
3	 1364	 1493	 1443	 5147
3	 1443	 1364	 5147	 5148
3	 1493	 1443	 5147	 1566
3	 1492	 5147	 1302	 5158
3	 5148	 5147	 5146	 1226
3	 5148	 1468	 5147	 1293
3	 5103	 5142	 1276	 5173
3	 5106	 1276	 5150	 5173
3	 5106	 1276	 5173	 5103
3	 5103	 5142	 5173	 1155
3	 5148	 5140	 1155	 5173
3	 5140	 1155	 5173	 5142
3	 5142	 5140	 1440	 5173
3	 1566	 1440	 1443	 5148
3	 5142	 5173	 1396	 1276
3	 1396	 5150	 1276	 5173
3	 5173	 5148	 5140	 1440
3	 5140	 1443	 1440	 5148
3	 1443	 5147	 1566	 5148
3	 1440	 5173	 5148	 5150
3	 5102	 5103	 5173	 1155
3	 5106	 5104	 5102	 5173
3	 1136	 5102	 5104	 5173
3	 5173	 5148	 5104	 1136
3	 1543	 1492	 5158	 1575
3	 1302	 5158	 1543	 1492
3	 5147	 1492	 1645	 5158
3	 5104	 5106	 5110	 5150
3	 5106	 5104	 5173	 5150
3	 1566	 5132	 5124	 5150
3	 5167	 5165	 1858	 5157
3	 5112	 1300	 1238	 5136
3	 1319	 1335	 1250	 5158
3	 5136	 5116	 5112	 5159
3	 5156	 5120	 5159	 5112
3	 5156	 5120	 5163	 5159
3	 5112	 5136	 5156	 1300
3	 5112	 5116	 5120	 5159
3	 5136	 5149	 5116	 5159
3	 1644	 1575	 1543	 5158
3	 1644	 1679	 1645	 5139
3	 1644	 5139	 5164	 1704
3	 5114	 5110	 1415	 5137
3	 1943	 5141	 5162	 5165
3	 5136	 1238	 5108	 5107
3	 1226	 1191	 1136	 5148
3	 1191	 1136	 5148	 1155
3	 5137	 1461	 1483	 1542
3	 5158	 1645	 5147	 5139
3	 5131	 1461	 5124	 5137
3	 1461	 1334	 5124	 5137
3	 5137	 5110	 1461	 1334
3	 5150	 5137	 5110	 5146
3	 5137	 5110	 5146	 5114
3	 5110	 5150	 5146	 5104
3	 5132	 5137	 5124	 5150
3	 5132	 5124	 5137	 5131
3	 5162	 5151	 1826	 5144
3	 5146	 5137	 5114	 5136
3	 5146	 5137	 5136	 5158
3	 5137	 1414	 5114	 5136
3	 1503	 5147	 5139	 5170
3	 1503	 1690	 5170	 5139
3	 5131	 1728	 5137	 5170
3	 5169	 5156	 5164	 5136
3	 1891	 5157	 5168	 1738
3	 5167	 1858	 1738	 5157
3	 1918	 5157	 5164	 1891
3	 5146	 1238	 1250	 5136
3	 5158	 5136	 5146	 1250
3	 1250	 5136	 1300	 1319
3	 5136	 5149	 5159	 5137
3	 1416	 5156	 5145	 1602
3	 1728	 5170	 1800	 5164
3	 1878	 1800	 1729	 5139
3	 5164	 5139	 5170	 1800
3	 5155	 1675	 5153	 1812
3	 5144	 1812	 5162	 5153
3	 1566	 5132	 5150	 5147
3	 5147	 1566	 5148	 5150
3	 5173	 1396	 5150	 1440
3	 5173	 5148	 5150	 5104
3	 5148	 5150	 5104	 5146
3	 1226	 1147	 5146	 1136
3	 5148	 1136	 1226	 5146
3	 1226	 1290	 5158	 5146
3	 5146	 5147	 5158	 1226
3	 1293	 1226	 5147	 5148
3	 5158	 1290	 1250	 5146
3	 5148	 5147	 5150	 5146
3	 5158	 1302	 1226	 5147
3	 5159	 5149	 5153	 5152
3	 1728	 5164	 5137	 5170
3	 5159	 5136	 5137	 5164
3	 1728	 5137	 5164	 5159
3	 5159	 5136	 5164	 5156
3	 1690	 1566	 1503	 5132
3	 5170	 5132	 1690	 1503
3	 5158	 5147	 5170	 5139
3	 5139	 1776	 1645	 1503
3	 5173	 1155	 5148	 1136
3	 5139	 5164	 5170	 5158
3	 5139	 5147	 1503	 1645
3	 5137	 5136	 5158	 5164
3	 5158	 5137	 5164	 5170
3	 1300	 5156	 1319	 5136
3	 5156	 5169	 1319	 5136
3	 1250	 1300	 5136	 1238
3	 5144	 5162	 1812	 1826
3	 5131	 5132	 5170	 5137
3	 1136	 1155	 5102	 5173
3	 5132	 5150	 5147	 5137
3	 5147	 5132	 5137	 5170
3	 5137	 5147	 5170	 5158
3	 5146	 5158	 5147	 5137
3	 5147	 5150	 5146	 5137
3	 5164	 5169	 5136	 5158
3	 5169	 5136	 5158	 1319
3	 5158	 1319	 5136	 1250
3	 1644	 5169	 5164	 5158
3	 5164	 1644	 5158	 5139
3	 1644	 5158	 5139	 1645
3	 1889	 1800	 1876	 5174
3	 1876	 1904	 1889	 5174
3	 5164	 5161	 5157	 1876
3	 5174	 1933	 5177	 1904
3	 1800	 1889	 5155	 5174
3	 1800	 1728	 5164	 5174
3	 5157	 1904	 1876	 5161
3	 1876	 1800	 5164	 5174
3	 5161	 5164	 5174	 1876
3	 5161	 5155	 5174	 1728
3	 5097	 1100	 5105	 5175
3	 5105	 1100	 5109	 5175
3	 5105	 5097	 5143	 5111
3	 5143	 1292	 5135	 5175
3	 5105	 5143	 5097	 5175
3	 5111	 5105	 5113	 5143
3	 5143	 5109	 5175	 5105
3	 5175	 5143	 5097	 5135
3	 1100	 1292	 5109	 5175
3	 5109	 1292	 5143	 5175
3	 5130	 1599	 1786	 5176
3	 5133	 5130	 1786	 5176
3	 5172	 5130	 5133	 5151
3	 1599	 5130	 5144	 5176
3	 1786	 5151	 5133	 5176
3	 5176	 5151	 5133	 5130
3	 1826	 1786	 1599	 5176
3	 1786	 1826	 5151	 5176
3	 1826	 5144	 5151	 5176
3	 1599	 5144	 1826	 5176
3	 5161	 5155	 5162	 5177
3	 5155	 1933	 5162	 5177
3	 5177	 1933	 5174	 5155
3	 1933	 5165	 5162	 5177
3	 5165	 5161	 5162	 5177
3	 1933	 1904	 5165	 5177
3	 5157	 1932	 1904	 5165
3	 1933	 5165	 1904	 1932
3	 5155	 1933	 1889	 5178
3	 1933	 5155	 5162	 5178
3	 5155	 1812	 5162	 5178
3	 1933	 1875	 1889	 5178
3	 1889	 1875	 1788	 5155
3	 5162	 1826	 1933	 5178
3	 1875	 1933	 1826	 5178
3	 1812	 1826	 5162	 5178
3	 1875	 1826	 1812	 5178
4	 2211	 2245	 5228	 2212
4	 2276	 2309	 2203	 2286
4	 2276	 2203	 2202	 2286
4	 2236	 2211	 5234	 2201
4	 2323	 2400	 2251	 2297
4	 2285	 2410	 2275	 2345
4	 1278	 1092	 1226	 1191
4	 1278	 1092	 1191	 1093
4	 2163	 2307	 2323	 2284
4	 1813	 1729	 1958	 5134
4	 1753	 1764	 1752	 1688
4	 1753	 1752	 1612	 1688
4	 1623	 1688	 1753	 1612
4	 1623	 1688	 1612	 1624
4	 5235	 2237	 2236	 2165
4	 1510	 1744	 1621	 1712
4	 1797	 1712	 1697	 1621
4	 2007	 2070	 1915	 2068
4	 2235	 2369	 2339	 2254
4	 2211	 2201	 2038	 5234
4	 2097	 2038	 2201	 5234
4	 1958	 1816	 1813	 5134
4	 2022	 1942	 1885	 1940
4	 1942	 1885	 1940	 1810
4	 1185	 1093	 1278	 1251
4	 1093	 1278	 1251	 1191
4	 1839	 1695	 1838	 1771
4	 1744	 1621	 1712	 1797
4	 1569	 1410	 1607	 1590
4	 5318	 1391	 1607	 1410
4	 1854	 1823	 1797	 1621
4	 2007	 1971	 2115	 2068
4	 2133	 2068	 2070	 2115
4	 2210	 2165	 2237	 5233
4	 5235	 2237	 2165	 5233
4	 2309	 2203	 2286	 2235
4	 2203	 2286	 2235	 2150
4	 2309	 2203	 2235	 2254
4	 2208	 2181	 2158	 2141
4	 2115	 2141	 2208	 2158
4	 2133	 2208	 2158	 2115
4	 1871	 1798	 1888	 5236
4	 5065	 5059	 795	 5237
4	 861	 963	 912	 5238
4	 1085	 1184	 1048	 5239
4	 738	 883	 5293	 817
4	 1786	 1825	 1762	 5240
4	 1002	 1041	 966	 974
4	 1772	 1798	 1871	 5236
4	 1222	 1182	 1112	 5242
4	 1129	 1043	 1099	 5243
4	 5108	 5112	 5116	 5244
4	 1807	 1915	 2068	 1759
4	 1759	 2007	 1915	 2068
4	 1296	 1176	 5458	 1162
4	 1259	 1127	 1161	 5245
4	 5380	 1555	 1515	 1656
4	 1456	 1424	 1540	 5246
4	 2139	 2181	 2244	 2141
4	 2208	 2141	 2244	 2181
4	 1333	 1209	 1288	 5247
4	 5180	 5182	 5054	 5248
4	 1643	 1740	 5746	 1689
4	 5061	 5063	 775	 5250
4	 5216	 898	 872	 5251
4	 5184	 5189	 5716	 711
4	 1747	 1699	 1723	 5252
4	 799	 825	 5195	 5253
4	 1448	 1460	 1361	 5254
4	 1130	 1048	 1184	 5239
4	 1130	 1048	 5239	 1033
4	 1737	 1703	 1541	 5255
4	 2284	 2233	 2161	 2136
4	 2163	 2161	 2136	 2284
4	 5065	 795	 809	 5237
4	 1735	 1701	 1810	 5256
4	 1218	 1143	 1206	 1097
4	 1853	 1785	 1721	 1760
4	 1853	 1838	 1785	 1760
4	 5247	 5300	 5329	 1209
4	 2158	 2133	 2115	 1971
4	 2133	 2115	 1971	 2068
4	 2070	 2068	 2007	 2115
4	 1158	 1175	 5098	 1087
4	 1158	 1087	 1132	 1175
4	 1383	 1309	 1384	 5257
4	 5055	 5058	 5051	 5258
4	 5058	 5051	 5258	 5179
4	 1357	 1424	 1456	 5246
4	 5525	 1611	 5290	 1464
4	 1210	 1250	 1183	 1099
4	 1183	 1129	 1210	 1099
4	 1250	 1183	 1099	 1147
4	 1713	 1810	 1701	 5241
4	 1810	 1701	 5241	 5256
4	 773	 795	 5059	 5237
4	 795	 773	 808	 5237
4	 5112	 5679	 5116	 5244
4	 1292	 5118	 1377	 5259
4	 5118	 1377	 5259	 5260
4	 1546	 1557	 1377	 5260
4	 1557	 1546	 1515	 5260
4	 1221	 1121	 1154	 5261
4	 1697	 1797	 1621	 1734
4	 1797	 1854	 1621	 1734
4	 1734	 1853	 1854	 1621
4	 1823	 1795	 1621	 1853
4	 1734	 1795	 1853	 1621
4	 1854	 1823	 1621	 1853
4	 1760	 1854	 1734	 1853
4	 5052	 5055	 5051	 5258
4	 1773	 1736	 1799	 5262
4	 1736	 1799	 5262	 1686
4	 5102	 5106	 5103	 5263
4	 5259	 5118	 5260	 5264
4	 1501	 1643	 1594	 5265
4	 1600	 1763	 1613	 5266
4	 1309	 1577	 1384	 5257
4	 1460	 1373	 1361	 5267
4	 1623	 1612	 1653	 1655
4	 1612	 1623	 1624	 1655
4	 1486	 1380	 1445	 5268
4	 1486	 1476	 1509	 5269
4	 5258	 5051	 5052	 698
4	 738	 5293	 698	 763
4	 1270	 1343	 1416	 5117
4	 1459	 5117	 1416	 1343
4	 1416	 1343	 1490	 1459
4	 2027	 2203	 2127	 5270
4	 5523	 1857	 1798	 1888
4	 5180	 5054	 766	 5248
4	 5061	 766	 5054	 5248
4	 2284	 2297	 2323	 2163
4	 1690	 1659	 1544	 1816
4	 1690	 1544	 5132	 1816
4	 1690	 1566	 5132	 1544
4	 1647	 1816	 5132	 1544
4	 1659	 1545	 1544	 1647
4	 2400	 2251	 2297	 2242
4	 5322	 1418	 1466	 1321
4	 1321	 1168	 1396	 1336
4	 1418	 1336	 1321	 5322
4	 5322	 1566	 1396	 1440
4	 5259	 5118	 5264	 5271
4	 5054	 5061	 5248	 5056
4	 5248	 5054	 5056	 5182
4	 5054	 5053	 5056	 5182
4	 5502	 5182	 5056	 5053
4	 5259	 5118	 5271	 1292
4	 5118	 1292	 5109	 5271
4	 5271	 5259	 1292	 1229
4	 774	 855	 865	 5272
4	 774	 855	 5272	 5207
4	 1622	 1713	 1701	 5241
4	 1048	 5239	 1033	 1027
4	 1048	 5239	 1027	 1085
4	 939	 1061	 970	 1086
4	 939	 970	 1061	 969
4	 5472	 912	 972	 963
4	 5103	 5100	 5099	 5273
4	 5100	 5099	 5273	 5097
4	 863	 906	 921	 5274
4	 1888	 5236	 5562	 1871
4	 1872	 1787	 1871	 5562
4	 1787	 1772	 1871	 5236
4	 1650	 1733	 1868	 5275
4	 5412	 1182	 5242	 1112
4	 1125	 1112	 1041	 5412
4	 5718	 5434	 5203	 5195
4	 5105	 5113	 5109	 5276
4	 1762	 1786	 5240	 1599
4	 5103	 1155	 5102	 5277
4	 5243	 1226	 1147	 1129
4	 1183	 1129	 1099	 1147
4	 1099	 1147	 5243	 5278
4	 1838	 1771	 1695	 1760
4	 1785	 1721	 1760	 1695
4	 1721	 1853	 1760	 1734
4	 1246	 1173	 1144	 5279
4	 2142	 2134	 2219	 2222
4	 825	 850	 5204	 5280
4	 1113	 1174	 1125	 5281
4	 2060	 1966	 1983	 1860
4	 2051	 1860	 1967	 1983
4	 1599	 1512	 5130	 5282
4	 5729	 5663	 1417	 1333
4	 5065	 5059	 5237	 5064
4	 1159	 1313	 1255	 5283
4	 1127	 1161	 5245	 1019
4	 1801	 5662	 1909	 1649
4	 1125	 1113	 5281	 1002
4	 1147	 5243	 5278	 1136
4	 1147	 5243	 1136	 1226
4	 5193	 5189	 5200	 5284
4	 1112	 1222	 5242	 1190
4	 1112	 5242	 1125	 1190
4	 1208	 1222	 5519	 1182
4	 5098	 5101	 5099	 5285
4	 5285	 5304	 5099	 5277
4	 5131	 1542	 1728	 5286
4	 1498	 1459	 1490	 1370
4	 1343	 1490	 1459	 1370
4	 5709	 861	 895	 912
4	 861	 963	 5238	 883
4	 1270	 1300	 1259	 1269
4	 1747	 1699	 5252	 1639
4	 1546	 1336	 5333	 1377
4	 5118	 1336	 1377	 5333
4	 1377	 5259	 5260	 1345
4	 5373	 5275	 5240	 1762
4	 1786	 1825	 5240	 1811
4	 2339	 2254	 2309	 2235
4	 1085	 1184	 5239	 5287
4	 5104	 5107	 5114	 5288
4	 1501	 1643	 5265	 1502
4	 2194	 2082	 2060	 5289
4	 1593	 1676	 1726	 5290
4	 2194	 1983	 2120	 2011
4	 2194	 2011	 5289	 2060
4	 5051	 5258	 5179	 5190
4	 5250	 5063	 5206	 809
4	 843	 757	 809	 5206
4	 844	 757	 843	 5206
4	 757	 5063	 5206	 775
4	 1144	 1058	 5680	 1173
4	 1706	 1830	 1864	 5291
4	 863	 906	 5274	 891
4	 1944	 2000	 2071	 5292
4	 764	 739	 738	 5293
4	 764	 739	 5293	 5062
4	 1266	 1206	 1188	 5294
4	 5246	 5128	 5256	 5241
4	 1735	 1701	 5256	 5128
4	 5246	 5241	 1622	 5128
4	 5261	 5332	 5412	 1221
4	 1643	 1689	 5249	 1502
4	 5249	 1643	 1502	 5265
4	 5249	 1643	 5265	 1594
4	 1810	 1735	 5256	 1811
4	 5256	 1810	 1811	 1855
4	 5109	 5105	 5276	 5295
4	 5109	 5105	 5295	 1100
4	 5130	 1599	 5282	 5240
4	 1786	 1599	 5130	 5240
4	 1206	 1188	 5294	 1097
4	 843	 913	 844	 5206
4	 913	 844	 5206	 944
4	 5206	 844	 822	 944
4	 1361	 1448	 5254	 1344
4	 1162	 1107	 1094	 1103
4	 1178	 1107	 1162	 1103
4	 872	 5251	 5482	 5216
4	 5214	 905	 5482	 872
4	 1540	 1456	 5246	 1479
4	 1852	 2047	 1808	 5296
4	 1333	 1209	 5247	 1174
4	 5061	 5063	 5250	 5064
4	 989	 5098	 5101	 1175
4	 773	 745	 895	 5059
4	 746	 775	 5250	 5061
4	 5061	 5248	 5250	 746
4	 5248	 5061	 766	 746
4	 5250	 5061	 5064	 5248
4	 5061	 5248	 5056	 5064
4	 1040	 1083	 1187	 5297
4	 1799	 1773	 5262	 1737
4	 5063	 775	 5250	 5206
4	 5180	 5182	 5248	 5194
4	 1043	 1099	 5243	 5278
4	 1043	 1099	 5278	 1042
4	 5713	 5243	 5685	 1043
4	 1763	 1613	 5266	 5286
4	 1905	 1714	 1763	 5286
4	 1714	 1763	 5286	 1613
4	 1877	 1905	 1814	 5286
4	 5286	 1714	 1613	 1542
4	 5286	 1714	 1542	 1728
4	 1424	 1540	 5246	 1539
4	 5102	 5106	 5263	 5298
4	 5298	 5110	 5288	 5106
4	 1706	 1830	 5291	 1516
4	 5200	 5193	 5284	 5202
4	 5284	 5200	 5202	 5210
4	 1161	 1259	 5245	 5299
4	 1259	 1127	 5245	 1250
4	 1250	 1259	 1238	 5245
4	 1259	 1127	 1250	 1210
4	 5055	 5058	 5258	 5060
4	 1653	 1612	 1514	 1655
4	 1733	 1868	 5275	 1938
4	 2194	 2082	 5289	 5230
4	 2194	 2238	 2082	 5230
4	 2212	 2082	 2238	 5230
4	 2245	 2238	 5230	 2212
4	 1476	 1509	 5269	 1795
4	 1795	 1721	 1509	 5269
4	 5258	 5058	 5179	 5192
4	 5058	 5184	 5192	 5258
4	 5058	 5258	 5060	 5184
4	 1486	 1380	 5268	 1316
4	 1085	 1184	 5287	 1211
4	 1163	 1211	 1085	 5287
4	 1163	 1211	 5287	 1271
4	 1557	 1377	 5260	 1345
4	 1557	 1407	 1377	 1345
4	 1557	 1407	 1345	 1427
4	 5108	 5112	 5244	 5245
4	 1238	 5112	 5108	 5245
4	 1811	 1855	 1900	 5296
4	 1825	 5240	 1811	 5296
4	 1811	 1825	 5296	 1900
4	 1174	 1190	 1125	 5281
4	 855	 865	 5272	 997
4	 855	 5272	 5207	 5208
4	 1040	 1083	 5297	 1052
4	 1773	 1736	 5262	 1610
4	 1773	 5262	 1737	 1610
4	 2036	 2153	 2003	 2089
4	 1383	 1240	 1309	 5300
4	 1185	 1093	 1251	 1177
4	 1185	 1132	 1078	 1177
4	 1177	 1132	 1251	 1185
4	 1078	 1185	 1177	 1093
4	 5286	 1714	 1728	 1788
4	 1728	 5286	 1788	 1729
4	 1728	 5286	 1729	 5134
4	 898	 872	 5251	 939
4	 1699	 1723	 5252	 1641
4	 5615	 1747	 1928	 1723
4	 5102	 5103	 5277	 5263
4	 5103	 5277	 5263	 5273
4	 1967	 1689	 5249	 5746
4	 5272	 774	 5207	 5199
4	 865	 774	 5272	 5199
4	 835	 774	 865	 5199
4	 1345	 5271	 1229	 5259
4	 5710	 959	 5301	 1053
4	 1053	 959	 5301	 1010
4	 2203	 2127	 5270	 2254
4	 5233	 2127	 2254	 5270
4	 5106	 5103	 5263	 1276
4	 5273	 5263	 5103	 5100
4	 5273	 5100	 5346	 5263
4	 1650	 5371	 5296	 1668
4	 850	 5204	 5280	 863
4	 1161	 1259	 5299	 1269
4	 1259	 5299	 1269	 1300
4	 5115	 5112	 1300	 5299
4	 5245	 5112	 5299	 1300
4	 5299	 1300	 1259	 5245
4	 1173	 1269	 1161	 5299
4	 1300	 1238	 1259	 5245
4	 5245	 1238	 5112	 1300
4	 5217	 1614	 5220	 5302
4	 1240	 1309	 5300	 5287
4	 1240	 1309	 5287	 1211
4	 1309	 5287	 1211	 1271
4	 5287	 1240	 1211	 1184
4	 795	 836	 809	 5237
4	 1047	 1098	 1113	 5303
4	 1737	 5292	 1703	 5255
4	 5262	 1610	 5599	 1737
4	 1737	 1541	 1610	 5599
4	 5577	 1255	 1264	 1313
4	 980	 1078	 989	 5304
4	 980	 1078	 5304	 1093
4	 1177	 1078	 1093	 5304
4	 997	 1052	 973	 5305
4	 1460	 1373	 5267	 1406
4	 1448	 1460	 5254	 5306
4	 1460	 1361	 5254	 5267
4	 5516	 1190	 1301	 1174
4	 1684	 1496	 1524	 1561
4	 2007	 1971	 2068	 1759
4	 5566	 1686	 5262	 5562
4	 5262	 1686	 5566	 1736
4	 5262	 1736	 1563	 1610
4	 2201	 2097	 5234	 2165
4	 5274	 824	 796	 921
4	 5274	 824	 921	 863
4	 1653	 1843	 1623	 5307
4	 1843	 1623	 5307	 1974
4	 1623	 1843	 1957	 1974
4	 5662	 1831	 1741	 1909
4	 5634	 1361	 1372	 1373
4	 1613	 1600	 5266	 1461
4	 2047	 1808	 5296	 2008
4	 1852	 2047	 5296	 2046
4	 1416	 1300	 1270	 5117
4	 1830	 1864	 5291	 1985
4	 1864	 1706	 5291	 1615
4	 1448	 1460	 5306	 1600
4	 1460	 5306	 1600	 1461
4	 1728	 5131	 5286	 5134
4	 5286	 5266	 5131	 1542
4	 5251	 939	 872	 5459
4	 1433	 1403	 1340	 5308
4	 5416	 5376	 5308	 1340
4	 1221	 1121	 5261	 5309
4	 1121	 1154	 5261	 986
4	 5105	 5113	 5276	 5310
4	 5113	 5109	 5276	 5271
4	 5113	 5109	 5271	 5118
4	 5109	 5276	 5271	 5311
4	 5271	 5109	 5311	 1149
4	 5109	 1292	 1100	 1149
4	 1100	 1138	 1149	 1292
4	 1138	 1229	 1149	 1292
4	 5271	 5113	 5118	 5264
4	 5276	 5113	 5271	 5264
4	 1309	 5641	 1383	 5300
4	 1384	 1383	 5257	 1558
4	 1831	 5219	 5229	 5312
4	 5239	 1027	 5313	 919
4	 919	 791	 5352	 938
4	 799	 825	 5253	 798
4	 5195	 799	 5253	 5188
4	 1187	 1040	 5297	 984
4	 1097	 1218	 1187	 5556
4	 5103	 1155	 5277	 5304
4	 5103	 5101	 1155	 5304
4	 5103	 5099	 5101	 5304
4	 5285	 5101	 5304	 989
4	 5101	 1175	 1078	 989
4	 5101	 5098	 989	 5285
4	 5098	 1087	 989	 1005
4	 5280	 825	 873	 798
4	 825	 850	 5280	 873
4	 5253	 798	 825	 5280
4	 1944	 2000	 5292	 1999
4	 2023	 2135	 2117	 5314
4	 1380	 1445	 5268	 1266
4	 5319	 5269	 1476	 1486
4	 1406	 1414	 5732	 5740
4	 1354	 1197	 1234	 5315
4	 1354	 1197	 5315	 5283
4	 1159	 1354	 1313	 5283
4	 5536	 5283	 5297	 1159
4	 5556	 5315	 1234	 1197
4	 1159	 1197	 5283	 1187
4	 1159	 5283	 1197	 1354
4	 1013	 1100	 1149	 5295
4	 1100	 1149	 5295	 5109
4	 5104	 5107	 5288	 5278
4	 1136	 1147	 5104	 5278
4	 5104	 5107	 5278	 1147
4	 1600	 1572	 1752	 5316
4	 1572	 1752	 5316	 1612
4	 5181	 5192	 5196	 5317
4	 5107	 5690	 5114	 5288
4	 5114	 5104	 5288	 5110
4	 2127	 2027	 5270	 2073
4	 2027	 2203	 5270	 2202
4	 2203	 5270	 2202	 2286
4	 2203	 2286	 2150	 5270
4	 5270	 2202	 2286	 2099
4	 2150	 2286	 2099	 5270
4	 2150	 2099	 2098	 5270
4	 5270	 2203	 2254	 2150
4	 2203	 2235	 2254	 2150
4	 2112	 2027	 2098	 2099
4	 5270	 2202	 2099	 2027
4	 2098	 2027	 5270	 2099
4	 1566	 5132	 1544	 1545
4	 1544	 5132	 1647	 1545
4	 1544	 1566	 1545	 1466
4	 2124	 2191	 2094	 2087
4	 2191	 2094	 2087	 2162
4	 2095	 2094	 2191	 2162
4	 2087	 2162	 2233	 2191
4	 2095	 2094	 2162	 1997
4	 2094	 2087	 2162	 1997
4	 2162	 2095	 1997	 2032
4	 2095	 2162	 2022	 2032
4	 2022	 2095	 2032	 2008
4	 5179	 5192	 5181	 5317
4	 1455	 1391	 1523	 5318
4	 5524	 1410	 1358	 1391
4	 1391	 1523	 5318	 1607
4	 5524	 1569	 1410	 5318
4	 1523	 1510	 1455	 5318
4	 1510	 1455	 5318	 1445
4	 1523	 1510	 5318	 1712
4	 1510	 5318	 1712	 5319
4	 5319	 5318	 1712	 1606
4	 5734	 5319	 1606	 5318
4	 1712	 1569	 5318	 1607
4	 1681	 1632	 1660	 1528
4	 1660	 1681	 1528	 1626
4	 1510	 5318	 5319	 1445
4	 1510	 1476	 1445	 5319
4	 1712	 1510	 5319	 1621
4	 1510	 1621	 1476	 5319
4	 1188	 1266	 5294	 5309
4	 1221	 1266	 1188	 5309
4	 1188	 1221	 5309	 1121
4	 1266	 1206	 5294	 1380
4	 5294	 1266	 1380	 5268
4	 1380	 5294	 5268	 1316
4	 1206	 1380	 1316	 5294
4	 5339	 5242	 1332	 5516
4	 5516	 1332	 1190	 5242
4	 5303	 1098	 5328	 1047
4	 1047	 1130	 5239	 1033
4	 5727	 838	 5208	 925
4	 838	 855	 5208	 925
4	 1509	 1486	 5269	 1434
4	 1486	 1445	 1476	 5319
4	 5289	 2011	 1967	 2060
4	 5746	 1860	 1966	 2060
4	 2194	 2060	 1983	 2011
4	 2120	 1983	 2051	 2011
4	 2051	 1967	 2011	 1983
4	 2082	 1956	 5289	 5226
4	 5230	 5229	 5226	 5289
4	 5289	 2082	 5226	 5230
4	 5228	 5230	 5226	 2082
4	 5230	 5228	 2245	 2212
4	 5302	 5217	 5567	 5220
4	 1354	 1234	 1474	 5315
4	 1497	 1404	 1457	 5320
4	 5700	 1497	 1496	 1457
4	 1640	 1711	 1734	 5269
4	 1383	 1240	 5300	 1288
4	 1240	 5300	 1288	 1239
4	 1053	 985	 5321	 5710
4	 985	 1053	 5321	 1110
4	 1566	 1545	 1466	 5322
4	 5124	 1566	 1396	 5322
4	 5322	 1466	 1566	 1440
4	 1440	 1321	 1396	 5322
4	 1545	 1466	 5322	 1467
4	 2000	 2071	 5292	 5233
4	 2000	 2071	 5233	 2210
4	 2071	 5292	 5233	 5270
4	 2165	 2210	 2000	 5233
4	 2073	 5233	 5227	 5292
4	 5292	 5233	 5270	 2073
4	 5233	 5270	 2073	 2127
4	 2071	 1944	 5292	 1874
4	 1594	 1501	 5265	 1554
4	 1752	 1600	 1739	 1763
4	 1600	 5345	 1572	 5316
4	 738	 698	 5293	 739
4	 861	 5293	 5709	 738
4	 764	 738	 745	 5709
4	 5279	 1246	 5726	 1144
4	 1173	 5279	 5299	 5680
4	 5299	 1173	 1058	 1161
4	 2222	 2285	 2265	 2219
4	 2222	 2125	 2142	 2134
4	 2142	 2222	 2219	 2209
4	 2222	 2219	 2209	 2285
4	 1359	 1284	 1357	 5323
4	 5743	 5323	 1359	 1357
4	 1113	 1047	 5303	 1002
4	 1098	 1113	 5303	 5281
4	 1113	 5303	 5281	 1002
4	 1640	 1651	 1638	 5269
4	 1640	 1711	 5269	 1638
4	 5523	 5236	 1798	 1772
4	 5193	 5189	 5284	 5192
4	 1052	 973	 5305	 1040
4	 5234	 2236	 2201	 2165
4	 2236	 5234	 5235	 2165
4	 2117	 2023	 5314	 1996
4	 1513	 1329	 1446	 5324
4	 1446	 5324	 5597	 1513
4	 973	 997	 5305	 5272
4	 973	 865	 997	 5272
4	 997	 1052	 5305	 986
4	 1788	 1714	 1905	 5286
4	 1877	 1905	 5286	 1788
4	 5286	 1788	 1729	 1877
4	 1639	 1761	 1696	 5325
4	 1639	 1524	 5618	 1696
4	 5196	 5181	 5317	 5191
4	 5556	 1234	 1187	 1197
4	 5315	 5283	 1197	 5556
4	 5297	 1159	 5283	 1187
4	 1599	 1512	 5282	 1608
4	 5677	 5130	 5123	 1512
4	 1624	 1655	 1555	 5316
4	 2210	 2235	 2150	 2254
4	 5233	 2254	 2237	 2210
4	 2210	 2237	 2369	 2254
4	 2242	 2219	 2209	 2117
4	 2023	 2135	 5314	 1955
4	 1330	 1344	 1371	 5326
4	 1371	 1330	 5326	 5327
4	 1371	 1330	 5327	 1329
4	 5499	 1329	 5543	 5327
4	 1513	 1329	 5324	 1362
4	 1513	 5324	 1571	 1362
4	 1653	 1623	 1655	 5307
4	 1623	 1655	 5307	 1656
4	 919	 938	 5313	 5239
4	 5239	 1033	 1027	 919
4	 1047	 5239	 5350	 938
4	 1033	 938	 919	 5239
4	 1184	 5239	 5287	 5328
4	 1098	 5329	 1130	 1239
4	 5329	 1130	 1239	 1184
4	 5239	 1085	 5287	 5330
4	 5239	 1085	 5330	 1027
4	 1614	 5220	 5302	 1615
4	 5666	 1583	 5664	 1614
4	 1121	 5261	 5309	 5331
4	 5261	 1221	 5309	 5332
4	 5261	 1154	 1221	 5412
4	 5196	 5193	 5198	 5317
4	 5284	 5192	 5317	 5193
4	 5198	 5193	 5284	 5317
4	 5245	 1161	 5299	 1058
4	 5245	 1161	 1058	 1019
4	 5097	 5273	 5697	 5285
4	 5285	 5099	 5098	 5097
4	 5285	 5101	 5099	 5304
4	 2251	 2400	 2345	 2275
4	 2400	 2251	 2242	 2275
4	 2400	 2275	 2410	 2345
4	 5118	 5260	 5264	 5333
4	 5260	 5118	 1377	 5333
4	 5113	 1336	 5118	 5333
4	 5264	 5118	 5333	 5113
4	 5260	 5259	 5264	 1345
4	 5260	 5264	 5333	 5334
4	 5333	 5260	 5334	 1515
4	 5333	 5260	 1515	 1546
4	 5333	 5260	 1546	 1377
4	 5113	 5276	 5310	 5335
4	 5380	 5113	 1168	 5335
4	 5276	 5105	 5310	 5295
4	 1460	 5254	 5306	 5336
4	 5254	 1448	 5306	 5337
4	 5254	 1448	 5337	 1344
4	 1085	 5287	 5330	 1163
4	 5330	 1085	 1163	 1077
4	 5287	 5239	 5330	 5338
4	 1121	 5261	 5331	 986
4	 1460	 5254	 5336	 5267
4	 1113	 1174	 5281	 1098
4	 1360	 1332	 1554	 5339
4	 1360	 1332	 5339	 5242
4	 1332	 1360	 1306	 5242
4	 5239	 5287	 5328	 5338
4	 1184	 5300	 5329	 5287
4	 5668	 5300	 5287	 5329
4	 5287	 1184	 5300	 1240
4	 1184	 5329	 5300	 1239
4	 5300	 1184	 1239	 1240
4	 5329	 5300	 1239	 1209
4	 1099	 5278	 1042	 1127
4	 1099	 1147	 5278	 1127
4	 1099	 1250	 1147	 1127
4	 1099	 1250	 1127	 1210
4	 1250	 1147	 1127	 5245
4	 1250	 1147	 5245	 1238
4	 1147	 1127	 5245	 5278
4	 1434	 5269	 5700	 1486
4	 5268	 1486	 1316	 5700
4	 5106	 5263	 5298	 5340
4	 5298	 5106	 5340	 5110
4	 5106	 5263	 5340	 1276
4	 5263	 5102	 5298	 5277
4	 5263	 5298	 5340	 5341
4	 1515	 5380	 5334	 5333
4	 1656	 5684	 5646	 5307
4	 1515	 5334	 1656	 1658
4	 1515	 5334	 1658	 5260
4	 1557	 1515	 1658	 5260
4	 967	 1032	 937	 5342
4	 5452	 967	 965	 5467
4	 5254	 5306	 5336	 1289
4	 5306	 5336	 1289	 1334
4	 5306	 1460	 5336	 1461
4	 5110	 1461	 1334	 5336
4	 5336	 5306	 1461	 1334
4	 5306	 1461	 1334	 5124
4	 1334	 5110	 5336	 5106
4	 5106	 5340	 5110	 5336
4	 1460	 5336	 1461	 1406
4	 1460	 5336	 1406	 5267
4	 5276	 5310	 5335	 5343
4	 5113	 5276	 5335	 5264
4	 5333	 5264	 5113	 5335
4	 5261	 5309	 5331	 5344
4	 1097	 5294	 5331	 5309
4	 5309	 1188	 1121	 1097
4	 1121	 1097	 5331	 5309
4	 5309	 5294	 1188	 1097
4	 5331	 1121	 986	 1097
4	 1448	 5306	 5337	 5345
4	 1448	 5306	 5345	 1600
4	 5306	 5254	 5337	 1289
4	 5276	 5109	 5295	 5311
4	 1284	 5682	 1357	 5323
4	 1359	 1284	 5323	 1304
4	 1340	 1433	 5308	 1353
4	 1433	 1403	 5308	 1551
4	 5111	 1276	 1168	 5346
4	 1276	 1168	 5346	 1289
4	 1053	 5301	 5321	 5347
4	 5436	 5347	 1135	 1053
4	 5239	 5330	 5338	 5349
4	 5352	 5313	 5349	 5712
4	 5239	 5313	 5712	 5349
4	 5239	 5313	 5349	 5350
4	 5313	 5349	 5350	 5351
4	 5313	 5349	 5351	 5352
4	 5712	 5313	 5239	 1027
4	 919	 791	 857	 5352
4	 791	 938	 5351	 5352
4	 1027	 857	 5352	 919
4	 5352	 5313	 1027	 919
4	 5350	 5239	 5313	 938
4	 5349	 5239	 5350	 5338
4	 5239	 5350	 5338	 5328
4	 5330	 5287	 5338	 5353
4	 5321	 5301	 5348	 5354
4	 1221	 5309	 5332	 1235
4	 5332	 1221	 1235	 1208
4	 1221	 1266	 5309	 1235
4	 5309	 5261	 5332	 5344
4	 773	 895	 808	 5237
4	 895	 773	 5059	 5237
4	 5733	 1831	 5312	 2089
4	 1628	 2003	 1946	 5312
4	 2089	 2003	 5312	 1946
4	 1053	 5301	 5347	 1010
4	 5301	 5321	 5347	 5354
4	 5334	 5380	 5403	 5333
4	 5260	 5264	 5334	 5355
4	 5301	 5348	 5354	 5356
4	 5348	 5237	 5356	 5301
4	 5298	 5340	 5341	 5357
4	 1726	 1593	 5290	 1774
4	 1593	 1676	 5290	 1594
4	 5290	 1593	 1594	 1554
4	 5265	 1594	 1554	 5290
4	 5290	 1594	 5249	 5265
4	 5298	 5340	 5357	 5110
4	 5357	 5298	 5110	 5288
4	 5310	 5335	 5343	 5358
4	 5310	 5335	 5358	 1289
4	 5330	 5287	 5353	 1163
4	 5287	 5353	 1163	 1271
4	 1163	 1242	 1271	 5353
4	 5260	 5264	 5355	 1345
4	 5263	 5298	 5341	 5277
4	 5340	 5263	 5341	 5359
4	 5340	 5263	 5359	 5346
4	 5263	 5340	 1276	 5346
4	 1238	 5108	 5107	 5245
4	 5335	 5276	 5343	 5360
4	 5276	 5310	 5343	 5295
4	 5111	 1276	 5346	 5100
4	 5349	 5350	 5351	 5361
4	 5351	 5349	 5361	 5362
4	 5351	 5349	 5362	 5352
4	 5349	 5350	 5361	 5338
4	 5350	 5313	 5351	 938
4	 1047	 938	 1033	 5239
4	 5361	 5364	 5491	 5351
4	 5361	 5350	 5351	 5491
4	 5351	 5361	 5364	 5362
4	 5331	 5261	 5344	 5365
4	 5331	 5261	 5365	 986
4	 5309	 5331	 5344	 5294
4	 5345	 5337	 5380	 5306
4	 5345	 5306	 5366	 5367
4	 5345	 5306	 5367	 1600
4	 5367	 5345	 1600	 5316
4	 5367	 5345	 5316	 1555
4	 1655	 1555	 5316	 5345
4	 5424	 1655	 1514	 5337
4	 1514	 1572	 1448	 5345
4	 1600	 1572	 5345	 1448
4	 5316	 1572	 1612	 5345
4	 1572	 1612	 5345	 1514
4	 1612	 5316	 5345	 1655
4	 1624	 1612	 1655	 5316
4	 5345	 1612	 1655	 1514
4	 5335	 5276	 5360	 5264
4	 5264	 5259	 5271	 1345
4	 1345	 1229	 5271	 1176
4	 855	 5208	 925	 5272
4	 1078	 989	 5304	 5101
4	 5304	 1078	 5101	 1177
4	 989	 1087	 5098	 1175
4	 1175	 1087	 1078	 989
4	 1177	 1132	 1078	 1175
4	 1175	 1087	 1132	 1078
4	 5101	 1177	 1078	 1175
4	 5101	 5304	 1177	 1155
4	 989	 980	 5304	 979
4	 5304	 5285	 989	 979
4	 5646	 5380	 5334	 1656
4	 5334	 5260	 5355	 1680
4	 5334	 5260	 1680	 1658
4	 1680	 1557	 1658	 5260
4	 1680	 1427	 1557	 5355
4	 1345	 1427	 5355	 1557
4	 5355	 5260	 1345	 1557
4	 5260	 1680	 1557	 5355
4	 5264	 5334	 5355	 5368
4	 5287	 5338	 5353	 5369
4	 5287	 5668	 5338	 5369
4	 5338	 5330	 5353	 5370
4	 5338	 5330	 5370	 5349
4	 1650	 1668	 1536	 5371
4	 5371	 1650	 5275	 5372
4	 1536	 1551	 1650	 5372
4	 5275	 5371	 5372	 5373
4	 5275	 5371	 5373	 5240
4	 1650	 1536	 5372	 5371
4	 5371	 5372	 5373	 5374
4	 5371	 5372	 5374	 1536
4	 5373	 5371	 5374	 5282
4	 5372	 5275	 5373	 1783
4	 5372	 5373	 5374	 5375
4	 5374	 5372	 5375	 5376
4	 5374	 5372	 5376	 1536
4	 1551	 1536	 1341	 5376
4	 1551	 1536	 5376	 5372
4	 5376	 5374	 1536	 1314
4	 1536	 1314	 1341	 5376
4	 5416	 1314	 5376	 1341
4	 1341	 1205	 1233	 5416
4	 1341	 5416	 1314	 1245
4	 5376	 1551	 5372	 5375
4	 5376	 1551	 5375	 5308
4	 5376	 1551	 5308	 1403
4	 1403	 1341	 1340	 5376
4	 5416	 1341	 1340	 1233
4	 5308	 1403	 1340	 5376
4	 1403	 1341	 5376	 1551
4	 1668	 1536	 5371	 1423
4	 5368	 5334	 5403	 5264
4	 5373	 5374	 5375	 5282
4	 5372	 5373	 5375	 1783
4	 5375	 5372	 1783	 1551
4	 5348	 5321	 5354	 5377
4	 5348	 5321	 5377	 1118
4	 5343	 5335	 5360	 5378
4	 5343	 5335	 5378	 5358
4	 5276	 5343	 5360	 5379
4	 5276	 5343	 5379	 5295
4	 1289	 5306	 5366	 5380
4	 5345	 5380	 5366	 5306
4	 5335	 5310	 5113	 1168
4	 5113	 5333	 5335	 5380
4	 5335	 1289	 5380	 5337
4	 5335	 1289	 5337	 5358
4	 1289	 5337	 5358	 5254
4	 5321	 5354	 5377	 5381
4	 5354	 5348	 5377	 5382
4	 5354	 5348	 5382	 5356
4	 5291	 1504	 1516	 5368
4	 5355	 5264	 5368	 5383
4	 5355	 5264	 5383	 1345
4	 5261	 5344	 5365	 5384
4	 5261	 5344	 5384	 5332
4	 5344	 5331	 5365	 5385
4	 5459	 5361	 5370	 5349
4	 5263	 5341	 5359	 5386
4	 5263	 5341	 5386	 5277
4	 5386	 5263	 5277	 5273
4	 5359	 5263	 5386	 5273
4	 5263	 5359	 5346	 5273
4	 5346	 5100	 1276	 5263
4	 5263	 1276	 5103	 5100
4	 5341	 5340	 5359	 5387
4	 5341	 5340	 5387	 5357
4	 5331	 5365	 5385	 5388
4	 5331	 5365	 5388	 986
4	 5341	 5359	 5386	 5389
4	 5330	 5353	 5370	 5390
4	 1049	 1077	 5390	 1242
4	 1242	 1077	 5330	 1163
4	 1163	 1077	 1049	 1242
4	 1242	 1049	 1102	 5390
4	 5353	 1242	 5390	 5330
4	 5330	 1077	 1242	 5390
4	 1102	 1242	 5390	 1103
4	 5390	 1102	 1103	 1086
4	 5353	 5338	 5370	 5392
4	 5338	 5353	 5369	 5392
4	 5465	 5666	 5287	 5369
4	 5341	 5298	 5357	 5393
4	 5341	 5298	 5393	 5277
4	 5298	 5357	 5393	 5288
4	 5357	 5341	 5393	 5394
4	 5365	 5344	 5385	 5395
4	 5344	 5331	 5385	 5294
4	 5396	 5359	 5346	 5340
4	 5359	 5341	 5387	 5389
4	 5343	 5310	 5358	 5396
4	 5396	 5310	 5448	 5343
4	 5310	 5358	 5396	 5346
4	 5358	 5310	 1289	 5346
4	 5358	 5343	 5396	 5397
4	 5344	 5365	 5384	 5395
4	 5365	 5261	 5384	 5398
4	 5365	 5261	 5398	 986
4	 919	 5352	 5313	 938
4	 5351	 938	 5313	 5352
4	 5351	 938	 791	 904
4	 5343	 5360	 5379	 5399
4	 5360	 5276	 5379	 5400
4	 5360	 5276	 5400	 5264
4	 5276	 5400	 5264	 5271
4	 5276	 5400	 5271	 5311
4	 5377	 5321	 5381	 5401
4	 5377	 5321	 5401	 1118
4	 5343	 5396	 5397	 5402
4	 5335	 5360	 5378	 5403
4	 5335	 5333	 5264	 5403
4	 5360	 5335	 5264	 5403
4	 5360	 5343	 5378	 5399
4	 5338	 5370	 5392	 5361
4	 5295	 5343	 5402	 5448
4	 5402	 5343	 5295	 5379
4	 5370	 5353	 5392	 5404
4	 5354	 5377	 5381	 5405
4	 5321	 5354	 5381	 5347
4	 5386	 5341	 5389	 5406
4	 5341	 5393	 5394	 5406
4	 5359	 5386	 5389	 5407
4	 5386	 5341	 5406	 5393
4	 5393	 5357	 5394	 5408
4	 5357	 5341	 5394	 5387
4	 5385	 5365	 5395	 5409
4	 5344	 5385	 5395	 5410
4	 5354	 5377	 5405	 5382
4	 5379	 5343	 5399	 5402
4	 5353	 5370	 5390	 5404
4	 5360	 5379	 5399	 5411
4	 5261	 5384	 5398	 5412
4	 5332	 1124	 5412	 1221
4	 5261	 5384	 5412	 5332
4	 5384	 5365	 5398	 5413
4	 5365	 5398	 5413	 5414
4	 5365	 5398	 5414	 986
4	 5365	 5388	 986	 5414
4	 5393	 5357	 5408	 5288
4	 5359	 5386	 5407	 5273
4	 5385	 5365	 5409	 5388
4	 5348	 5377	 5382	 5415
4	 5348	 5377	 5415	 1096
4	 5377	 5348	 1118	 1096
4	 1021	 936	 5720	 1096
4	 5348	 1118	 1096	 936
4	 1118	 5377	 1096	 1153
4	 1118	 5377	 1153	 5401
4	 1153	 1118	 5401	 1205
4	 1118	 5401	 1205	 1245
4	 5375	 5374	 5376	 5416
4	 5375	 5374	 5416	 5282
4	 5374	 5376	 5416	 1314
4	 5376	 5375	 5416	 5308
4	 5383	 5368	 5450	 5264
4	 5400	 5360	 5264	 5450
4	 5383	 1516	 5368	 5355
4	 5377	 5382	 5415	 5417
4	 5382	 5348	 5415	 5418
4	 5382	 5348	 5418	 5356
4	 5385	 1598	 5410	 5344
4	 5415	 5606	 5377	 5417
4	 5377	 5415	 1096	 1153
4	 5384	 5398	 5412	 5419
4	 5412	 5384	 5419	 5420
4	 5412	 5384	 5420	 5332
4	 5398	 5261	 5412	 1154
4	 1221	 1154	 1124	 5412
4	 5398	 5261	 1154	 986
4	 5354	 5301	 5356	 5421
4	 5354	 5301	 5421	 5347
4	 5301	 5356	 5421	 5250
4	 5356	 5354	 5421	 5422
4	 5354	 5421	 5422	 5408
4	 5421	 5354	 5347	 5408
4	 5423	 5399	 5360	 5378
4	 5378	 5335	 5403	 5424
4	 5378	 5335	 5424	 5358
4	 5337	 5335	 5358	 5424
4	 5396	 5358	 5397	 5425
4	 5396	 5358	 5425	 5346
4	 5396	 5387	 5359	 5340
4	 5358	 5343	 5397	 5378
4	 5360	 5379	 5411	 5400
4	 5276	 5379	 5400	 5311
4	 5276	 5379	 5311	 5295
4	 5421	 5356	 5422	 5250
4	 5356	 5354	 5422	 5382
4	 5367	 5322	 5124	 5366
4	 5366	 5345	 5367	 1555
4	 5392	 5370	 5404	 5426
4	 5392	 5370	 5426	 5361
4	 5353	 5392	 5404	 5427
4	 5403	 5378	 5424	 1362
4	 5378	 5424	 1362	 1344
4	 5337	 1448	 1514	 1344
4	 1344	 1362	 1514	 5424
4	 5335	 5403	 5424	 5380
4	 5337	 5335	 5424	 5380
4	 5353	 5392	 5427	 5369
4	 5385	 5331	 5388	 5428
4	 5385	 5331	 5428	 5294
4	 5331	 5388	 5428	 1097
4	 5388	 5331	 986	 1097
4	 5388	 5385	 5428	 1458
4	 972	 1021	 5720	 1096
4	 5415	 5382	 5418	 5429
4	 5382	 5418	 5429	 5430
4	 5382	 5418	 5430	 5356
4	 5381	 5354	 5405	 5431
4	 5381	 5354	 5431	 5347
4	 5354	 5347	 5408	 5431
4	 5379	 5399	 5411	 5432
4	 5461	 5411	 5360	 5423
4	 5379	 5399	 5432	 5402
4	 5378	 5403	 5423	 1362
4	 5423	 5360	 5399	 5411
4	 5358	 5397	 5425	 5326
4	 5397	 5396	 5425	 5433
4	 5397	 5396	 5433	 5402
4	 5386	 5389	 5407	 5434
4	 5386	 5389	 5434	 5406
4	 5389	 5359	 5407	 5435
4	 5389	 5359	 5435	 5387
4	 5321	 5381	 5401	 5436
4	 5321	 5381	 5436	 5347
4	 5401	 5321	 5436	 1110
4	 1118	 5401	 1245	 1110
4	 1118	 5401	 1110	 5321
4	 1110	 1118	 5321	 985
4	 5381	 5401	 5436	 5437
4	 5385	 5395	 5410	 1563
4	 5395	 5344	 5410	 5438
4	 5395	 5344	 5438	 5384
4	 5394	 5393	 5408	 5439
4	 5394	 5393	 5439	 5406
4	 5357	 5394	 5408	 5440
4	 5394	 5408	 5440	 5422
4	 5357	 5394	 5440	 5387
4	 5440	 5394	 5422	 5441
4	 5422	 5440	 5441	 5442
4	 5422	 5440	 5442	 5405
4	 5354	 5422	 5382	 5405
4	 5422	 5382	 5405	 5442
4	 5394	 5422	 5441	 5443
4	 5394	 5422	 5443	 5439
4	 5406	 5394	 5389	 5443
4	 5394	 5341	 5406	 5389
4	 5441	 5394	 5389	 5387
4	 5441	 5394	 5387	 5440
4	 5341	 5394	 5387	 5389
4	 5422	 5441	 5443	 5444
4	 5422	 5441	 5444	 5442
4	 5444	 5422	 5442	 5382
4	 5430	 5382	 5356	 5444
4	 5382	 5356	 5444	 5422
4	 5443	 5422	 5444	 5356
4	 5356	 5422	 5250	 5443
4	 5422	 5443	 5439	 5250
4	 5439	 5422	 5250	 5421
4	 5444	 5441	 5445	 5442
4	 5440	 5441	 5442	 5446
4	 5442	 5440	 5446	 5405
4	 5440	 5441	 5446	 5387
4	 5441	 5442	 5446	 5445
4	 5405	 5381	 5431	 5447
4	 5354	 5405	 5431	 5422
4	 5405	 5431	 5422	 5440
4	 5431	 5354	 5422	 5408
4	 5431	 5422	 5440	 5408
4	 5398	 5384	 5413	 5419
4	 5384	 5365	 5413	 5395
4	 5365	 5395	 5409	 5413
4	 5395	 5385	 5409	 1563
4	 5359	 5407	 5435	 5448
4	 5407	 5359	 5273	 5448
4	 5346	 5097	 5273	 5448
4	 5407	 5389	 5435	 5449
4	 5389	 5407	 5434	 5449
4	 5407	 5386	 5434	 5280
4	 5404	 5392	 5426	 5450
4	 5370	 5404	 5426	 5451
4	 5370	 5404	 5451	 5390
4	 5440	 5431	 5408	 5357
4	 5393	 5408	 5439	 5452
4	 5393	 5408	 5452	 5288
4	 5408	 5394	 5439	 5422
4	 5439	 5408	 5422	 5421
4	 5439	 5408	 5421	 5452
4	 5392	 5404	 5427	 5450
4	 5404	 5353	 5427	 5453
4	 5453	 5404	 5353	 5390
4	 5436	 5381	 5437	 5454
4	 5436	 5381	 5454	 5347
4	 5344	 5410	 5438	 1651
4	 1651	 1750	 1673	 5410
4	 1651	 5294	 5344	 1598
4	 1673	 1651	 5410	 1598
4	 5410	 5566	 5438	 1750
4	 5411	 5379	 5432	 5455
4	 5411	 5379	 5455	 5400
4	 5399	 5411	 5432	 5456
4	 5396	 5425	 5433	 5387
4	 5433	 5396	 5387	 5435
4	 5396	 5433	 5402	 5435
4	 5448	 5295	 5460	 5402
4	 5425	 5397	 5433	 5326
4	 5397	 5343	 5402	 5399
4	 5343	 5397	 5378	 5399
4	 5389	 5435	 5449	 5457
4	 5389	 5435	 5457	 5387
4	 5435	 5457	 5387	 5433
4	 5457	 5389	 5387	 5441
4	 5387	 5457	 5441	 5433
4	 5435	 5457	 5433	 5402
4	 5404	 5426	 5451	 5458
4	 5426	 5370	 5451	 5459
4	 5426	 5370	 5459	 5361
4	 5712	 5370	 5349	 5459
4	 5399	 5411	 5456	 5423
4	 5435	 5407	 5449	 5460
4	 5392	 5426	 5450	 5461
4	 5392	 5480	 5426	 5461
4	 5426	 5404	 5450	 5458
4	 5377	 5382	 5417	 5405
4	 5382	 5415	 5417	 5429
4	 5447	 5687	 5454	 5431
4	 5411	 5432	 5456	 5462
4	 5431	 5267	 5405	 5447
4	 5432	 5399	 5456	 5463
4	 5432	 5399	 5463	 5402
4	 5435	 5407	 5460	 5448
4	 5401	 5436	 5437	 5464
4	 5401	 5436	 5464	 1110
4	 5401	 1245	 1110	 5464
4	 5353	 5427	 5453	 5465
4	 5353	 1271	 5287	 5465
4	 5353	 5427	 5465	 5369
4	 5427	 5404	 5453	 5466
4	 5439	 5393	 5452	 5467
4	 5439	 5393	 5467	 5406
4	 5469	 5404	 5458	 5466
4	 5451	 5426	 5459	 5468
4	 5411	 5432	 5462	 5455
4	 5451	 5404	 5458	 5469
4	 5451	 5404	 5469	 5390
4	 5398	 5413	 5414	 5470
4	 5414	 5398	 5470	 974
4	 5398	 5414	 986	 974
4	 986	 5398	 974	 1154
4	 5412	 1154	 1124	 974
4	 1124	 974	 1041	 5412
4	 5398	 5413	 5470	 5419
4	 5413	 5365	 5414	 5409
4	 5365	 5414	 5409	 5388
4	 5413	 5414	 5470	 5471
4	 5429	 5418	 5473	 5430
4	 5415	 5429	 5472	 5474
4	 5436	 5437	 5464	 5475
4	 5437	 5401	 5464	 5416
4	 5453	 5353	 5465	 1242
4	 5390	 5469	 1242	 5453
4	 5427	 5453	 5465	 5476
4	 5465	 5427	 5476	 1576
4	 1577	 1631	 1576	 5476
4	 5476	 5465	 1576	 1577
4	 5393	 5452	 5467	 5342
4	 5452	 5439	 5467	 913
4	 5452	 5439	 913	 5421
4	 5414	 5470	 5471	 5477
4	 5414	 5470	 5477	 974
4	 5379	 5432	 5455	 5478
4	 5379	 5432	 5478	 5402
4	 5295	 5402	 5379	 5478
4	 5475	 5436	 5437	 5454
4	 5432	 5456	 5462	 5479
4	 5456	 5411	 5462	 5480
4	 5456	 5411	 5480	 5423
4	 5429	 5472	 5474	 5481
4	 5429	 5472	 5481	 5473
4	 5462	 5432	 5479	 5482
4	 1086	 1094	 5469	 5458
4	 1094	 1162	 1103	 5469
4	 1176	 1162	 1094	 5458
4	 1162	 1310	 5469	 1296
4	 1162	 5469	 1178	 1103
4	 5458	 1296	 5469	 5466
4	 5415	 1117	 5474	 5472
4	 5415	 5429	 5474	 5417
4	 5426	 5459	 5468	 5455
4	 5432	 5455	 5478	 5482
4	 5459	 5468	 5455	 5251
4	 5468	 5455	 5251	 5478
4	 5455	 5379	 5478	 5468
4	 5379	 5455	 5400	 5468
4	 5379	 5400	 5311	 5468
4	 5458	 5451	 5311	 5400
4	 5400	 5311	 5458	 5271
4	 5400	 5383	 5271	 5458
4	 5435	 5359	 5448	 5396
4	 5435	 5402	 5396	 5448
4	 5435	 5449	 5457	 5402
4	 5399	 5456	 5463	 5483
4	 5399	 5456	 5483	 5423
4	 5449	 5389	 5457	 5484
4	 5449	 5389	 5484	 5434
4	 5457	 5443	 5484	 5389
4	 5456	 5432	 5463	 5479
4	 5451	 5468	 5311	 5400
4	 5479	 5364	 5486	 5456
4	 5453	 5427	 5466	 5476
4	 5474	 5429	 5481	 5487
4	 5427	 5404	 5466	 5450
4	 5449	 5435	 5460	 5402
4	 5448	 5310	 5295	 5343
4	 5460	 5435	 5448	 5402
4	 5295	 5402	 5478	 5460
4	 5407	 5449	 5460	 5274
4	 5413	 5414	 5471	 5409
4	 5470	 5413	 5471	 5488
4	 5517	 5413	 5419	 5470
4	 5462	 5432	 5482	 5455
4	 5470	 5471	 5477	 5489
4	 5477	 5470	 5489	 5490
4	 5477	 5470	 5490	 974
4	 5489	 5477	 5490	 5491
4	 5470	 5489	 5490	 5492
4	 5470	 5471	 5489	 5488
4	 5477	 5490	 5491	 5363
4	 5491	 5477	 5363	 5486
4	 5491	 5456	 5486	 5364
4	 5491	 5486	 5351	 5364
4	 5462	 5364	 5479	 5456
4	 5364	 5491	 5462	 5361
4	 5361	 5364	 5362	 5462
4	 5361	 5362	 5459	 5462
4	 5491	 5462	 5361	 5480
4	 5361	 5491	 5480	 5493
4	 5491	 5480	 5493	 5489
4	 5392	 5338	 5361	 5493
4	 5361	 5491	 5493	 5350
4	 5351	 5490	 5491	 5350
4	 5351	 5491	 5490	 5363
4	 5493	 5361	 5350	 5338
4	 5480	 5361	 5493	 5392
4	 5462	 5479	 5364	 5482
4	 5486	 5477	 5498	 5491
4	 5491	 5490	 5489	 5493
4	 5489	 5492	 5493	 5490
4	 5491	 5350	 5490	 5493
4	 5489	 5477	 5491	 5480
4	 5429	 5481	 5487	 5494
4	 5419	 5398	 5412	 5281
4	 5429	 5481	 5494	 5473
4	 5489	 5480	 5594	 5477
4	 5462	 5456	 5491	 5364
4	 5462	 5456	 5480	 5491
4	 5471	 5414	 5477	 5495
4	 5462	 5361	 5480	 5426
4	 5392	 5426	 5480	 5361
4	 5462	 5361	 5426	 5459
4	 5426	 5462	 5459	 5455
4	 5480	 5462	 5426	 5411
4	 5426	 5480	 5411	 5461
4	 5411	 5480	 5423	 5461
4	 5423	 5503	 5360	 5461
4	 5411	 5426	 5461	 5400
4	 5411	 5360	 5400	 5461
4	 5403	 5378	 5423	 5360
4	 5426	 5400	 5468	 5451
4	 5426	 5468	 5400	 5455
4	 5458	 5426	 5400	 5450
4	 5264	 5450	 5360	 5503
4	 5426	 5461	 5400	 5450
4	 5496	 5444	 5382	 5429
4	 5442	 5444	 5382	 5496
4	 5429	 5494	 5496	 5444
4	 5445	 5444	 5442	 5496
4	 5444	 5546	 5496	 5445
4	 5444	 5430	 5382	 5429
4	 5494	 5429	 5473	 5430
4	 5494	 5429	 5430	 5444
4	 5382	 5442	 5496	 5417
4	 5429	 5382	 5496	 5417
4	 5456	 5463	 5483	 5497
4	 5483	 5456	 5497	 5498
4	 5456	 5463	 5497	 5479
4	 5483	 5456	 5498	 5423
4	 5480	 5456	 5423	 5498
4	 5463	 5399	 5483	 5397
4	 5463	 5399	 5397	 5402
4	 5397	 5378	 5399	 5483
4	 5378	 5399	 5483	 5423
4	 5497	 5483	 5498	 5499
4	 5456	 5497	 5498	 5486
4	 5491	 5480	 5477	 5498
4	 5497	 5456	 5479	 5486
4	 5463	 5483	 5497	 5500
4	 5474	 5429	 5487	 5417
4	 5470	 5489	 5492	 5488
4	 5459	 5451	 5468	 5251
4	 5471	 5414	 5495	 5409
4	 5481	 5474	 5487	 1071
4	 5450	 5392	 5461	 5501
4	 5450	 5392	 5501	 5427
4	 5392	 5669	 5594	 5501
4	 5480	 5461	 5392	 5594
4	 5461	 5450	 5501	 5503
4	 5497	 5463	 5500	 5504
4	 5449	 5505	 5402	 5460
4	 711	 5187	 5197	 5716
4	 5187	 5194	 5197	 5485
4	 5060	 5187	 711	 5184
4	 5197	 824	 5505	 5485
4	 824	 5449	 5407	 5274
4	 824	 5197	 5203	 5485
4	 5449	 5505	 5460	 5274
4	 5449	 5203	 5485	 824
4	 5274	 5449	 5505	 824
4	 5204	 824	 5274	 863
4	 5407	 5449	 824	 5203
4	 824	 5203	 5204	 5407
4	 5449	 5203	 5407	 5434
4	 5463	 5483	 5500	 5397
4	 5490	 5470	 5492	 5303
4	 5449	 5484	 5485	 5434
4	 5483	 5497	 5500	 5499
4	 5485	 5484	 5502	 5194
4	 5502	 5485	 5194	 5187
4	 5495	 5471	 5595	 5594
4	 5413	 5471	 5488	 5508
4	 5414	 5477	 5495	 5509
4	 5477	 5495	 5509	 5498
4	 5509	 5477	 5498	 5486
4	 5497	 5498	 5486	 5509
4	 5495	 5509	 5498	 5499
4	 5414	 5477	 5509	 974
4	 5495	 5414	 5509	 5388
4	 5495	 5414	 5388	 5409
4	 5498	 5456	 5486	 5491
4	 5491	 5456	 5480	 5498
4	 5437	 5464	 5475	 5374
4	 5437	 5464	 5374	 5416
4	 5471	 5488	 5508	 5510
4	 5483	 5498	 5499	 5324
4	 5464	 5436	 5475	 1181
4	 5479	 5486	 5364	 5511
4	 5486	 5364	 5511	 5351
4	 5491	 5351	 5486	 5363
4	 5202	 5652	 5552	 5482
4	 5384	 5419	 5420	 5512
4	 5384	 5419	 5512	 5413
4	 5420	 5384	 5512	 5513
4	 5420	 5384	 5513	 5332
4	 5512	 5420	 5513	 5514
4	 5420	 5513	 5514	 5515
4	 5420	 5513	 5515	 5332
4	 5384	 5512	 5513	 5395
4	 5438	 5395	 5384	 5513
4	 5419	 5420	 5512	 5516
4	 5420	 5512	 5516	 5514
4	 5512	 5419	 5516	 5517
4	 5512	 5419	 5517	 5413
4	 5517	 5470	 5281	 5303
4	 5419	 5516	 5517	 5281
4	 5516	 5512	 5517	 5518
4	 5516	 5512	 5518	 5514
4	 5479	 5560	 5486	 5511
4	 5419	 5420	 5516	 5242
4	 5419	 5412	 5420	 5242
4	 5412	 5420	 5242	 5519
4	 5242	 1222	 1182	 5519
4	 1222	 1208	 5519	 1247
4	 5242	 1222	 5519	 1306
4	 1222	 5519	 1306	 1247
4	 1208	 5519	 1247	 5332
4	 1247	 1208	 5332	 1358
4	 1208	 5332	 1358	 1235
4	 1306	 5420	 5515	 5519
4	 5412	 5420	 5519	 5332
4	 5420	 5519	 5332	 5515
4	 5242	 1125	 5281	 5412
4	 5419	 5242	 5281	 5412
4	 1041	 5412	 1182	 1124
4	 5513	 5514	 5515	 5520
4	 5513	 5514	 5520	 5521
4	 5515	 5513	 5520	 5522
4	 5513	 5520	 5522	 1750
4	 5514	 5520	 5521	 5523
4	 5520	 5515	 5522	 1591
4	 1652	 1591	 1702	 5520
4	 1652	 1591	 5520	 5522
4	 1702	 1652	 5520	 1772
4	 5520	 1702	 1772	 5523
4	 5515	 5522	 1591	 5524
4	 5522	 1591	 5524	 1569
4	 1591	 1652	 1569	 5522
4	 1591	 5515	 5524	 1413
4	 1413	 1410	 1358	 5524
4	 1410	 5524	 5318	 1391
4	 5515	 5513	 5522	 5332
4	 5515	 5522	 5524	 5332
4	 5520	 5513	 5521	 1750
4	 1772	 1787	 5521	 5236
4	 5521	 5236	 5523	 1772
4	 5513	 5514	 5521	 5512
4	 5514	 5515	 5520	 5525
4	 5514	 5420	 5515	 5339
4	 5481	 5487	 5494	 5526
4	 5494	 5481	 5526	 5527
4	 1071	 1072	 5487	 5481
4	 5494	 5481	 5527	 5473
4	 5526	 5494	 5527	 5528
4	 5481	 5526	 5527	 5529
4	 5526	 5494	 5528	 5530
4	 5526	 5527	 5529	 5531
4	 5529	 5526	 5531	 5532
4	 5529	 5526	 5532	 1072
4	 5526	 5527	 5531	 5528
4	 5527	 5531	 5708	 5529
4	 5529	 5531	 870	 1009
4	 5526	 5531	 5532	 5533
4	 5531	 5529	 5532	 1009
4	 1057	 957	 1009	 5529
4	 957	 1072	 5529	 1057
4	 5532	 5529	 1072	 1057
4	 1057	 1009	 5532	 5529
4	 984	 5535	 5536	 1057
4	 5532	 5526	 5533	 5534
4	 5527	 5481	 5529	 5238
4	 5527	 5481	 5238	 5473
4	 5529	 5481	 5526	 1072
4	 5487	 1072	 5526	 5481
4	 5529	 1071	 1072	 957
4	 5531	 5532	 5533	 5535
4	 5532	 5533	 5535	 5536
4	 5533	 5535	 5536	 5537
4	 5536	 5535	 5532	 1057
4	 1009	 924	 984	 5535
4	 5532	 1009	 1057	 5535
4	 5532	 5533	 5536	 5534
4	 5533	 5535	 5537	 5538
4	 5531	 5532	 5535	 1009
4	 5536	 5297	 5537	 5535
4	 5537	 5535	 1040	 5305
4	 5536	 5535	 984	 5297
4	 5297	 1040	 5537	 5535
4	 1040	 984	 5535	 5297
4	 984	 1040	 5535	 924
4	 5536	 5533	 5537	 5539
4	 5536	 5533	 5539	 5534
4	 5533	 5535	 5538	 5531
4	 5533	 5537	 5539	 5540
4	 5539	 5533	 5540	 5541
4	 5533	 5537	 5540	 5538
4	 5537	 5539	 5540	 5542
4	 5539	 5540	 5542	 5543
4	 5499	 5543	 5554	 5542
4	 5537	 5536	 5539	 5297
4	 5526	 5531	 5533	 5528
4	 5535	 5537	 5538	 5305
4	 5541	 5528	 5526	 5533
4	 5583	 5530	 5526	 5541
4	 5541	 5526	 5528	 5530
4	 5494	 5527	 5528	 5545
4	 5528	 5494	 5545	 5546
4	 5545	 5528	 5546	 5547
4	 5546	 5545	 5547	 5548
4	 5547	 5546	 5548	 5549
4	 5537	 5538	 5305	 5540
4	 5547	 5546	 5549	 5550
4	 5548	 5547	 5549	 5551
4	 5549	 5547	 5550	 5504
4	 5548	 5547	 5551	 5258
4	 5184	 5192	 5258	 5551
4	 5547	 5549	 5551	 5504
4	 5546	 5545	 5548	 5430
4	 5546	 5545	 5430	 5494
4	 5444	 5430	 5494	 5546
4	 5545	 5547	 5548	 5258
4	 5549	 5548	 5551	 5506
4	 5548	 5551	 5506	 5507
4	 5551	 5548	 5258	 5507
4	 5258	 5184	 5551	 5507
4	 5184	 5551	 5507	 5506
4	 5432	 5479	 5482	 5552
4	 5482	 5432	 5552	 5478
4	 5432	 5479	 5552	 5463
4	 5487	 5429	 5494	 5496
4	 5528	 5494	 5546	 5530
4	 5479	 5552	 5652	 5482
4	 5487	 5494	 5526	 5530
4	 5498	 5497	 5499	 5509
4	 5542	 5539	 5543	 5553
4	 5543	 5542	 5553	 5554
4	 5542	 5553	 5554	 5388
4	 5509	 5495	 5388	 5554
4	 5553	 5554	 5388	 5555
4	 5388	 5495	 5409	 5555
4	 5388	 5495	 5555	 5554
4	 5553	 5554	 5555	 1393
4	 5555	 5553	 1393	 1458
4	 1446	 1393	 1458	 5555
4	 1610	 1446	 1458	 5555
4	 5555	 5553	 1458	 5388
4	 5553	 5543	 5554	 1393
4	 5543	 5540	 5542	 5499
4	 5542	 5539	 5553	 5556
4	 5539	 5553	 5556	 5557
4	 5542	 5539	 5556	 5537
4	 5539	 5537	 5297	 5556
4	 5553	 5542	 5556	 5388
4	 5539	 5553	 5557	 5558
4	 5539	 5540	 5543	 5541
4	 5539	 5543	 5553	 5558
4	 5553	 5543	 1393	 5558
4	 5413	 5508	 5517	 5512
4	 5518	 5517	 5667	 5565
4	 5517	 5516	 5518	 5247
4	 5549	 5546	 5500	 5550
4	 5520	 5514	 5525	 5523
4	 5413	 5517	 5508	 5488
4	 5463	 5500	 5504	 5549
4	 5500	 5504	 5549	 5550
4	 5413	 5471	 5508	 5409
4	 5500	 5504	 5550	 5559
4	 5327	 5500	 5541	 5543
4	 5504	 5570	 5550	 5559
4	 5540	 5537	 5542	 5305
4	 5500	 5504	 5559	 5497
4	 5559	 5500	 5497	 5499
4	 5504	 5559	 5497	 5560
4	 5559	 5497	 5560	 5544
4	 5497	 5499	 5509	 5544
4	 5497	 5559	 5499	 5544
4	 5559	 5499	 5544	 5540
4	 5559	 5499	 5540	 5500
4	 5544	 5499	 5554	 5542
4	 5543	 5499	 5554	 1446
4	 5543	 5554	 1393	 1446
4	 1329	 1446	 5543	 1393
4	 1329	 5543	 1446	 5499
4	 5554	 1393	 1446	 5555
4	 5320	 1404	 5557	 5556
4	 5514	 5515	 5525	 5339
4	 5514	 5705	 5525	 5523
4	 5297	 5556	 5283	 5557
4	 5539	 5536	 5557	 5297
4	 5540	 5655	 5542	 5544
4	 5523	 5520	 5521	 1772
4	 5521	 5523	 5236	 5561
4	 5236	 5521	 5561	 5562
4	 5236	 5521	 5562	 1787
4	 1772	 5521	 1787	 1750
4	 5523	 5236	 5561	 5563
4	 5236	 1798	 1888	 5523
4	 5561	 5523	 5563	 5564
4	 5523	 5563	 5564	 1956
4	 1888	 2025	 5562	 5563
4	 5563	 5562	 5561	 5626
4	 5563	 5236	 1888	 5523
4	 1857	 2025	 1888	 5563
4	 5563	 5236	 5561	 5562
4	 5521	 5561	 5562	 5565
4	 5562	 5521	 5565	 5566
4	 5562	 5521	 5566	 1787
4	 5521	 5566	 1787	 1750
4	 5521	 5566	 1750	 5513
4	 5566	 1750	 5513	 5438
4	 5512	 5513	 5395	 5566
4	 5513	 5395	 5566	 5438
4	 5410	 5438	 5566	 5395
4	 5512	 5513	 5566	 5521
4	 5521	 5561	 5565	 5518
4	 5512	 5518	 5514	 5521
4	 5561	 5562	 5565	 5567
4	 5562	 5565	 5567	 5568
4	 5562	 5565	 5568	 5566
4	 5521	 5565	 5566	 5512
4	 5521	 5523	 5561	 5518
4	 5521	 5523	 5518	 5514
4	 5547	 5546	 5550	 5528
4	 5497	 5463	 5504	 5479
4	 5545	 5528	 5547	 5569
4	 5547	 5545	 5569	 5258
4	 5545	 5528	 5569	 5527
4	 5655	 5540	 5570	 5559
4	 5528	 5547	 5569	 5570
4	 5547	 5569	 5570	 5317
4	 5569	 5538	 5528	 5570
4	 5515	 5520	 5525	 1591
4	 5528	 5547	 5570	 5550
4	 5504	 5550	 5570	 5547
4	 5450	 5501	 5503	 5368
4	 5368	 5450	 5264	 5503
4	 5423	 5360	 5503	 5403
4	 5453	 5465	 5476	 5571
4	 5465	 5476	 5571	 1577
4	 5453	 5465	 5571	 1242
4	 5476	 5453	 5571	 5572
4	 5571	 5476	 5572	 5573
4	 5572	 5571	 5573	 1346
4	 1567	 1420	 1346	 5573
4	 1310	 1346	 1260	 5574
4	 1310	 1346	 5574	 5572
4	 5572	 5571	 1346	 5574
4	 1260	 1242	 5469	 5453
4	 5453	 5571	 5572	 5574
4	 5573	 5572	 1346	 1567
4	 1567	 1346	 1310	 5572
4	 1310	 1296	 5721	 5466
4	 1346	 1230	 1260	 5571
4	 1346	 1419	 1230	 5571
4	 5453	 5571	 5574	 1260
4	 5574	 1346	 1260	 5571
4	 1242	 1230	 5571	 1260
4	 1577	 1420	 5573	 5571
4	 5571	 1346	 1419	 1420
4	 5573	 5476	 5572	 1631
4	 1631	 1567	 1450	 5721
4	 1450	 1310	 5721	 1567
4	 5573	 5572	 1567	 1631
4	 1631	 5721	 5476	 5572
4	 5721	 5476	 1505	 1631
4	 5571	 5476	 5573	 1577
4	 1577	 1631	 5476	 5573
4	 5453	 5353	 1242	 5390
4	 5466	 5574	 5469	 5453
4	 5476	 5453	 5572	 5466
4	 5572	 5453	 5574	 5466
4	 1310	 5466	 5469	 1296
4	 5539	 5533	 5541	 5534
4	 5533	 5540	 5541	 5528
4	 5540	 5541	 5528	 5550
4	 5559	 5550	 5500	 5540
4	 5494	 5527	 5545	 5473
4	 5545	 5430	 5494	 5473
4	 5557	 5539	 5558	 5575
4	 5539	 5558	 5575	 5541
4	 5541	 5539	 5534	 5575
4	 5557	 5539	 5575	 5536
4	 5539	 5536	 5534	 5575
4	 5508	 5667	 5510	 5488
4	 5558	 5557	 5575	 5576
4	 5557	 5575	 5576	 5577
4	 5576	 5557	 5577	 5578
4	 5575	 5558	 5576	 5579
4	 5575	 5576	 5577	 5580
4	 5576	 5577	 5580	 5581
4	 5575	 5576	 5580	 5579
4	 5577	 5575	 5580	 5582
4	 5575	 5580	 5582	 5583
4	 5582	 5575	 5583	 5534
4	 5582	 1072	 5583	 5580
4	 5582	 5575	 5534	 5536
4	 5530	 5487	 5583	 5526
4	 5589	 5580	 5584	 1072
4	 5583	 1072	 5584	 5580
4	 5582	 1255	 1072	 1264
4	 5582	 1072	 1255	 1057
4	 5577	 1264	 5582	 5589
4	 1071	 5481	 5529	 1072
4	 5487	 1072	 1071	 5584
4	 5487	 1072	 5584	 5583
4	 1216	 1071	 1072	 5584
4	 5583	 5580	 5584	 5585
4	 5557	 5575	 5577	 5536
4	 5582	 5575	 5536	 5577
4	 5589	 1072	 1264	 5582
4	 5575	 5583	 5534	 5541
4	 5534	 5533	 5541	 5526
4	 5526	 1072	 5583	 5722
4	 5575	 5580	 5583	 5579
4	 5558	 5576	 5579	 1405
4	 5553	 5557	 5558	 1404
4	 1405	 1404	 1393	 5558
4	 5578	 1405	 5576	 5557
4	 5558	 1404	 5557	 1405
4	 1404	 1478	 5578	 1405
4	 1478	 1405	 5587	 5578
4	 1478	 1404	 5578	 1457
4	 5576	 5558	 5557	 1405
4	 5578	 1478	 1457	 1524
4	 5580	 5576	 5581	 5586
4	 5577	 5576	 5578	 5581
4	 5580	 5576	 5586	 5579
4	 5557	 5577	 5578	 5283
4	 5577	 5557	 5536	 5283
4	 5557	 5556	 5539	 5297
4	 5297	 5283	 5536	 5557
4	 5578	 5557	 5283	 5315
4	 5576	 5581	 5586	 5587
4	 1405	 5576	 5587	 5578
4	 1481	 1478	 1405	 5587
4	 1481	 1478	 5587	 1639
4	 5581	 5580	 5586	 5588
4	 5581	 5580	 5588	 5589
4	 5580	 5588	 5589	 5584
4	 1264	 1216	 1072	 5589
4	 5588	 5581	 5589	 5590
4	 5581	 5580	 5589	 5577
4	 5582	 5580	 5577	 5589
4	 5588	 5581	 5590	 5591
4	 5580	 5586	 5588	 5585
4	 5588	 5580	 5585	 5584
4	 5586	 5581	 5588	 5591
4	 5581	 5586	 5587	 5591
4	 5541	 5583	 5579	 5575
4	 5541	 5579	 5583	 5639
4	 5586	 5576	 5587	 1405
4	 5576	 5579	 1405	 5586
4	 5576	 5581	 5587	 5578
4	 5578	 1404	 1405	 5557
4	 5508	 5471	 5510	 5592
4	 5471	 5488	 5510	 5489
4	 5590	 5588	 5591	 5593
4	 5590	 5588	 5593	 1454
4	 5593	 5590	 1454	 1597
4	 1454	 5593	 1597	 1521
4	 1454	 5593	 1521	 1353
4	 5600	 5593	 5252	 5591
4	 5595	 5592	 5596	 5510
4	 5594	 5471	 5489	 5477
4	 5495	 5477	 5471	 5594
4	 5510	 5471	 5594	 5595
4	 5594	 5477	 5498	 5495
4	 5423	 5498	 5595	 5594
4	 5594	 5595	 5596	 5510
4	 5595	 5594	 5596	 5423
4	 5498	 5423	 5480	 5594
4	 5423	 5480	 5594	 5461
4	 5501	 5461	 5594	 5392
4	 5493	 5480	 5392	 5594
4	 5592	 5595	 5596	 5597
4	 5592	 5595	 5597	 5495
4	 5596	 5592	 5597	 5598
4	 5592	 5597	 5598	 5599
4	 5592	 5597	 5599	 5495
4	 5595	 5596	 5597	 5423
4	 5592	 5471	 5510	 5595
4	 5471	 5510	 5594	 5489
4	 5594	 5477	 5480	 5498
4	 5480	 5594	 5493	 5489
4	 5508	 5471	 5592	 5409
4	 5495	 5471	 5409	 5592
4	 5471	 5495	 5595	 5592
4	 5588	 5591	 5593	 5600
4	 5593	 1597	 5601	 5252
4	 5593	 5588	 5600	 5602
4	 5600	 5593	 5602	 5603
4	 5593	 5602	 5603	 1353
4	 5603	 5593	 1353	 1521
4	 1353	 5603	 1521	 1433
4	 1433	 5308	 1353	 5603
4	 5603	 1521	 1433	 1667
4	 5588	 5600	 5602	 5604
4	 5586	 5588	 5585	 5604
4	 5600	 5602	 5604	 5605
4	 5602	 5604	 5605	 5606
4	 5600	 5602	 5605	 5603
4	 5604	 5600	 5605	 5607
4	 5600	 5605	 5607	 5608
4	 5600	 5605	 5608	 5603
4	 5605	 5607	 5608	 5609
4	 5607	 5608	 5609	 1525
4	 5607	 5600	 5608	 5610
4	 5608	 5605	 5609	 5611
4	 5605	 5607	 5609	 5612
4	 5605	 5607	 5612	 5604
4	 5638	 1372	 5635	 5609
4	 5635	 1372	 1386	 1435
4	 5609	 5607	 1525	 1435
4	 5609	 1372	 1435	 1437
4	 1435	 5609	 1437	 1579
4	 1435	 5609	 1579	 1525
4	 5609	 5605	 5612	 5416
4	 5609	 5605	 5416	 5611
4	 5375	 5416	 5308	 5611
4	 5605	 5416	 5611	 5308
4	 5308	 5375	 5611	 5613
4	 5375	 5611	 5613	 5614
4	 5375	 5611	 5614	 5282
4	 5614	 5375	 5282	 5373
4	 5375	 5611	 5282	 5416
4	 5375	 5640	 5614	 5613
4	 5608	 5607	 5610	 1525
4	 1525	 1641	 1562	 5610
4	 1641	 1562	 5610	 5252
4	 1641	 1562	 5252	 1699
4	 5610	 1641	 5252	 5608
4	 5252	 1641	 5601	 5608
4	 5610	 5600	 5608	 5252
4	 1525	 1641	 5610	 5608
4	 1525	 1672	 1641	 5608
4	 1641	 5252	 5601	 5615
4	 5252	 1747	 5615	 1723
4	 5252	 1641	 1723	 5615
4	 5608	 5600	 5603	 5601
4	 1723	 5615	 1749	 1928
4	 5607	 5600	 5610	 5586
4	 5604	 5605	 5606	 5612
4	 5605	 5602	 5606	 5308
4	 5602	 5604	 5606	 5616
4	 5602	 5604	 5616	 5588
4	 5585	 5588	 5584	 5616
4	 5604	 5616	 5588	 5585
4	 5588	 5584	 5616	 1216
4	 5616	 5602	 5588	 1216
4	 1216	 1353	 1273	 5602
4	 1273	 1216	 5602	 5616
4	 1117	 1216	 1273	 5616
4	 1454	 1353	 1216	 5602
4	 5593	 5602	 1353	 1454
4	 1216	 1454	 5602	 5588
4	 1454	 5602	 5588	 5593
4	 5606	 5602	 5616	 1273
4	 5584	 5616	 1216	 1071
4	 1117	 1216	 5616	 1071
4	 5606	 1273	 1340	 5602
4	 5602	 1353	 1273	 1340
4	 5308	 1353	 5602	 1340
4	 5602	 1353	 5308	 5603
4	 5616	 5606	 1273	 1117
4	 5604	 5616	 5585	 5606
4	 5588	 5600	 5604	 5586
4	 5600	 5604	 5586	 5607
4	 5593	 5600	 5601	 5603
4	 5584	 5585	 5616	 5474
4	 5616	 1117	 1071	 5474
4	 5588	 5591	 5600	 5586
4	 5400	 5383	 5450	 5264
4	 5461	 5400	 5450	 5360
4	 5368	 5403	 5503	 5264
4	 5503	 5461	 5450	 5360
4	 5724	 5503	 5423	 5461
4	 5594	 5461	 5501	 5596
4	 5609	 5608	 5611	 1579
4	 5608	 5609	 1525	 1579
4	 5608	 5605	 5611	 5603
4	 5611	 5608	 5603	 5613
4	 5581	 5589	 5590	 5617
4	 5590	 5581	 5617	 5618
4	 5617	 5590	 5618	 5619
4	 5617	 5590	 5619	 1402
4	 1402	 1313	 1432	 5617
4	 5590	 5619	 1402	 1453
4	 1352	 1453	 1454	 5590
4	 5619	 1402	 1453	 1432
4	 1352	 1453	 5590	 1402
4	 1454	 1352	 5590	 5588
4	 5619	 5617	 1402	 1432
4	 5619	 5617	 1432	 5618
4	 1402	 1313	 5617	 1264
4	 1313	 5283	 5617	 5577
4	 1313	 1432	 5617	 5283
4	 5590	 5619	 1453	 5620
4	 5590	 5591	 1597	 5593
4	 1453	 1732	 1597	 5620
4	 5590	 1597	 5620	 1453
4	 1454	 1453	 1597	 5590
4	 5619	 1453	 5620	 1520
4	 1453	 1432	 1520	 5619
4	 5620	 5619	 1520	 5621
4	 5619	 1520	 5621	 1432
4	 1432	 1508	 1520	 5621
4	 5621	 5619	 1432	 5618
4	 5621	 5619	 5618	 5620
4	 5619	 5618	 5620	 5590
4	 1453	 5620	 1520	 1732
4	 1732	 1597	 5620	 1867
4	 5618	 5621	 5620	 5325
4	 5620	 5618	 5325	 5591
4	 5618	 5325	 1639	 1696
4	 5620	 1732	 5325	 5621
4	 5621	 1520	 5620	 1732
4	 5618	 5620	 5590	 5591
4	 5590	 5581	 5618	 5591
4	 5581	 5617	 5618	 5578
4	 5581	 5589	 5617	 5577
4	 5617	 5581	 5577	 5578
4	 5577	 5617	 5578	 5283
4	 5589	 5590	 5617	 1402
4	 5617	 1402	 1264	 5589
4	 5589	 5590	 1402	 1352
4	 1352	 1264	 1402	 5589
4	 1216	 1264	 1352	 5589
4	 5580	 1072	 5589	 5582
4	 5584	 1072	 1216	 5589
4	 5589	 5588	 5590	 1352
4	 5252	 5593	 5600	 5601
4	 5600	 5601	 5608	 5252
4	 5600	 5610	 5586	 5591
4	 5252	 1597	 5620	 5591
4	 5591	 1597	 5593	 5252
4	 5583	 5580	 5585	 5579
4	 5584	 5583	 5585	 5487
4	 5220	 5302	 5737	 5567
4	 5221	 5217	 5567	 5224
4	 5567	 5562	 5568	 5622
4	 1686	 5562	 5622	 5262
4	 5567	 5562	 5622	 2025
4	 5567	 2025	 5626	 5562
4	 5562	 5622	 2025	 1872
4	 5568	 5567	 5622	 5623
4	 5622	 5568	 5623	 5262
4	 5567	 5622	 5623	 5624
4	 5622	 5623	 5624	 5225
4	 5221	 5227	 5225	 5623
4	 5623	 5567	 5624	 5221
4	 5225	 5224	 5221	 5624
4	 5225	 5221	 5623	 5624
4	 5567	 5221	 5224	 5624
4	 5224	 5567	 5624	 5231
4	 5224	 5225	 5231	 5624
4	 5625	 5444	 5430	 5356
4	 5625	 5444	 5356	 5443
4	 5597	 5598	 5599	 5255
4	 5598	 5592	 5599	 5568
4	 5599	 5598	 5568	 5255
4	 5568	 5599	 5255	 5262
4	 5599	 5255	 5262	 1737
4	 5567	 5561	 5627	 5565
4	 5611	 5613	 5614	 5608
4	 5563	 5561	 5564	 5626
4	 5564	 5563	 5626	 5226
4	 5226	 5223	 5224	 5626
4	 5223	 5224	 5626	 5627
4	 5224	 5626	 5627	 5567
4	 5302	 5565	 5567	 5627
4	 5224	 5567	 5231	 5626
4	 5224	 5231	 5226	 5626
4	 5626	 5627	 5567	 5561
4	 5627	 5224	 5567	 5217
4	 5223	 5217	 5224	 5627
4	 5626	 5223	 5627	 5564
4	 5627	 5626	 5564	 5561
4	 5626	 5561	 5567	 5562
4	 2025	 5562	 5563	 5626
4	 5626	 2025	 5567	 5231
4	 5561	 5523	 5564	 5518
4	 5564	 5561	 5518	 5627
4	 1013	 1149	 1003	 5295
4	 5629	 5724	 5628	 5598
4	 5630	 5255	 5598	 5628
4	 5597	 1703	 5628	 5255
4	 5596	 5592	 5598	 5510
4	 5597	 5598	 5628	 5724
4	 5598	 5628	 5629	 5630
4	 5628	 5598	 5597	 5255
4	 5629	 5598	 5630	 5631
4	 5598	 5630	 5631	 5255
4	 1703	 5255	 5630	 5628
4	 5629	 5598	 5510	 5596
4	 5630	 5629	 5631	 5222
4	 5628	 5629	 5630	 5632
4	 5628	 5629	 5632	 5633
4	 5501	 5596	 5724	 5629
4	 5724	 5646	 5368	 5633
4	 5501	 1504	 5629	 5633
4	 5630	 5628	 5632	 5307
4	 5629	 5630	 5632	 5222
4	 1711	 5269	 1638	 1721
4	 1760	 1721	 1734	 1711
4	 1711	 5269	 1721	 1734
4	 913	 843	 1010	 959
4	 5611	 5308	 5613	 5603
4	 5308	 5375	 5613	 1551
4	 5308	 5613	 5603	 1667
4	 1433	 5308	 5603	 1667
4	 1404	 1457	 5320	 5578
4	 1497	 1404	 5320	 5428
4	 1098	 1239	 1209	 5329
4	 5247	 1209	 1288	 5300
4	 1330	 5326	 5327	 5483
4	 1329	 5499	 5324	 1330
4	 5326	 1371	 5327	 5634
4	 1371	 5327	 5634	 5635
4	 1371	 5327	 5635	 1386
4	 5635	 1371	 1386	 1372
4	 1371	 5327	 1386	 1329
4	 5635	 1371	 1372	 5634
4	 5326	 1371	 5634	 1361
4	 1372	 1371	 1361	 5634
4	 5326	 1371	 1361	 1344
4	 5327	 5634	 5635	 5636
4	 5635	 5327	 5636	 5579
4	 5327	 5634	 5636	 5637
4	 5327	 5634	 5637	 5326
4	 5634	 5635	 5636	 5638
4	 5635	 5636	 5638	 5585
4	 5634	 5636	 5637	 5442
4	 5442	 5446	 5445	 5637
4	 5445	 5442	 5637	 5496
4	 5636	 5637	 5442	 5496
4	 5442	 5446	 5637	 5634
4	 5637	 5445	 5496	 5546
4	 5444	 5496	 5546	 5494
4	 5636	 5327	 5637	 5639
4	 5636	 5327	 5639	 5579
4	 5579	 5558	 5327	 5541
4	 5583	 5541	 5639	 5530
4	 5487	 5530	 5583	 5639
4	 5541	 5639	 5530	 5500
4	 5327	 5637	 5639	 5500
4	 5636	 5487	 5639	 5637
4	 5634	 5442	 5405	 5636
4	 5417	 5636	 5638	 5405
4	 5636	 5442	 5417	 5496
4	 5634	 5635	 5638	 1372
4	 5601	 1597	 1709	 5615
4	 5590	 1597	 5591	 5620
4	 5649	 1759	 5725	 1696
4	 1747	 5252	 1867	 5325
4	 5325	 1639	 1761	 1747
4	 5569	 763	 5190	 698
4	 5318	 1523	 1712	 1607
4	 1523	 1510	 1712	 1744
4	 1851	 1783	 1806	 5640
4	 1783	 1938	 5640	 1851
4	 1938	 1783	 5275	 1733
4	 1032	 937	 5342	 877
4	 5278	 1032	 1019	 967
4	 1830	 1516	 1680	 5291
4	 5241	 1622	 1604	 5246
4	 5241	 1701	 1622	 5128
4	 5256	 5128	 1701	 5241
4	 1609	 1701	 5128	 1622
4	 1622	 1604	 5246	 1479
4	 5246	 1540	 1479	 1604
4	 5390	 1086	 5391	 1015
4	 1015	 951	 939	 5391
4	 951	 1015	 1077	 5391
4	 1583	 5218	 1626	 5641
4	 1626	 1577	 5641	 5257
4	 5641	 1626	 5257	 5642
4	 5257	 5641	 5642	 1383
4	 5641	 1626	 5642	 5218
4	 1626	 5257	 5642	 1558
4	 1383	 5257	 1558	 5642
4	 1626	 5642	 5218	 1741
4	 5131	 5286	 5134	 5643
4	 5134	 5131	 5643	 5132
4	 5643	 5134	 5132	 1816
4	 1754	 1816	 1814	 5643
4	 1814	 1739	 1754	 5643
4	 5134	 5132	 1816	 1690
4	 1816	 1647	 1659	 1544
4	 1816	 5134	 1690	 1813
4	 1813	 1659	 1690	 1816
4	 1754	 1816	 5643	 1647
4	 5131	 5286	 5643	 5266
4	 1814	 1739	 5643	 5266
4	 1814	 1829	 1739	 5266
4	 5131	 1461	 1542	 5266
4	 5286	 5643	 5266	 1814
4	 1814	 1816	 1958	 5643
4	 5266	 1739	 5367	 1600
4	 5266	 1600	 1763	 1739
4	 5367	 5316	 1739	 1705
4	 1705	 1739	 1624	 5316
4	 1739	 1624	 5316	 1752
4	 1739	 5316	 5367	 1600
4	 1739	 1764	 1688	 1752
4	 1688	 1739	 1752	 1624
4	 1624	 5316	 1752	 1612
4	 1752	 1624	 1612	 1688
4	 1739	 5367	 1705	 1754
4	 1739	 5367	 1754	 5643
4	 1739	 5367	 5643	 5266
4	 2161	 2124	 2046	 5644
4	 2161	 2124	 5644	 2136
4	 2161	 2233	 2124	 2136
4	 2124	 2046	 5644	 2047
4	 2046	 2161	 5644	 2006
4	 5613	 1783	 5640	 1667
4	 1806	 1851	 5640	 1926
4	 1273	 1153	 1117	 5606
4	 1233	 1340	 5416	 5606
4	 5606	 1273	 1153	 1233
4	 1340	 5308	 5606	 5602
4	 5593	 1597	 1521	 5601
4	 1332	 1554	 5339	 1374
4	 1554	 1360	 5339	 5525
4	 1288	 1209	 1239	 5300
4	 5300	 1383	 1288	 5247
4	 2165	 2050	 2097	 5645
4	 2097	 2165	 5645	 5234
4	 5234	 5235	 2165	 5645
4	 2165	 5233	 5719	 5235
4	 5719	 2000	 5233	 2165
4	 5645	 2165	 2050	 5719
4	 5235	 5231	 5225	 5645
4	 5645	 5225	 5235	 5719
4	 5234	 5235	 5645	 5231
4	 2050	 2097	 5645	 5622
4	 1566	 1545	 5322	 5132
4	 5124	 5132	 1566	 5322
4	 5497	 5504	 5560	 5479
4	 5655	 5654	 5560	 5559
4	 5219	 5229	 5312	 5289
4	 5662	 5312	 5660	 5219
4	 1330	 1344	 5326	 5378
4	 1344	 1330	 1362	 5378
4	 1344	 5326	 5378	 5358
4	 5326	 5378	 5358	 5397
4	 5378	 1344	 5358	 5424
4	 809	 5356	 5065	 5237
4	 775	 5250	 5206	 746
4	 1712	 1697	 1621	 5319
4	 1697	 1712	 1606	 5319
4	 5419	 5516	 5281	 5242
4	 1125	 1041	 1002	 5281
4	 1269	 1343	 1270	 5117
4	 1626	 5641	 1577	 1583
4	 1655	 1653	 5307	 5646
4	 5307	 1656	 1655	 5646
4	 1655	 1653	 5646	 5424
4	 1655	 1653	 5424	 1514
4	 5403	 5424	 5380	 5646
4	 5424	 5380	 5646	 1655
4	 5424	 5403	 1362	 5646
4	 1653	 1843	 5307	 1703
4	 5628	 5630	 1703	 5307
4	 5307	 1653	 1703	 5628
4	 5307	 1653	 5628	 5646
4	 5644	 5714	 2087	 2124
4	 5644	 2124	 2047	 5714
4	 2087	 2111	 1989	 5644
4	 2111	 2006	 1989	 5644
4	 5362	 5351	 5352	 5647
4	 5362	 5351	 5647	 5364
4	 791	 5212	 5352	 5351
4	 5352	 5362	 5647	 905
4	 5647	 5352	 905	 5213
4	 5352	 905	 5213	 922
4	 5213	 5352	 922	 5212
4	 5647	 5352	 5213	 5212
4	 857	 791	 5212	 5352
4	 5352	 922	 5212	 857
4	 5213	 5647	 5212	 5202
4	 5117	 5125	 5115	 5648
4	 5115	 5279	 5299	 1269
4	 1246	 5279	 1269	 1173
4	 5117	 5115	 1300	 1269
4	 5115	 5299	 5279	 5112
4	 5648	 5115	 5127	 5125
4	 1246	 5648	 1304	 1370
4	 1770	 1836	 1758	 5649
4	 1836	 1758	 5649	 1937
4	 1684	 1508	 5621	 5649
4	 5649	 1758	 1770	 1508
4	 1770	 1836	 5649	 1807
4	 1582	 1546	 1336	 1515
4	 1515	 5380	 1336	 5366
4	 1869	 1973	 1883	 5650
4	 1973	 1883	 5650	 2059
4	 1761	 1747	 5650	 1867
4	 5650	 1883	 1869	 1747
4	 1869	 1973	 5650	 1996
4	 791	 878	 5212	 5715
4	 5669	 5492	 5338	 5493
4	 5243	 1099	 1129	 1147
4	 1226	 1183	 1147	 1129
4	 1183	 1129	 1226	 1131
4	 1010	 913	 959	 5301
4	 1631	 1567	 5573	 1661
4	 1420	 1567	 1661	 5573
4	 5573	 1631	 1661	 1630
4	 5202	 5211	 5198	 5652
4	 5655	 5560	 5509	 5544
4	 5560	 5559	 5544	 5655
4	 925	 986	 5727	 964
4	 5208	 925	 5272	 5656
4	 5305	 997	 986	 5656
4	 925	 986	 997	 5656
4	 5654	 5656	 5208	 5272
4	 5570	 5654	 5655	 5559
4	 5656	 5272	 5654	 5655
4	 5655	 5654	 5570	 5272
4	 5653	 5560	 5654	 5504
4	 5559	 5504	 5570	 5654
4	 5559	 5540	 5544	 5655
4	 5528	 5540	 5550	 5570
4	 5550	 5559	 5570	 5540
4	 5504	 5560	 5479	 5653
4	 5511	 5479	 5560	 5653
4	 997	 925	 5656	 5272
4	 5201	 856	 849	 5657
4	 856	 849	 5657	 780
4	 5201	 856	 5657	 848
4	 856	 5657	 848	 877
4	 5657	 856	 780	 877
4	 849	 5201	 5657	 5253
4	 849	 5201	 5253	 799
4	 5253	 849	 799	 798
4	 849	 5657	 780	 890
4	 5596	 5724	 5629	 5598
4	 5510	 5629	 5596	 5501
4	 5596	 5510	 5501	 5594
4	 1807	 1915	 1759	 1839
4	 5420	 5516	 5242	 5339
4	 5420	 5516	 5339	 5514
4	 1482	 1412	 1386	 5586
4	 2059	 2007	 1981	 5658
4	 5650	 2059	 1883	 1981
4	 1981	 1761	 1883	 5650
4	 2007	 1981	 5658	 1759
4	 2007	 1971	 1759	 5658
4	 1971	 2131	 1937	 5658
4	 2059	 2007	 5658	 2141
4	 5117	 5125	 5648	 1370
4	 1459	 5117	 1343	 1370
4	 1459	 5117	 1370	 5125
4	 1370	 1459	 5125	 1498
4	 5125	 1459	 1570	 1498
4	 1374	 1332	 1301	 5339
4	 1410	 1413	 1590	 1591
4	 1413	 1410	 5524	 1591
4	 5644	 2161	 2136	 2111
4	 2136	 5644	 2111	 2087
4	 2136	 5644	 2087	 2124
4	 5644	 2161	 2111	 2006
4	 2161	 2111	 2006	 2218
4	 2161	 2136	 2111	 2163
4	 2307	 2163	 2136	 2284
4	 2307	 2233	 2284	 2136
4	 2161	 2111	 2218	 2163
4	 1047	 5328	 5303	 5350
4	 5492	 5350	 5490	 5303
4	 5350	 1047	 5490	 5303
4	 1130	 5328	 1047	 5239
4	 1047	 5328	 5350	 5239
4	 5642	 5641	 5218	 5659
4	 5642	 1383	 5641	 5729
4	 5218	 5642	 5659	 5660
4	 5729	 5642	 1441	 5662
4	 5660	 5642	 5662	 1741
4	 5642	 5218	 1741	 5660
4	 1741	 5218	 5219	 5660
4	 5642	 5660	 5662	 5729
4	 1691	 1502	 1441	 5662
4	 1502	 1441	 5662	 5661
4	 1691	 1441	 1649	 5662
4	 1801	 1909	 5662	 1741
4	 1502	 1375	 1441	 5661
4	 1417	 5661	 1375	 1502
4	 1628	 1502	 5662	 5660
4	 1628	 5660	 5663	 1502
4	 1628	 1502	 1691	 5662
4	 1691	 1628	 5662	 5312
4	 1628	 2003	 5312	 1691
4	 5660	 5661	 5663	 1502
4	 5659	 5660	 5663	 5223
4	 5659	 5218	 5660	 5223
4	 5218	 5223	 5219	 5660
4	 5641	 5218	 5659	 5664
4	 5659	 5641	 5664	 5665
4	 5729	 5641	 5665	 1383
4	 5247	 1383	 5729	 5665
4	 5664	 5659	 5665	 5518
4	 5659	 5665	 5518	 5247
4	 5641	 5664	 5665	 5666
4	 5665	 5641	 5666	 5300
4	 5641	 5665	 1383	 5300
4	 1309	 1383	 5641	 5257
4	 5300	 1383	 5247	 5665
4	 5247	 5300	 5665	 5329
4	 5664	 5665	 5666	 5667
4	 5665	 5666	 5667	 5668
4	 5665	 5666	 5668	 5300
4	 5300	 5665	 5329	 5668
4	 5328	 1184	 5329	 5287
4	 5668	 5329	 5328	 5492
4	 5329	 5303	 5328	 5492
4	 5666	 5667	 5668	 5669
4	 5668	 5666	 5669	 5369
4	 5666	 5669	 5369	 5670
4	 5669	 5369	 5670	 5392
4	 5392	 5369	 5338	 5669
4	 5666	 5667	 5669	 5302
4	 5669	 5488	 5667	 5668
4	 5667	 5665	 5668	 5517
4	 5517	 5492	 5668	 5488
4	 5669	 5492	 5488	 5668
4	 5565	 5512	 5518	 5517
4	 5665	 5664	 5518	 5667
4	 5667	 5665	 5517	 5518
4	 5518	 5517	 5247	 5665
4	 5666	 5664	 5667	 5302
4	 5641	 5664	 5666	 1583
4	 5302	 5217	 1614	 5664
4	 5217	 5218	 1583	 5664
4	 5666	 5664	 5302	 1614
4	 5218	 1583	 5664	 5641
4	 5302	 5217	 5664	 5627
4	 5627	 5518	 5664	 5565
4	 5561	 5518	 5627	 5565
4	 5667	 5565	 5302	 5664
4	 5567	 5302	 5627	 5217
4	 5664	 5302	 5627	 5565
4	 5493	 5392	 5338	 5669
4	 5669	 5338	 5492	 5668
4	 5287	 5338	 5668	 5328
4	 5668	 5666	 5369	 5287
4	 5668	 5666	 5287	 5300
4	 5668	 5287	 5328	 5329
4	 5369	 5666	 5670	 5465
4	 5666	 5669	 5670	 5302
4	 5223	 5627	 5659	 5664
4	 5664	 5217	 5218	 5223
4	 5664	 5627	 5217	 5223
4	 5659	 5218	 5223	 5664
4	 5663	 5659	 5223	 5627
4	 5223	 5627	 5564	 5663
4	 5663	 5659	 5627	 5518
4	 5659	 5627	 5518	 5664
4	 5627	 5663	 5518	 5564
4	 1758	 1520	 5621	 1732
4	 1684	 1524	 1696	 5621
4	 1696	 5325	 5621	 5618
4	 5497	 5560	 5544	 5509
4	 1729	 1958	 5134	 5286
4	 5643	 5286	 5134	 1958
4	 1877	 1814	 1958	 5286
4	 1729	 1958	 5286	 1877
4	 5469	 1178	 1103	 1260
4	 1310	 5469	 5466	 5574
4	 1162	 5469	 1310	 1178
4	 5542	 5554	 5544	 5509
4	 5388	 5509	 5554	 5542
4	 5499	 5544	 5554	 5509
4	 809	 5301	 5356	 5237
4	 5301	 5348	 5237	 5710
4	 5348	 5356	 5237	 5418
4	 5710	 836	 936	 5237
4	 5237	 836	 936	 896
4	 1299	 1266	 1235	 5268
4	 1299	 1445	 1266	 5268
4	 1266	 1235	 5268	 5309
4	 5268	 1266	 5309	 5294
4	 5064	 5250	 5356	 5065
4	 5065	 809	 5063	 5250
4	 5237	 5065	 5064	 5356
4	 1868	 2046	 1852	 5296
4	 1868	 1852	 1650	 5296
4	 5591	 5252	 1482	 1481
4	 1481	 1639	 5591	 5252
4	 5610	 1482	 5591	 5252
4	 5252	 1699	 1562	 1482
4	 1481	 1482	 5591	 5586
4	 5591	 1481	 5586	 5587
4	 5610	 5586	 5591	 1482
4	 1562	 1482	 5610	 5252
4	 1562	 5610	 1482	 1435
4	 1562	 1525	 5610	 1435
4	 1073	 1135	 1122	 5671
4	 1073	 1135	 5671	 5347
4	 5688	 1073	 1058	 1122
4	 1135	 1122	 5671	 5672
4	 1135	 1122	 5672	 1198
4	 5671	 1135	 5672	 5436
4	 5682	 1198	 5672	 1122
4	 1122	 5671	 5672	 5673
4	 5671	 5672	 5673	 5674
4	 5671	 5672	 5674	 5436
4	 5672	 5674	 5436	 5475
4	 5436	 5672	 5475	 1181
4	 5436	 5672	 1181	 1135
4	 5672	 5674	 5475	 5675
4	 5475	 5672	 5675	 5676
4	 5475	 5672	 5676	 1181
4	 5674	 5475	 5675	 5677
4	 5677	 5454	 5674	 5475
4	 5437	 5454	 5677	 5475
4	 5677	 5675	 5731	 5475
4	 5675	 5674	 5677	 5678
4	 5119	 5116	 5122	 5678
4	 5675	 5674	 5678	 5679
4	 5679	 5674	 5244	 5673
4	 5112	 5116	 5679	 5120
4	 5673	 5671	 5674	 5244
4	 5122	 5675	 5678	 5120
4	 5679	 5120	 5116	 5678
4	 5244	 5679	 5673	 5680
4	 5679	 5673	 5680	 5681
4	 5244	 5679	 5680	 5112
4	 5673	 5671	 5244	 5688
4	 5675	 5679	 5681	 5673
4	 5673	 5680	 5681	 1144
4	 5680	 5681	 1144	 5279
4	 1058	 1173	 5299	 5680
4	 5680	 5279	 1144	 1173
4	 1189	 1144	 5681	 5726
4	 5279	 5299	 5680	 5112
4	 5299	 5680	 5112	 5245
4	 5112	 5244	 5245	 5680
4	 5680	 5679	 5681	 5120
4	 5679	 5680	 5112	 5120
4	 5680	 5279	 5112	 5120
4	 5112	 5115	 5120	 5279
4	 5120	 5115	 5121	 5681
4	 5680	 5681	 5279	 5120
4	 5120	 5115	 5681	 5279
4	 5679	 5678	 5675	 5120
4	 5677	 5675	 5678	 5122
4	 5130	 5123	 5122	 5677
4	 5678	 5677	 5122	 5119
4	 5123	 5119	 5122	 5677
4	 5674	 5672	 5673	 5675
4	 5681	 5672	 5675	 5673
4	 5130	 5129	 5731	 5122
4	 5129	 5122	 5675	 5731
4	 5672	 5675	 5676	 5682
4	 5672	 1198	 5682	 5676
4	 5675	 5676	 5682	 5683
4	 1390	 1357	 1220	 5683
4	 5683	 5676	 5682	 1220
4	 5323	 5681	 5682	 5683
4	 5675	 5121	 5683	 5681
4	 5681	 5679	 5675	 5120
4	 5122	 5116	 5120	 5678
4	 5675	 5681	 5120	 5121
4	 5120	 5121	 5122	 5675
4	 5672	 1181	 1135	 1198
4	 5682	 1198	 1220	 5676
4	 5688	 5245	 5244	 5680
4	 2161	 2218	 2284	 2163
4	 2218	 2284	 2163	 2297
4	 5208	 5205	 5651	 5191
4	 5205	 5651	 5191	 5196
4	 2251	 2323	 2297	 2163
4	 1971	 2141	 5658	 2007
4	 5668	 5492	 5328	 5338
4	 5493	 5338	 5350	 5492
4	 5350	 5338	 5328	 5492
4	 5493	 5492	 5350	 5490
4	 5669	 5668	 5369	 5338
4	 766	 5180	 5248	 746
4	 775	 746	 766	 5061
4	 1862	 1863	 1658	 5684
4	 1862	 1863	 5684	 1975
4	 1658	 1862	 5684	 1656
4	 1863	 1658	 5684	 1680
4	 1658	 5684	 1680	 5334
4	 1863	 5291	 1680	 5684
4	 1863	 1680	 5291	 1830
4	 1658	 5684	 5334	 1656
4	 5284	 5506	 5552	 5549
4	 5560	 5509	 5497	 5486
4	 5727	 5486	 5509	 5560
4	 913	 843	 959	 836
4	 5223	 5663	 5219	 5660
4	 5223	 5219	 5564	 5226
4	 5564	 5223	 5226	 5626
4	 1607	 1569	 5318	 1410
4	 5257	 1384	 1558	 1528
4	 1558	 1311	 1528	 1384
4	 1606	 1697	 5319	 1640
4	 5319	 5269	 5268	 1640
4	 5319	 1606	 1640	 5268
4	 1092	 1148	 1191	 1093
4	 1251	 1148	 1177	 1093
4	 1251	 1093	 1191	 1148
4	 1118	 1021	 1096	 936
4	 933	 1043	 961	 5685
4	 961	 933	 5685	 5657
4	 933	 961	 780	 5657
4	 780	 933	 5657	 877
4	 961	 780	 5657	 890
4	 933	 1043	 5685	 1042
4	 5278	 1043	 1042	 5685
4	 1043	 961	 5685	 1091
4	 5243	 1129	 1043	 5713
4	 5278	 1043	 5685	 5243
4	 1640	 5319	 5269	 1734
4	 1697	 5319	 1640	 1734
4	 5319	 5269	 1734	 1795
4	 5319	 5269	 1795	 1476
4	 5268	 5269	 5319	 1486
4	 5268	 1445	 1486	 5319
4	 1390	 1539	 1424	 5683
4	 1361	 5254	 5267	 5425
4	 2139	 2265	 2134	 2125
4	 2265	 2244	 2125	 2139
4	 2265	 2125	 2222	 2134
4	 2265	 2219	 2134	 2222
4	 5410	 1673	 1598	 1497
4	 5671	 5674	 5244	 5686
4	 5671	 5674	 5686	 5454
4	 5674	 5686	 5454	 5687
4	 5732	 5123	 5687	 5674
4	 5674	 5436	 5475	 5454
4	 5686	 5454	 5687	 5431
4	 5244	 5671	 5686	 5688
4	 5671	 5686	 5688	 5689
4	 5686	 5688	 5689	 5452
4	 5671	 5686	 5689	 5454
4	 5689	 5671	 5454	 5347
4	 5671	 5454	 5347	 5436
4	 5674	 5671	 5436	 5454
4	 5347	 5671	 5436	 1135
4	 5689	 5671	 1073	 5688
4	 5689	 5688	 1011	 5452
4	 5686	 5244	 5688	 5690
4	 5244	 5108	 5245	 5690
4	 5108	 5245	 5690	 5107
4	 5688	 5686	 5690	 5288
4	 5244	 5688	 5690	 5245
4	 5689	 5671	 5347	 1073
4	 1058	 1122	 5673	 5688
4	 5671	 1073	 5688	 1122
4	 1011	 1058	 5688	 1073
4	 1073	 1011	 5689	 5688
4	 5687	 5123	 1489	 5691
4	 5687	 5123	 5691	 5454
4	 5674	 5454	 5677	 5123
4	 5447	 5381	 5431	 5454
4	 5123	 1489	 5691	 1512
4	 1489	 1512	 1437	 5691
4	 1406	 5431	 5687	 5447
4	 5447	 5454	 5437	 5381
4	 1489	 5687	 5691	 1406
4	 1558	 5642	 1801	 1441
4	 5662	 1441	 1649	 1801
4	 5642	 5662	 1741	 1801
4	 1741	 5642	 1801	 1626
4	 5662	 5642	 1441	 1801
4	 1558	 1801	 1649	 1441
4	 1681	 1649	 1558	 1801
4	 5195	 5434	 5188	 5253
4	 5362	 5459	 5462	 5482
4	 5462	 5362	 5482	 5364
4	 5459	 5462	 5482	 5455
4	 5227	 2073	 5292	 5630
4	 883	 915	 957	 5529
4	 915	 957	 5529	 1009
4	 5529	 915	 1009	 870
4	 2345	 2251	 2275	 2209
4	 2275	 2345	 2209	 2285
4	 2219	 2209	 2285	 2275
4	 1570	 5125	 1498	 1411
4	 1411	 1498	 1370	 5125
4	 5425	 5433	 5387	 5446
4	 5433	 5425	 5326	 5446
4	 5425	 5326	 5446	 1361
4	 5634	 5326	 1361	 5446
4	 5446	 5425	 1361	 5267
4	 5634	 5326	 5446	 5637
4	 5441	 5387	 5433	 5446
4	 1555	 1624	 5316	 1705
4	 5316	 5367	 1555	 1705
4	 1390	 1389	 1423	 5692
4	 5683	 5676	 1390	 5692
4	 1389	 1423	 5692	 5374
4	 1536	 1423	 1389	 5374
4	 1536	 1423	 5374	 5371
4	 1389	 1536	 5374	 1314
4	 1390	 1389	 5692	 5676
4	 1390	 1389	 5676	 1257
4	 1423	 1390	 5692	 1539
4	 1390	 1539	 5683	 5692
4	 5109	 5295	 5311	 1149
4	 2038	 2097	 2025	 5231
4	 2038	 2097	 5231	 5234
4	 5626	 2025	 5231	 2038
4	 5626	 5563	 2025	 2038
4	 2025	 1857	 2038	 5563
4	 5231	 5626	 2038	 5226
4	 1857	 2038	 5563	 2126
4	 2038	 5231	 5226	 5228
4	 2038	 5231	 5228	 5234
4	 2097	 5231	 5234	 5645
4	 5336	 5254	 1289	 5346
4	 5358	 5425	 5346	 5254
4	 5358	 1289	 5254	 5346
4	 5677	 5123	 5454	 5437
4	 5282	 5130	 5677	 1512
4	 5433	 5397	 5402	 5693
4	 5433	 5397	 5693	 5326
4	 5637	 5446	 5445	 5693
4	 5693	 5433	 5326	 5446
4	 5637	 5326	 5446	 5693
4	 5441	 5433	 5445	 5446
4	 5648	 5117	 1269	 5115
4	 1300	 1270	 5117	 1269
4	 1417	 5661	 1502	 5663
4	 5645	 5719	 5622	 5225
4	 2297	 2251	 2163	 2242
4	 1205	 1153	 1233	 5416
4	 5464	 1245	 1314	 5416
4	 5416	 1340	 1341	 5376
4	 1340	 1273	 5606	 1233
4	 5294	 1598	 5385	 5344
4	 5410	 1651	 5344	 1598
4	 1598	 5410	 1497	 5385
4	 5700	 1497	 5428	 5385
4	 5410	 1497	 5385	 1563
4	 1673	 1563	 1497	 5410
4	 1874	 2071	 2098	 5292
4	 2071	 2098	 5292	 5270
4	 2071	 2150	 2098	 5270
4	 5270	 2254	 5233	 2150
4	 2210	 2150	 2071	 5233
4	 5233	 2254	 2210	 2150
4	 5270	 2071	 2150	 5233
4	 883	 5238	 5529	 963
4	 5238	 861	 883	 5293
4	 5336	 1289	 1334	 1276
4	 5336	 1289	 1276	 5346
4	 967	 937	 944	 5467
4	 967	 5452	 5688	 5342
4	 2094	 2087	 5714	 2124
4	 5296	 2047	 2008	 5714
4	 5296	 2047	 5644	 2046
4	 5714	 2087	 1989	 5644
4	 5243	 1136	 5685	 5278
4	 5713	 1226	 5243	 1129
4	 1131	 1091	 1129	 5713
4	 989	 5098	 1005	 5285
4	 5284	 5189	 5506	 5551
4	 5192	 5284	 5551	 5189
4	 5552	 5549	 5504	 5284
4	 5551	 5184	 5192	 5189
4	 5189	 5184	 5506	 5551
4	 1591	 1702	 5520	 5525
4	 1774	 1702	 1611	 5525
4	 5715	 5211	 5212	 5647
4	 5652	 5211	 5715	 5647
4	 1926	 1938	 1851	 5640
4	 1783	 5640	 1938	 5275
4	 5516	 5281	 5242	 1190
4	 5339	 1332	 1301	 5516
4	 1190	 1332	 5516	 1301
4	 2251	 2209	 2135	 2242
4	 2219	 2209	 2275	 2242
4	 2135	 2251	 2242	 2163
4	 2251	 2209	 2242	 2275
4	 5545	 5569	 5258	 5293
4	 5545	 5569	 5293	 5527
4	 5238	 5527	 5473	 5293
4	 1405	 1481	 5587	 5586
4	 1405	 1481	 5586	 1412
4	 1481	 5586	 1412	 1482
4	 5509	 5495	 5554	 5499
4	 5615	 1929	 5640	 1928
4	 1928	 5615	 1929	 1996
4	 1928	 5615	 1996	 1869
4	 5615	 1996	 1869	 5650
4	 1928	 5615	 1869	 1747
4	 1723	 1749	 5615	 1641
4	 5615	 1869	 1747	 5650
4	 5252	 1867	 5615	 1747
4	 1761	 1883	 5650	 1747
4	 1522	 1434	 1509	 5269
4	 5060	 5507	 5057	 5502
4	 5121	 5126	 5129	 5683
4	 5246	 5683	 5694	 5129
4	 5246	 5256	 5128	 5126
4	 5129	 5126	 5256	 5246
4	 5133	 5129	 5126	 5256
4	 5126	 1735	 5133	 5256
4	 5256	 1735	 5128	 5126
4	 1735	 5133	 5256	 1811
4	 5128	 5246	 5126	 5323
4	 5121	 5126	 5683	 5323
4	 5126	 5683	 5323	 5246
4	 5129	 5121	 5683	 5675
4	 5122	 5121	 5129	 5675
4	 1222	 5242	 1190	 1306
4	 1306	 1332	 5242	 1190
4	 5573	 1631	 1630	 1577
4	 1798	 1702	 5523	 1772
4	 1772	 1750	 5520	 5521
4	 5228	 2038	 5234	 2211
4	 2181	 2158	 2141	 2131
4	 2141	 2181	 2131	 2139
4	 5393	 5298	 5288	 5342
4	 5288	 5393	 5342	 5452
4	 1005	 928	 989	 5285
4	 913	 809	 5206	 843
4	 1117	 1153	 1096	 5415
4	 1771	 1711	 1638	 1721
4	 1771	 1711	 1721	 1760
4	 1712	 1523	 1744	 1607
4	 1744	 1523	 1698	 1607
4	 5638	 5636	 5417	 5585
4	 1721	 1695	 1771	 1760
4	 1838	 1785	 1760	 1695
4	 5330	 1077	 1027	 1085
4	 5438	 5410	 1750	 1651
4	 1750	 1673	 5410	 5566
4	 5361	 5349	 5338	 5370
4	 5519	 5412	 5332	 1124
4	 5332	 5519	 1124	 1208
4	 1124	 5332	 1208	 1221
4	 1670	 1539	 5694	 5246
4	 5246	 1540	 1670	 1539
4	 5256	 5246	 5694	 5129
4	 5683	 5126	 5129	 5246
4	 1539	 5683	 5692	 5694
4	 1539	 5683	 5694	 5246
4	 1539	 1423	 5739	 5692
4	 1973	 2142	 2125	 2134
4	 1083	 5297	 1052	 1097
4	 5297	 1083	 1187	 1097
4	 5297	 1040	 1052	 5537
4	 5305	 1052	 1040	 5537
4	 5340	 5387	 5357	 5267
4	 5446	 5425	 5267	 5387
4	 5267	 5446	 5387	 5440
4	 5387	 5267	 5440	 5357
4	 2032	 1942	 2022	 1940
4	 2022	 1940	 2008	 2032
4	 1867	 1732	 1937	 5325
4	 5620	 1732	 1867	 5325
4	 1732	 1937	 5325	 1758
4	 5325	 1732	 1758	 5621
4	 1098	 5303	 5329	 5281
4	 1611	 1590	 1464	 1591
4	 1590	 1464	 1591	 1413
4	 5611	 5605	 5308	 5603
4	 2209	 2142	 2117	 2219
4	 5358	 5425	 5254	 1344
4	 5425	 5358	 5326	 1344
4	 1361	 5254	 5425	 1344
4	 5425	 5326	 1361	 1344
4	 5607	 1525	 1435	 5610
4	 5377	 1153	 5401	 5606
4	 5415	 5377	 5606	 1153
4	 5389	 5434	 5406	 5484
4	 5434	 5386	 5406	 5695
4	 5386	 5406	 5695	 5393
4	 5695	 5386	 5393	 5277
4	 5341	 5386	 5277	 5393
4	 5434	 5386	 5695	 5280
4	 5253	 5280	 5434	 5695
4	 5434	 5253	 5695	 5188
4	 5195	 5188	 5434	 5194
4	 5406	 5434	 5695	 5188
4	 5628	 5307	 5646	 5632
4	 5418	 5473	 5430	 5625
4	 5527	 5531	 5528	 5569
4	 5530	 5546	 5637	 5494
4	 5530	 5487	 5494	 5637
4	 5637	 5546	 5496	 5494
4	 5496	 5494	 5487	 5637
4	 5601	 5593	 5603	 1521
4	 5546	 5528	 5530	 5550
4	 5541	 5528	 5550	 5530
4	 5530	 5541	 5500	 5550
4	 5521	 5565	 5512	 5518
4	 5517	 5508	 5667	 5565
4	 5539	 5543	 5558	 5541
4	 5538	 5533	 5531	 5528
4	 5569	 5528	 5538	 5531
4	 5533	 5540	 5528	 5538
4	 5528	 5540	 5570	 5538
4	 5535	 5538	 5531	 5696
4	 5531	 5535	 5696	 1009
4	 1009	 924	 5535	 5696
4	 924	 5535	 5696	 973
4	 854	 973	 924	 5696
4	 924	 854	 5696	 835
4	 854	 5696	 835	 865
4	 5696	 835	 865	 5199
4	 5708	 752	 870	 5199
4	 5696	 835	 5199	 870
4	 870	 835	 924	 5696
4	 924	 870	 5696	 1009
4	 5531	 870	 1009	 5696
4	 5535	 5538	 5696	 973
4	 5708	 5701	 5696	 5531
4	 5536	 5532	 5534	 5582
4	 5532	 1072	 5582	 1057
4	 5582	 5532	 1057	 5536
4	 1057	 1009	 984	 5535
4	 5483	 5327	 1330	 5499
4	 5541	 5500	 5550	 5540
4	 5542	 5540	 5544	 5499
4	 5543	 5541	 5540	 5500
4	 5602	 5605	 5603	 5308
4	 5556	 5542	 5537	 1052
4	 5537	 5556	 1052	 5297
4	 5472	 5481	 5473	 5238
4	 5607	 5612	 5604	 5635
4	 5638	 5635	 5585	 5604
4	 5612	 5604	 5635	 5638
4	 5612	 5607	 5609	 5635
4	 5638	 5635	 5612	 5609
4	 5525	 1702	 5523	 1774
4	 5525	 5523	 1702	 5520
4	 1702	 5523	 1774	 1798
4	 5523	 1774	 1798	 1857
4	 1857	 5523	 5563	 1888
4	 5563	 5523	 1857	 1956
4	 5581	 5618	 5591	 5587
4	 5618	 5581	 5578	 5587
4	 5462	 5411	 5455	 5426
4	 5411	 5455	 5426	 5400
4	 5407	 5460	 5448	 5274
4	 5427	 5466	 5476	 1504
4	 5400	 5426	 5458	 5451
4	 5311	 5451	 5458	 1003
4	 1003	 5295	 5468	 5711
4	 5451	 1086	 5469	 5458
4	 1003	 5458	 1094	 1086
4	 1103	 1094	 5469	 1086
4	 5469	 1103	 1086	 5451
4	 5469	 5451	 5390	 1103
4	 1103	 1086	 5451	 5390
4	 5404	 5450	 5458	 5466
4	 5450	 5458	 5466	 5383
4	 5383	 5400	 5450	 5458
4	 5466	 5404	 5453	 5469
4	 5634	 5405	 5638	 5636
4	 1579	 1608	 1672	 5614
4	 1608	 1672	 5614	 1899
4	 5409	 1458	 5388	 5555
4	 5409	 5388	 1458	 5385
4	 1591	 5524	 1569	 1410
4	 1591	 1569	 1590	 1410
4	 1455	 1358	 1391	 5524
4	 5382	 5405	 5442	 5417
4	 5362	 5482	 5364	 5647
4	 879	 928	 891	 5697
4	 879	 928	 5697	 979
4	 5697	 879	 979	 867
4	 928	 891	 5697	 1005
4	 1005	 928	 5285	 5697
4	 928	 5285	 5697	 979
4	 928	 5285	 979	 989
4	 5697	 873	 5280	 879
4	 5565	 5568	 5566	 5508
4	 5512	 5508	 5565	 5566
4	 5512	 5508	 5566	 5395
4	 5512	 5508	 5395	 5413
4	 5508	 5395	 5413	 5409
4	 5395	 5512	 5413	 5384
4	 5566	 5262	 5568	 5562
4	 5262	 1686	 1799	 5622
4	 5622	 1872	 5562	 1686
4	 5562	 1686	 1872	 1787
4	 1621	 1795	 1476	 5319
4	 1621	 1795	 5319	 1734
4	 5319	 1621	 1734	 1697
4	 1749	 1641	 1672	 5613
4	 1672	 1641	 5608	 5613
4	 5613	 5614	 5608	 1672
4	 5424	 5337	 5380	 1655
4	 5455	 5459	 5251	 5482
4	 5251	 5455	 5482	 5478
4	 1209	 1098	 5329	 5281
4	 1209	 1098	 5281	 1174
4	 5285	 5099	 5273	 5277
4	 5304	 5277	 5103	 5099
4	 5131	 5643	 5132	 5124
4	 5643	 5132	 5124	 5322
4	 2073	 5227	 1907	 5630
4	 5227	 1907	 5630	 5222
4	 5640	 1783	 1806	 1667
4	 1806	 1667	 1709	 5640
4	 1667	 1709	 5613	 5603
4	 5126	 5121	 5127	 5323
4	 5127	 5128	 5126	 5323
4	 799	 5253	 5188	 5201
4	 5630	 1907	 5307	 5632
4	 5538	 5535	 5305	 973
4	 5648	 5115	 5279	 5127
4	 5127	 5121	 5115	 5681
4	 5367	 5643	 5266	 5131
4	 5131	 5643	 5124	 5367
4	 5643	 5124	 5367	 5322
4	 1396	 5124	 5366	 1289
4	 5124	 1461	 5131	 5367
4	 1807	 2068	 1836	 1759
4	 1836	 5649	 1807	 1759
4	 1836	 5649	 1759	 5658
4	 1971	 1759	 5658	 1836
4	 5649	 1836	 1937	 5658
4	 1937	 1971	 5658	 1836
4	 2068	 1836	 1759	 1971
4	 1611	 1774	 5525	 5290
4	 1593	 5290	 1774	 1611
4	 5428	 5320	 5556	 1404
4	 5562	 5236	 1787	 1871
4	 1888	 1872	 1871	 5562
4	 5562	 5236	 1888	 5563
4	 5562	 2025	 1888	 1872
4	 1651	 5700	 1638	 5269
4	 1135	 1053	 1110	 5436
4	 5325	 1696	 5621	 5649
4	 1761	 1759	 1696	 5725
4	 5325	 5621	 1758	 5649
4	 1684	 1696	 1759	 5649
4	 5637	 5500	 5326	 5693
4	 5445	 5433	 5693	 5446
4	 5693	 5445	 5637	 5546
4	 5366	 5306	 1289	 5124
4	 855	 925	 997	 5272
4	 1096	 972	 1117	 5415
4	 5474	 1071	 5472	 1117
4	 1360	 1464	 1413	 5515
4	 1464	 1413	 5515	 1591
4	 5515	 1464	 1591	 5525
4	 1464	 1591	 5525	 1611
4	 1611	 1464	 1593	 5290
4	 1464	 1554	 5525	 1360
4	 1360	 1464	 5515	 5525
4	 5290	 1554	 5525	 1464
4	 1593	 1464	 1554	 5290
4	 1591	 5525	 1611	 1702
4	 1415	 1406	 1461	 5110
4	 5336	 1461	 1406	 5110
4	 1269	 1343	 5117	 1370
4	 5117	 1269	 1370	 5648
4	 1269	 1246	 1370	 5648
4	 5610	 5586	 1482	 5607
4	 1435	 1386	 5607	 1482
4	 1435	 1372	 5609	 5635
4	 1386	 5607	 5635	 1435
4	 1571	 1513	 1541	 5597
4	 1187	 1083	 1143	 1097
4	 5102	 5104	 5288	 5685
4	 5685	 5278	 1136	 5104
4	 5102	 1155	 5685	 5277
4	 5288	 5104	 5278	 5685
4	 5106	 5102	 5104	 5288
4	 1091	 1155	 5277	 5685
4	 1136	 1148	 5685	 1155
4	 5734	 5319	 5318	 1445
4	 1651	 5268	 5269	 1640
4	 2131	 2067	 1937	 5658
4	 2131	 2067	 5658	 2141
4	 2067	 2059	 2021	 5658
4	 2021	 5658	 5650	 1937
4	 5665	 5329	 5668	 5517
4	 5665	 5329	 5517	 5247
4	 5329	 5668	 5517	 5492
4	 5492	 5329	 5303	 5517
4	 5470	 5517	 5492	 5303
4	 5056	 5248	 5182	 5502
4	 5057	 5056	 5053	 5502
4	 5187	 5182	 5502	 5053
4	 5337	 5358	 5254	 1344
4	 5337	 5358	 1344	 5424
4	 5408	 5421	 5452	 5689
4	 5347	 5421	 5408	 5689
4	 913	 5452	 5421	 5689
4	 5421	 913	 5689	 5347
4	 5421	 913	 5347	 5301
4	 913	 5347	 5301	 1010
4	 913	 5452	 5689	 1011
4	 5452	 5408	 5689	 5686
4	 1505	 1504	 1631	 5476
4	 1374	 1501	 1554	 5265
4	 1853	 1721	 1795	 1734
4	 1155	 5277	 5304	 1044
4	 5304	 1155	 1044	 1093
4	 1155	 1044	 1093	 1092
4	 1092	 1148	 1093	 1155
4	 1148	 1093	 1155	 1177
4	 5304	 1155	 1093	 1177
4	 1419	 1420	 1577	 5571
4	 5573	 1346	 5571	 1420
4	 1630	 5573	 1577	 1420
4	 1661	 1420	 5573	 1630
4	 5282	 5614	 5373	 5698
4	 5614	 1608	 1899	 5698
4	 1899	 1608	 1762	 5698
4	 5373	 5282	 5698	 1762
4	 5614	 1608	 5698	 5282
4	 5614	 5373	 5698	 1899
4	 1608	 5698	 5282	 1599
4	 1599	 5282	 5240	 1762
4	 5698	 5282	 1599	 1762
4	 1762	 1608	 1599	 5698
4	 5614	 1608	 5282	 1579
4	 1512	 1608	 1579	 5282
4	 5127	 5125	 1570	 1411
4	 5743	 1609	 1411	 1570
4	 5128	 5127	 1570	 5743
4	 5198	 5202	 5652	 5284
4	 5193	 5202	 5198	 5284
4	 1528	 1419	 1577	 1317
4	 1309	 1384	 1577	 1317
4	 1384	 5257	 1577	 1528
4	 5257	 1577	 1528	 1626
4	 1577	 1528	 1626	 1660
4	 1528	 5257	 1626	 1558
4	 1384	 1317	 1311	 1528
4	 1528	 1311	 1419	 1317
4	 1528	 1419	 1420	 1577
4	 1304	 1189	 1284	 5323
4	 1579	 1672	 1525	 5608
4	 1579	 1672	 5608	 5614
4	 5098	 1158	 1087	 1062
4	 1005	 1087	 1062	 5098
4	 5098	 1100	 1158	 1062
4	 1774	 5525	 5290	 5523
4	 1857	 1956	 2126	 5563
4	 5214	 5202	 5210	 5482
4	 5641	 5666	 5300	 1309
4	 5299	 1300	 5115	 1269
4	 5113	 5333	 5380	 1336
4	 924	 5535	 973	 1040
4	 5535	 5305	 973	 1040
4	 5256	 5694	 1855	 1811
4	 5595	 5498	 5423	 5597
4	 5324	 5495	 5597	 5498
4	 1011	 965	 944	 5452
4	 5688	 1011	 5452	 965
4	 913	 5452	 1011	 944
4	 937	 5467	 5699	 822
4	 937	 848	 5699	 877
4	 937	 5342	 877	 5699
4	 937	 848	 822	 5699
4	 937	 5342	 5699	 5467
4	 5699	 5467	 5185	 822
4	 822	 848	 5185	 5699
4	 1957	 2112	 1974	 2027
4	 1975	 2112	 2027	 1974
4	 5481	 5238	 5472	 963
4	 5708	 5531	 870	 5529
4	 5305	 1052	 5537	 5542
4	 5631	 5630	 5222	 5227
4	 5221	 5227	 5623	 5631
4	 5221	 5220	 5222	 5631
4	 5222	 5221	 5631	 5227
4	 5415	 972	 1117	 5472
4	 1434	 1234	 1316	 5700
4	 5269	 1486	 5268	 5700
4	 1434	 5700	 5269	 1522
4	 1434	 5700	 1522	 1474
4	 1434	 1474	 1234	 5700
4	 1234	 1316	 5700	 1218
4	 1583	 1576	 1614	 5666
4	 1583	 1614	 5217	 5664
4	 1583	 1577	 1576	 5666
4	 1583	 5641	 1577	 5666
4	 2008	 2094	 2095	 1997
4	 5714	 5644	 5296	 2047
4	 1907	 1864	 1985	 5291
4	 1615	 5632	 5222	 5629
4	 5670	 5666	 5302	 1614
4	 5302	 5670	 1614	 1615
4	 5670	 1614	 1615	 1576
4	 1576	 1614	 5666	 5670
4	 5251	 898	 939	 969
4	 2163	 2218	 2297	 2242
4	 5250	 5206	 746	 5467
4	 5206	 746	 5467	 822
4	 746	 822	 5185	 5467
4	 5467	 5206	 822	 944
4	 5196	 5198	 5205	 5651
4	 933	 1032	 1042	 5685
4	 1042	 5278	 5685	 1032
4	 1042	 5278	 1032	 1019
4	 967	 5688	 1019	 5278
4	 5278	 1032	 5342	 5685
4	 5701	 5186	 5199	 5207
4	 5186	 5199	 5190	 5701
4	 5701	 5190	 5708	 5199
4	 5190	 5186	 5701	 5179
4	 5701	 5199	 5696	 5272
4	 5317	 5207	 5186	 5701
4	 5134	 1958	 1816	 5643
4	 5643	 1814	 5286	 1958
4	 5333	 1336	 1546	 1515
4	 1515	 1336	 5380	 5333
4	 1418	 1546	 1336	 1582
4	 5182	 5194	 5187	 5502
4	 1015	 1077	 5390	 1049
4	 2098	 2112	 1957	 2027
4	 2202	 2112	 2099	 2027
4	 5332	 5309	 5344	 5268
4	 5344	 5309	 5294	 5268
4	 5344	 5294	 1651	 5268
4	 5654	 5651	 5653	 5317
4	 5121	 5127	 5323	 5681
4	 5683	 5682	 5675	 5681
4	 5323	 5683	 5682	 1357
4	 1284	 1357	 5682	 1220
4	 5681	 5323	 5121	 5683
4	 5681	 5323	 5682	 1189
4	 2242	 5314	 2218	 2123
4	 2163	 2218	 2242	 2135
4	 5496	 5487	 5636	 5637
4	 5530	 5637	 5639	 5487
4	 5585	 5583	 5579	 5636
4	 5639	 5487	 5636	 5583
4	 5107	 1238	 5245	 1147
4	 5245	 5107	 1147	 5278
4	 939	 5251	 969	 1003
4	 5451	 1003	 5251	 939
4	 5451	 1003	 939	 1086
4	 1003	 939	 1086	 1061
4	 969	 939	 1003	 1061
4	 2006	 2046	 1868	 1989
4	 5644	 2046	 2006	 1989
4	 2111	 1989	 2006	 1955
4	 1868	 2046	 5296	 1989
4	 5296	 5644	 1989	 2046
4	 1868	 1938	 2006	 5275
4	 5320	 1497	 5428	 5700
4	 5385	 1598	 5294	 5700
4	 1598	 1497	 5700	 5385
4	 5428	 5385	 5294	 5700
4	 1909	 2003	 1691	 1831
4	 1909	 2003	 1831	 2036
4	 2089	 2003	 2036	 1831
4	 5662	 1691	 1831	 1909
4	 2003	 5312	 1691	 1831
4	 5312	 1691	 1831	 5662
4	 1831	 1741	 5219	 5662
4	 1909	 1691	 1649	 5662
4	 1641	 1749	 5615	 5613
4	 5615	 1641	 5613	 5601
4	 5601	 5608	 1641	 5613
4	 1622	 1609	 1479	 5128
4	 5246	 1622	 1479	 5128
4	 1651	 1640	 1606	 5268
4	 1652	 1606	 5734	 1651
4	 970	 939	 1086	 1015
4	 1360	 5242	 5420	 1306
4	 5519	 5420	 5242	 1306
4	 5242	 5420	 5339	 1360
4	 5515	 5420	 1360	 5339
4	 1999	 1872	 2050	 5622
4	 1872	 2050	 5622	 2025
4	 2050	 2097	 5622	 2025
4	 1999	 1872	 5622	 1799
4	 1872	 1799	 1686	 5622
4	 891	 5697	 1005	 5702
4	 1062	 1005	 5098	 5702
4	 1062	 1005	 5702	 1014
4	 1100	 5098	 5097	 5702
4	 891	 1005	 1014	 5702
4	 5098	 5097	 5702	 5697
4	 1005	 5098	 5702	 5697
4	 5098	 1005	 5285	 5697
4	 891	 5697	 5702	 5274
4	 5097	 1100	 5702	 5703
4	 1013	 1100	 5295	 5703
4	 5711	 5295	 5274	 5703
4	 1013	 1100	 5703	 5702
4	 5703	 5097	 5448	 5702
4	 5702	 5274	 5697	 5448
4	 5703	 1013	 5702	 906
4	 5702	 5274	 5703	 906
4	 5702	 891	 5274	 906
4	 1013	 1100	 5702	 1014
4	 5133	 1811	 1786	 5240
4	 1979	 1709	 1867	 5615
4	 973	 854	 865	 5696
4	 1058	 1019	 965	 5688
4	 5688	 1058	 1011	 965
4	 5726	 1304	 5648	 5127
4	 1336	 5113	 1168	 5380
4	 1168	 1289	 5380	 5335
4	 1168	 1336	 5380	 5366
4	 5380	 5366	 1289	 1168
4	 5237	 836	 896	 808
4	 5237	 836	 808	 795
4	 5490	 5350	 5351	 938
4	 5350	 5490	 1047	 938
4	 5490	 1047	 938	 1002
4	 896	 935	 5237	 808
4	 5249	 5290	 5265	 5704
4	 5265	 5249	 5704	 5663
4	 5290	 5265	 5704	 5705
4	 5265	 5704	 5705	 5663
4	 5290	 5265	 5705	 1554
4	 5339	 1554	 5525	 5705
4	 5514	 5525	 5705	 5339
4	 5525	 1554	 5290	 5705
4	 5525	 5290	 5523	 5705
4	 5704	 5290	 5705	 5523
4	 5704	 5705	 5663	 5564
4	 1956	 5249	 5289	 5704
4	 5265	 1374	 1417	 5705
4	 5705	 5663	 5564	 5518
4	 5564	 5705	 5518	 5523
4	 5705	 5704	 5523	 5564
4	 5705	 5518	 5523	 5514
4	 5514	 5339	 5705	 5516
4	 5705	 5514	 5516	 5518
4	 5249	 5290	 5704	 1956
4	 1726	 1956	 1774	 5290
4	 1956	 1774	 5290	 5523
4	 5290	 1956	 5523	 5704
4	 5564	 5523	 1956	 5704
4	 5489	 5492	 5488	 5669
4	 5669	 5492	 5493	 5489
4	 5488	 5489	 5669	 5510
4	 5493	 5669	 5489	 5594
4	 5489	 5669	 5510	 5594
4	 5392	 5594	 5669	 5493
4	 5492	 5470	 5488	 5517
4	 5479	 5552	 5463	 5504
4	 5552	 5463	 5504	 5549
4	 5552	 5432	 5463	 5402
4	 5432	 5478	 5402	 5552
4	 5586	 5580	 5579	 5585
4	 5608	 5603	 5613	 5601
4	 5605	 5606	 5612	 5416
4	 5606	 5605	 5308	 5416
4	 5609	 5612	 5736	 5416
4	 5606	 5604	 5612	 5417
4	 5612	 5606	 5417	 5377
4	 5607	 1435	 5609	 5635
4	 1478	 5578	 5587	 5618
4	 5589	 5617	 5577	 1264
4	 5283	 1255	 5577	 1313
4	 5392	 5501	 5427	 5670
4	 5501	 5450	 5427	 1504
4	 5383	 5368	 1504	 5450
4	 1504	 5383	 5450	 5466
4	 5450	 1504	 5466	 5427
4	 1003	 5451	 5458	 1086
4	 1149	 1094	 1003	 5458
4	 1003	 1149	 5311	 5295
4	 5496	 5429	 5417	 5487
4	 5417	 5636	 5496	 5487
4	 5474	 5415	 5417	 5606
4	 5474	 5415	 5606	 1117
4	 5415	 5606	 1117	 1153
4	 5606	 5474	 1117	 5616
4	 5606	 5474	 5616	 5585
4	 5606	 5474	 5585	 5417
4	 5606	 5604	 5417	 5585
4	 5604	 5417	 5585	 5638
4	 5604	 5612	 5417	 5638
4	 5474	 5585	 5417	 5487
4	 5585	 5417	 5487	 5636
4	 5470	 5398	 5419	 5281
4	 1125	 5281	 5412	 1041
4	 5412	 5281	 5398	 1041
4	 5329	 5281	 5303	 5517
4	 1467	 1582	 1546	 1418
4	 5125	 5648	 1370	 1411
4	 1370	 1304	 1411	 5648
4	 2067	 2134	 2021	 2059
4	 2021	 2059	 5650	 5658
4	 5658	 2067	 1937	 2021
4	 2067	 5658	 2141	 2059
4	 2125	 1973	 2134	 2059
4	 2134	 2125	 2059	 2141
4	 2141	 2067	 2139	 2131
4	 2141	 2139	 2067	 2134
4	 2067	 2134	 2059	 2141
4	 5650	 1973	 2059	 2134
4	 2142	 2134	 1973	 2069
4	 2125	 2244	 2141	 2139
4	 2134	 2125	 2141	 2139
4	 5254	 5336	 5267	 5340
4	 5336	 5254	 5346	 5340
4	 5346	 5336	 5340	 1276
4	 5336	 5340	 1276	 5106
4	 1334	 1276	 5106	 5336
4	 5344	 5438	 5384	 5332
4	 5438	 5384	 5332	 5513
4	 5332	 5438	 5513	 5522
4	 5522	 5513	 1750	 5438
4	 1630	 1577	 1660	 1420
4	 1660	 1630	 1420	 1661
4	 1420	 1660	 1661	 1632
4	 1577	 1660	 1420	 1528
4	 1420	 1632	 1528	 1660
4	 5392	 5427	 5369	 5670
4	 5427	 5465	 5369	 5670
4	 5465	 5427	 1576	 5670
4	 1504	 5427	 1576	 5476
4	 5495	 5554	 5499	 1446
4	 5499	 5495	 1446	 5324
4	 5498	 5499	 5324	 5495
4	 5495	 5554	 1446	 5555
4	 1446	 5495	 5555	 5599
4	 5495	 5555	 5599	 5409
4	 5409	 5495	 5592	 5599
4	 1610	 1541	 1446	 5599
4	 5255	 1541	 1737	 5599
4	 5555	 1446	 5599	 1610
4	 5359	 5435	 5387	 5396
4	 5571	 5465	 1317	 1230
4	 5266	 5286	 1814	 1829
4	 1905	 1814	 5286	 1829
4	 1763	 1905	 5286	 1829
4	 5286	 1763	 1829	 5266
4	 1763	 1905	 1829	 1842
4	 1842	 1763	 1752	 1829
4	 1829	 1764	 1739	 1752
4	 1763	 1829	 5266	 1739
4	 1752	 1739	 1600	 5316
4	 1842	 1764	 1829	 1752
4	 1763	 1739	 1752	 1829
4	 1771	 1496	 1684	 1695
4	 1695	 1561	 1496	 1684
4	 2115	 2141	 2158	 1971
4	 2115	 2141	 1971	 2007
4	 1971	 5658	 2141	 2131
4	 2158	 2141	 2131	 1971
4	 1699	 1639	 1481	 5252
4	 5252	 1699	 1482	 1481
4	 5252	 1639	 5591	 5325
4	 5252	 5591	 5620	 5325
4	 877	 1032	 933	 5685
4	 933	 5685	 5657	 877
4	 5283	 5578	 5315	 1432
4	 5283	 5578	 1432	 5617
4	 5315	 1354	 5283	 1432
4	 1354	 5283	 1432	 1313
4	 5578	 1432	 5617	 5618
4	 1344	 5337	 5424	 1514
4	 5345	 1514	 1655	 5337
4	 5337	 1514	 1448	 5345
4	 1944	 5292	 1874	 1737
4	 1695	 1496	 1522	 1771
4	 1771	 1721	 1638	 1522
4	 1299	 1455	 1445	 5524
4	 1299	 1455	 5524	 1358
4	 5318	 1455	 1391	 5524
4	 1455	 1445	 5524	 5318
4	 1445	 5268	 5524	 5734
4	 5524	 1299	 1358	 1235
4	 5332	 1358	 1235	 5524
4	 2163	 2218	 2135	 2111
4	 1516	 1504	 1505	 5383
4	 1504	 1505	 5383	 5466
4	 1458	 1497	 1563	 5385
4	 1458	 1497	 5385	 5428
4	 1458	 1497	 5428	 1404
4	 1144	 1122	 1189	 5681
4	 1144	 1122	 5681	 5673
4	 5220	 5222	 5631	 5629
4	 5220	 5222	 5629	 1615
4	 1750	 1652	 1772	 5520
4	 5520	 5522	 1750	 1652
4	 1053	 1135	 1073	 5347
4	 1073	 1053	 5347	 1010
4	 1862	 5684	 1656	 1974
4	 5684	 1656	 1974	 5307
4	 5684	 1862	 1975	 1974
4	 1721	 1509	 5269	 1522
4	 1362	 1514	 5424	 1653
4	 5622	 1799	 5262	 5623
4	 5292	 1944	 1999	 5622
4	 5292	 5622	 5623	 1944
4	 5227	 5225	 5623	 5622
4	 1404	 1458	 1393	 5553
4	 1404	 1458	 5553	 5428
4	 5553	 5428	 5556	 1404
4	 5557	 1404	 5553	 5556
4	 5296	 1989	 1900	 1825
4	 2011	 1946	 5289	 1967
4	 2060	 1967	 1983	 2011
4	 5416	 5374	 1314	 5464
4	 1582	 1515	 5366	 1555
4	 5230	 5228	 2212	 2082
4	 5228	 2212	 2082	 2126
4	 5228	 2212	 2126	 2038
4	 5228	 2038	 2211	 2212
4	 2126	 5228	 2038	 5226
4	 2126	 5228	 5226	 2082
4	 5650	 1979	 1996	 2069
4	 2142	 1973	 1996	 2069
4	 2069	 2142	 2134	 2219
4	 5650	 2069	 1996	 1973
4	 2142	 1996	 2117	 2069
4	 1996	 2117	 2069	 5314
4	 2123	 2069	 2219	 5314
4	 2117	 2142	 2069	 2219
4	 2069	 2117	 2219	 5314
4	 2209	 2117	 2135	 2242
4	 2219	 2242	 5314	 2117
4	 2219	 2242	 2123	 5314
4	 2123	 2069	 5314	 1926
4	 905	 5213	 5214	 5647
4	 1946	 1628	 5312	 5249
4	 1946	 1628	 5249	 1689
4	 5249	 1946	 1689	 1967
4	 1628	 5249	 1689	 1502
4	 1457	 5320	 5578	 5315
4	 5320	 5578	 5315	 5557
4	 5594	 5423	 5461	 5596
4	 5503	 5501	 5461	 5724
4	 5320	 1404	 5578	 5557
4	 5436	 5464	 1110	 1181
4	 1245	 1110	 5464	 1257
4	 5464	 1110	 1181	 1257
4	 5464	 1245	 1257	 1314
4	 1393	 5553	 5558	 1404
4	 5708	 883	 817	 5293
4	 5293	 738	 861	 883
4	 5459	 5451	 5251	 939
4	 5265	 5249	 5663	 1502
4	 5317	 5191	 5207	 5208
4	 5208	 5651	 5654	 5317
4	 5651	 5317	 5191	 5196
4	 5651	 5208	 5191	 5317
4	 2210	 2235	 2254	 2369
4	 5339	 1554	 5705	 1374
4	 1554	 1374	 5265	 5705
4	 1867	 5650	 1979	 5615
4	 698	 5293	 5258	 5569
4	 1721	 1795	 1734	 5269
4	 1427	 1680	 1516	 5355
4	 1680	 1516	 5355	 5334
4	 5368	 5334	 5355	 1516
4	 5291	 5334	 1516	 1680
4	 5684	 1680	 5334	 5291
4	 5334	 5684	 5291	 5632
4	 5307	 5632	 5684	 5646
4	 1656	 5646	 5684	 5334
4	 1100	 1014	 1062	 5702
4	 5098	 1100	 1062	 5702
4	 5568	 5623	 5262	 5255
4	 1230	 1311	 1317	 1419
4	 1317	 1384	 1577	 1528
4	 5571	 1230	 1242	 5465
4	 1577	 1317	 1419	 5571
4	 1577	 1317	 5571	 5465
4	 1271	 1317	 5465	 1230
4	 5342	 5699	 5467	 5393
4	 5393	 5467	 5406	 5699
4	 5272	 865	 5199	 5696
4	 1628	 5662	 5312	 5660
4	 5662	 5660	 1741	 5219
4	 5312	 1831	 5219	 5662
4	 5206	 913	 944	 5467
4	 913	 5452	 944	 5467
4	 5467	 5342	 5452	 967
4	 5688	 967	 5342	 5278
4	 5342	 937	 967	 5467
4	 944	 5467	 937	 822
4	 5288	 5110	 5104	 5106
4	 5298	 5102	 5106	 5288
4	 5366	 1582	 1555	 1705
4	 5367	 5366	 1555	 1705
4	 5366	 1582	 1705	 5322
4	 1705	 5366	 5322	 5367
4	 5643	 1754	 1647	 5367
4	 5367	 5322	 1705	 1647
4	 5367	 1705	 1754	 1647
4	 5254	 5267	 5425	 5340
4	 5425	 5267	 5387	 5340
4	 5425	 5340	 5387	 5396
4	 5425	 5346	 5254	 5340
4	 1474	 1234	 5700	 5315
4	 5700	 1522	 1474	 1496
4	 2027	 5270	 2073	 2098
4	 2098	 5292	 5270	 2073
4	 5181	 5191	 5186	 5317
4	 5248	 5056	 5064	 5625
4	 5248	 5056	 5625	 5502
4	 5625	 5248	 5502	 5484
4	 1576	 1504	 5476	 1631
4	 5442	 5446	 5634	 5405
4	 5417	 5442	 5636	 5405
4	 1309	 1271	 1317	 5465
4	 5465	 1309	 1271	 5287
4	 5369	 5353	 5287	 5465
4	 5465	 5287	 5666	 1309
4	 5287	 5666	 1309	 5300
4	 5314	 1996	 1979	 2069
4	 1929	 1979	 5640	 5314
4	 1996	 5314	 1929	 2023
4	 1309	 5257	 5641	 1577
4	 5641	 1309	 1577	 5666
4	 1309	 1577	 5666	 5465
4	 1577	 1317	 5465	 1309
4	 1577	 5666	 5465	 1576
4	 5666	 5465	 1576	 5670
4	 935	 5237	 808	 895
4	 5055	 5052	 5062	 5258
4	 5062	 5055	 5258	 5057
4	 5055	 5258	 5057	 5060
4	 1393	 1405	 5558	 1329
4	 5327	 5558	 5579	 1405
4	 1412	 1405	 1329	 5327
4	 1405	 5579	 1412	 5586
4	 5728	 867	 798	 873
4	 873	 867	 5697	 5728
4	 5697	 879	 867	 873
4	 1260	 1310	 5574	 5469
4	 1310	 1178	 5469	 1260
4	 5304	 980	 1093	 1044
4	 5323	 5682	 1189	 1284
4	 1284	 1198	 1220	 5682
4	 5676	 1181	 5672	 1198
4	 5681	 5672	 1122	 5682
4	 1198	 1189	 5682	 1284
4	 883	 5238	 5293	 5527
4	 883	 5529	 5238	 5527
4	 5529	 5708	 883	 915
4	 1441	 5642	 1383	 1558
4	 5498	 5324	 5423	 5597
4	 1696	 5621	 5649	 1684
4	 5621	 1758	 5649	 1508
4	 5242	 1125	 1190	 5281
4	 1044	 890	 961	 5277
4	 5275	 1868	 1650	 5296
4	 1979	 1926	 1806	 5640
4	 1709	 1979	 1806	 5640
4	 1709	 1667	 5613	 5640
4	 1684	 1770	 1508	 5649
4	 5649	 1807	 1759	 1839
4	 1759	 1684	 5649	 1839
4	 5649	 1807	 1839	 1770
4	 5649	 1684	 1770	 1839
4	 1684	 1770	 1839	 1561
4	 739	 5062	 5052	 5293
4	 5253	 5695	 5188	 5201
4	 5312	 5289	 1946	 5249
4	 1761	 1981	 5658	 5650
4	 1981	 1761	 5658	 1759
4	 1571	 1653	 1362	 5646
4	 1571	 1653	 5646	 5628
4	 5509	 5655	 5544	 5542
4	 5540	 5542	 5655	 5305
4	 5273	 5099	 5285	 5097
4	 5324	 1571	 1362	 5423
4	 5423	 5597	 5324	 1571
4	 1541	 1513	 1446	 5597
4	 5694	 5692	 5739	 5371
4	 1423	 5692	 5374	 5371
4	 2006	 2123	 2218	 5314
4	 2242	 2218	 5314	 2135
4	 2135	 2218	 5314	 1955
4	 2218	 2135	 2111	 1955
4	 2111	 2218	 1955	 2006
4	 5307	 1623	 1656	 1974
4	 1508	 1520	 5621	 1758
4	 5510	 5501	 5594	 5669
4	 5615	 5252	 5601	 1597
4	 5201	 5188	 5183	 5695
4	 872	 5459	 905	 5482
4	 5482	 5251	 5478	 5216
4	 5511	 5479	 5715	 5364
4	 5510	 5501	 5669	 5302
4	 5501	 5669	 5302	 5670
4	 5392	 5669	 5501	 5670
4	 1474	 1561	 1354	 5315
4	 5315	 1354	 1432	 1561
4	 5577	 5582	 1264	 1255
4	 5617	 1264	 1313	 5577
4	 1255	 5283	 5577	 5536
4	 1159	 984	 5297	 5536
4	 5536	 5582	 5577	 1255
4	 5536	 5582	 1255	 1057
4	 1255	 5536	 1057	 984
4	 5536	 1255	 5283	 1159
4	 1255	 984	 1159	 5536
4	 5297	 984	 1159	 1187
4	 1653	 1362	 5646	 5424
4	 5646	 1362	 1571	 5403
4	 5403	 1571	 5597	 5423
4	 5597	 1571	 5403	 5646
4	 1571	 5646	 5597	 5628
4	 5403	 5360	 5503	 5264
4	 5403	 5380	 5335	 5333
4	 5403	 5380	 5334	 5646
4	 5646	 5403	 5368	 5334
4	 5334	 5264	 5333	 5403
4	 5380	 1655	 1555	 1656
4	 5646	 1655	 5380	 1656
4	 5368	 5646	 5334	 5632
4	 5368	 5334	 5291	 5632
4	 5334	 5646	 5684	 5632
4	 5633	 5632	 5628	 5646
4	 5329	 5247	 1209	 5281
4	 5247	 1209	 5281	 1174
4	 5517	 5516	 5247	 5281
4	 1615	 5501	 5670	 1504
4	 5501	 1504	 5427	 5670
4	 5324	 1362	 1330	 5378
4	 5483	 5378	 5423	 5324
4	 5324	 5423	 5483	 5498
4	 1218	 1206	 1316	 5294
4	 1218	 1206	 5294	 1097
4	 1329	 5324	 1362	 1330
4	 5327	 1329	 1330	 5499
4	 5543	 5500	 5499	 5327
4	 5281	 5470	 5517	 5419
4	 5488	 5413	 5517	 5470
4	 5543	 5558	 5541	 5327
4	 5327	 5483	 5500	 5499
4	 5543	 5540	 5499	 5500
4	 5639	 5327	 5500	 5541
4	 5499	 5483	 5324	 1330
4	 5324	 1329	 1446	 5499
4	 5543	 5558	 5327	 1329
4	 1405	 1412	 5579	 5327
4	 5385	 5409	 1563	 1458
4	 1799	 1944	 1737	 5623
4	 1999	 1944	 1799	 5622
4	 1737	 1799	 5623	 5262
4	 5623	 5262	 5255	 1737
4	 5623	 5622	 1799	 1944
4	 5623	 5227	 5622	 5292
4	 1944	 1737	 5623	 5292
4	 1289	 1396	 1168	 5366
4	 1396	 1168	 5366	 1336
4	 5575	 5541	 5558	 5579
4	 5639	 5579	 5327	 5541
4	 5483	 5324	 1330	 5378
4	 1397	 1505	 5721	 5466
4	 5703	 5295	 1013	 5711
4	 5274	 5703	 5295	 5448
4	 5448	 5460	 5295	 5274
4	 5703	 5295	 5448	 5097
4	 5274	 5702	 5703	 5448
4	 5448	 5097	 5697	 5702
4	 5697	 5448	 5274	 5407
4	 1271	 1242	 1230	 5465
4	 5538	 5272	 5305	 5655
4	 5560	 5504	 5559	 5654
4	 5570	 5540	 5655	 5538
4	 5655	 5540	 5305	 5538
4	 5305	 5272	 5656	 5655
4	 5654	 5570	 5272	 5317
4	 5359	 5448	 5396	 5346
4	 5346	 5340	 5425	 5396
4	 5362	 5459	 5482	 905
4	 5482	 5362	 905	 5647
4	 1863	 1975	 1985	 5684
4	 913	 959	 5301	 836
4	 5390	 1102	 1086	 1015
4	 1015	 5390	 1077	 5391
4	 1102	 1049	 1015	 5390
4	 1086	 5390	 5391	 5451
4	 5391	 1086	 5451	 939
4	 5451	 5391	 939	 5459
4	 1563	 1610	 1458	 5409
4	 1458	 1610	 5555	 5409
4	 1610	 5555	 5409	 5599
4	 5570	 5547	 5317	 5504
4	 5547	 5317	 5504	 5551
4	 5317	 5570	 5504	 5654
4	 5504	 5317	 5654	 5653
4	 5547	 5317	 5551	 5258
4	 5547	 5317	 5258	 5569
4	 5192	 5258	 5551	 5317
4	 5317	 5192	 5284	 5551
4	 5288	 5107	 5690	 5278
4	 5064	 5056	 5057	 5625
4	 5056	 5625	 5502	 5057
4	 1357	 1424	 5246	 5683
4	 1539	 5683	 5246	 1424
4	 5246	 1357	 5683	 5323
4	 5246	 1456	 1357	 5743
4	 5697	 891	 879	 5280
4	 5293	 763	 738	 817
4	 835	 752	 5199	 870
4	 5530	 5546	 5550	 5500
4	 5530	 5546	 5500	 5637
4	 5637	 5639	 5500	 5530
4	 5546	 5500	 5637	 5693
4	 5500	 5463	 5397	 5693
4	 5397	 5463	 5402	 5693
4	 5597	 1571	 5628	 1703
4	 1571	 5628	 1703	 1653
4	 5585	 5487	 5583	 5636
4	 5639	 5636	 5579	 5583
4	 5589	 5588	 1352	 1216
4	 1216	 1454	 5588	 1352
4	 5578	 1457	 5315	 1524
4	 5320	 5315	 1457	 5700
4	 1457	 5315	 1524	 1496
4	 5315	 1524	 1496	 1561
4	 1521	 1597	 1709	 5601
4	 5615	 1867	 5252	 1597
4	 1870	 1955	 1899	 5640
4	 1955	 1899	 5640	 2023
4	 1899	 5640	 2023	 1929
4	 5696	 5701	 5272	 5538
4	 5531	 5538	 5569	 5701
4	 5272	 5696	 5538	 973
4	 865	 973	 5696	 5272
4	 5305	 973	 5272	 5538
4	 5272	 5538	 5570	 5655
4	 5272	 5570	 5538	 5701
4	 5570	 5569	 5538	 5701
4	 5569	 5570	 5317	 5701
4	 5570	 5272	 5317	 5701
4	 5711	 5251	 5478	 5468
4	 5468	 5478	 5295	 5379
4	 5379	 5311	 5295	 5468
4	 5636	 5635	 5579	 5585
4	 5586	 1386	 5635	 5579
4	 5327	 1412	 5579	 1386
4	 1386	 5327	 1412	 1329
4	 5586	 1412	 1386	 5579
4	 5558	 5327	 1329	 1405
4	 5635	 5579	 5585	 5586
4	 5585	 5635	 5586	 5604
4	 5635	 5586	 5604	 5607
4	 1974	 1907	 5307	 1843
4	 2027	 1975	 1974	 1907
4	 1974	 5684	 1907	 1975
4	 5630	 1907	 2073	 5745
4	 5307	 1907	 5630	 1843
4	 5630	 1703	 5307	 1843
4	 1843	 5630	 5745	 1907
4	 5632	 5222	 5630	 1907
4	 5321	 1110	 1053	 5436
4	 5436	 5321	 5347	 1053
4	 1110	 5436	 1181	 1135
4	 1667	 1783	 1551	 5613
4	 1783	 5375	 1551	 5613
4	 1551	 1667	 5613	 5308
4	 1667	 1551	 1433	 5308
4	 5515	 5525	 5339	 1360
4	 1512	 5437	 5123	 5677
4	 5589	 1216	 5584	 5588
4	 1229	 1149	 1292	 5271
4	 1149	 1292	 5271	 5109
4	 1229	 1149	 5271	 1176
4	 5202	 5214	 5213	 5647
4	 5653	 5652	 5715	 5479
4	 5194	 5197	 5485	 5203
4	 1205	 5416	 1341	 1245
4	 1245	 5401	 5416	 5464
4	 1989	 1870	 1825	 5275
4	 1870	 1762	 1825	 5275
4	 1825	 1989	 5275	 5296
4	 5275	 1825	 5296	 5240
4	 1989	 5275	 5296	 1868
4	 1989	 1955	 1870	 2006
4	 5700	 1234	 1218	 5428
4	 5294	 5428	 5700	 1218
4	 5700	 5294	 1218	 1316
4	 5556	 5557	 5320	 5315
4	 5297	 1187	 5283	 5556
4	 1786	 5133	 5240	 5130
4	 5614	 5611	 5608	 1579
4	 1220	 1181	 5676	 1198
4	 5676	 1181	 1220	 1257
4	 5676	 1181	 1257	 5464
4	 5720	 972	 5472	 912
4	 1071	 972	 963	 5472
4	 5245	 5690	 5107	 5278
4	 1010	 1011	 913	 5347
4	 5689	 913	 1011	 5347
4	 5347	 5689	 1073	 1011
4	 5347	 1073	 1010	 1011
4	 5057	 5062	 5064	 5625
4	 1419	 1230	 5571	 1317
4	 1014	 891	 5702	 1013
4	 5519	 5515	 1306	 5524
4	 1413	 1247	 5524	 1358
4	 5332	 1247	 1358	 5524
4	 5188	 5194	 5180	 5406
4	 5194	 5188	 5434	 5406
4	 5434	 5194	 5406	 5484
4	 5180	 5188	 5406	 5183
4	 5188	 5183	 5695	 5406
4	 5522	 1750	 1652	 1651
4	 1651	 5522	 5268	 5734
4	 5346	 5273	 5097	 5100
4	 5310	 5295	 5097	 5448
4	 5111	 5105	 5097	 5310
4	 5111	 5097	 5346	 5310
4	 5310	 5097	 5295	 5105
4	 5402	 5343	 5396	 5448
4	 5448	 5396	 5346	 5310
4	 5553	 5556	 5428	 5388
4	 5428	 5553	 5388	 1458
4	 5638	 5634	 1372	 5447
4	 5638	 5634	 5447	 5405
4	 5306	 1461	 5124	 5367
4	 1681	 1558	 1528	 1626
4	 5681	 5279	 5115	 5127
4	 2095	 1997	 2032	 2008
4	 5314	 2135	 2117	 2242
4	 5705	 5247	 5516	 1333
4	 5317	 5179	 5701	 5181
4	 5186	 5317	 5701	 5181
4	 5258	 5179	 5190	 5701
4	 5701	 5317	 5569	 5258
4	 5258	 5190	 5569	 5701
4	 5701	 5179	 5317	 5258
4	 5190	 5708	 5569	 5701
4	 5509	 5655	 5542	 986
4	 5542	 5509	 986	 5388
4	 5655	 5542	 986	 5305
4	 5509	 986	 5388	 5414
4	 5509	 5414	 974	 986
4	 5407	 5386	 5280	 5273
4	 1359	 1456	 5743	 1357
4	 5246	 1479	 1456	 5743
4	 5556	 5428	 5388	 1097
4	 5428	 5556	 1218	 1097
4	 1097	 1187	 1218	 1143
4	 5297	 1097	 5556	 1052
4	 5542	 5556	 5388	 1097
4	 5556	 5542	 1052	 1097
4	 986	 5542	 5388	 1097
4	 986	 5542	 1097	 1052
4	 5542	 986	 5305	 1052
4	 5207	 5186	 5191	 5317
4	 5208	 5272	 5317	 5654
4	 5208	 5317	 5272	 5207
4	 5317	 5272	 5207	 5701
4	 5701	 5199	 5272	 5207
4	 5621	 1684	 1524	 1561
4	 1561	 1432	 1524	 5621
4	 1770	 1561	 1684	 1508
4	 1013	 906	 891	 5702
4	 5699	 848	 5185	 5183
4	 5185	 5467	 5699	 5183
4	 849	 5657	 890	 867
4	 1545	 1647	 1467	 5322
4	 1545	 1647	 5322	 5132
4	 5705	 5339	 1374	 1333
4	 5516	 5705	 1333	 5339
4	 5265	 1417	 5663	 5705
4	 1417	 1333	 1288	 5729
4	 5663	 1333	 5705	 1417
4	 1515	 1582	 5366	 1336
4	 1985	 1830	 1863	 5291
4	 1863	 1985	 5291	 5684
4	 5194	 5195	 5203	 5434
4	 5195	 825	 5203	 5718
4	 5203	 5194	 5434	 5485
4	 5449	 5203	 5434	 5485
4	 5418	 5430	 5356	 5625
4	 5356	 5418	 5625	 5064
4	 5064	 5237	 5356	 5418
4	 5469	 1094	 1162	 5458
4	 5469	 1296	 5458	 1162
4	 1296	 5458	 1176	 5383
4	 5647	 5352	 5212	 5351
4	 5715	 5351	 5212	 791
4	 1432	 5621	 5618	 1524
4	 5618	 1432	 1524	 5578
4	 1524	 5618	 5578	 1478
4	 1432	 1524	 5578	 5315
4	 1432	 1524	 5315	 1561
4	 5621	 1508	 1684	 1561
4	 1044	 1091	 1092	 1155
4	 1091	 1092	 1155	 1148
4	 1155	 1091	 1148	 5685
4	 1155	 5277	 1044	 1091
4	 5277	 1044	 1091	 961
4	 1091	 5277	 961	 5685
4	 1242	 1271	 5353	 5465
4	 1478	 5587	 1639	 5618
4	 5587	 1481	 1639	 5591
4	 5740	 1415	 5114	 5110
4	 5288	 5740	 5357	 5408
4	 5110	 1406	 5357	 5740
4	 5267	 1406	 5357	 5110
4	 5357	 5110	 5340	 5267
4	 5336	 1406	 5267	 5110
4	 5340	 5110	 5336	 5267
4	 5740	 1414	 1415	 1406
4	 5603	 5601	 1521	 1709
4	 843	 809	 836	 913
4	 913	 5206	 809	 5250
4	 5063	 809	 757	 5206
4	 5250	 5064	 5063	 5065
4	 913	 5250	 809	 5301
4	 5301	 913	 836	 809
4	 5301	 809	 836	 5237
4	 5250	 809	 5301	 5356
4	 1737	 1703	 5292	 1874
4	 1703	 5255	 5292	 5630
4	 5292	 5255	 1737	 5623
4	 5292	 5255	 5623	 5631
4	 5292	 5255	 5631	 5630
4	 5631	 5630	 5227	 5292
4	 5227	 5631	 5292	 5623
4	 5527	 5473	 5293	 5545
4	 5653	 5479	 5504	 5552
4	 5552	 5653	 5652	 5284
4	 5551	 5506	 5284	 5549
4	 5551	 5504	 5549	 5284
4	 5552	 5482	 5478	 5210
4	 5482	 5552	 5202	 5210
4	 5482	 5478	 5210	 5216
4	 5210	 5482	 5216	 5214
4	 5478	 5210	 5216	 796
4	 5484	 5485	 5434	 5194
4	 1695	 1561	 1474	 1496
4	 1474	 1522	 1695	 1496
4	 1220	 5676	 1257	 1390
4	 5633	 5632	 5368	 1504
4	 5632	 5291	 5368	 1504
4	 5245	 1127	 1019	 5278
4	 1127	 1019	 5278	 1042
4	 5454	 5687	 5447	 5691
4	 5691	 1489	 1406	 1373
4	 5127	 5648	 5125	 1411
4	 5648	 1304	 1411	 5127
4	 5726	 5323	 1304	 5127
4	 1359	 1304	 5127	 1411
4	 5511	 5351	 5364	 5715
4	 5179	 5192	 5317	 5258
4	 5267	 5446	 5440	 5405
4	 5431	 5405	 5267	 5440
4	 5634	 5447	 5405	 5267
4	 5405	 5634	 5267	 5446
4	 1361	 5634	 5446	 5267
4	 5447	 1372	 1373	 5634
4	 5667	 5669	 5302	 5510
4	 5508	 5510	 5667	 5302
4	 5667	 5669	 5510	 5488
4	 5650	 2021	 1979	 2069
4	 5314	 1979	 1996	 1929
4	 2069	 5650	 2134	 1973
4	 5650	 2059	 2021	 2134
4	 1505	 1504	 5476	 5466
4	 963	 5529	 1071	 5481
4	 5238	 5529	 963	 5481
4	 5529	 957	 883	 963
4	 1071	 963	 957	 5529
4	 5647	 5715	 5479	 5364
4	 5482	 5479	 5364	 5647
4	 5202	 5482	 5647	 5652
4	 5397	 5693	 5326	 5500
4	 5637	 5326	 5500	 5327
4	 5326	 5327	 5483	 5500
4	 5483	 5326	 5500	 5397
4	 5483	 5326	 5397	 5378
4	 5483	 5326	 5378	 1330
4	 5423	 5378	 1362	 5324
4	 904	 938	 945	 5351
4	 5548	 5258	 5507	 5706
4	 5258	 5062	 5057	 5706
4	 5057	 5062	 5625	 5706
4	 5507	 5548	 5706	 5625
4	 5502	 5057	 5706	 5507
4	 5258	 5060	 5507	 5057
4	 5258	 5184	 5507	 5060
4	 5507	 5502	 5060	 5184
4	 5548	 5545	 5258	 5706
4	 5473	 5625	 5706	 5545
4	 5548	 5430	 5545	 5625
4	 5625	 5473	 5430	 5545
4	 5706	 5548	 5545	 5625
4	 5545	 5258	 5706	 5293
4	 5706	 5545	 5293	 5473
4	 1673	 1563	 5410	 5566
4	 1563	 5410	 5566	 5395
4	 1563	 5262	 5566	 1736
4	 5622	 5562	 5568	 5262
4	 1563	 1686	 5566	 1673
4	 5373	 1899	 1762	 5698
4	 5373	 1762	 1899	 1870
4	 1870	 5275	 5373	 1762
4	 5240	 1825	 1762	 5275
4	 5282	 5240	 1762	 5373
4	 5306	 1600	 1461	 5367
4	 979	 867	 890	 5304
4	 980	 979	 1044	 5304
4	 890	 979	 5304	 1044
4	 1044	 890	 5277	 5304
4	 5642	 1801	 1626	 1558
4	 5266	 1600	 5367	 1461
4	 5473	 5730	 5709	 5062
4	 5064	 5473	 5418	 5625
4	 5064	 5473	 5625	 5062
4	 5473	 5625	 5062	 5706
4	 5293	 5706	 5473	 5062
4	 1783	 5640	 5275	 5373
4	 5373	 5375	 1783	 5640
4	 5613	 5375	 5640	 1783
4	 5467	 5439	 5406	 5248
4	 5250	 746	 5248	 5467
4	 5183	 746	 5185	 5467
4	 5250	 5439	 5467	 5248
4	 746	 5467	 5183	 5248
4	 5248	 5180	 5406	 5183
4	 5406	 5183	 5467	 5248
4	 1681	 1558	 1626	 1801
4	 1235	 5332	 5524	 5268
4	 5677	 5282	 5437	 5475
4	 5556	 5315	 5320	 1234
4	 5556	 5320	 5428	 1234
4	 1197	 5283	 1187	 5556
4	 5557	 5315	 5556	 5283
4	 1097	 5297	 5556	 1187
4	 5320	 1234	 5700	 5428
4	 1234	 5700	 5315	 5320
4	 5428	 1218	 5556	 1234
4	 1234	 1187	 1218	 5556
4	 5566	 5562	 1787	 1686
4	 1956	 2126	 5563	 5226
4	 1956	 2126	 5226	 2082
4	 5563	 1956	 5226	 5564
4	 1839	 1561	 1695	 1684
4	 1839	 1771	 1684	 1695
4	 5386	 5695	 5280	 5277
4	 5280	 5386	 5277	 5273
4	 5253	 5280	 5695	 5657
4	 5253	 5695	 5201	 5657
4	 5728	 5657	 867	 5277
4	 5657	 867	 5277	 890
4	 5277	 5657	 890	 961
4	 5695	 5280	 5277	 5657
4	 5277	 5657	 961	 5685
4	 867	 890	 5304	 5277
4	 867	 5728	 5277	 5285
4	 5697	 5728	 867	 5285
4	 5697	 5285	 5273	 5280
4	 5285	 5697	 979	 867
4	 5304	 867	 5277	 5285
4	 5304	 5285	 979	 867
4	 5277	 5273	 5103	 5099
4	 5285	 5728	 5280	 5697
4	 5291	 1706	 1516	 1504
4	 5291	 1706	 1504	 1615
4	 1615	 5291	 5632	 1504
4	 5291	 5334	 5368	 1516
4	 5383	 5368	 1516	 1504
4	 5132	 5643	 1816	 1647
4	 1638	 1522	 1496	 1771
4	 1522	 1721	 1638	 5269
4	 5288	 5686	 5740	 5408
4	 5408	 5431	 5686	 5740
4	 5408	 5288	 5686	 5452
4	 5440	 5431	 5357	 5267
4	 5269	 5268	 1651	 5700
4	 1598	 1651	 5294	 5700
4	 5268	 1651	 5700	 5294
4	 5700	 1316	 1434	 1486
4	 5700	 5268	 5294	 1316
4	 1505	 1397	 1516	 5383
4	 5383	 1296	 5466	 1397
4	 1397	 5383	 1296	 1176
4	 1397	 5383	 1176	 1345
4	 1467	 1418	 1466	 5322
4	 1613	 1542	 1461	 5266
4	 5286	 1613	 5266	 1542
4	 1461	 5131	 5367	 5266
4	 5618	 5591	 5587	 1639
4	 5618	 5591	 1639	 5325
4	 5621	 1524	 1696	 5618
4	 1639	 5618	 1524	 1478
4	 5381	 5431	 5454	 5347
4	 5431	 5454	 5347	 5689
4	 5408	 5347	 5689	 5431
4	 5431	 5408	 5686	 5689
4	 5686	 5431	 5689	 5454
4	 5443	 5441	 5389	 5457
4	 5443	 5389	 5441	 5394
4	 5466	 5458	 1296	 5383
4	 5447	 5437	 5691	 5609
4	 5609	 5447	 5638	 1372
4	 5609	 5447	 1372	 1437
4	 5447	 1372	 1437	 1373
4	 5610	 1435	 5607	 1482
4	 5586	 1386	 1482	 5607
4	 5635	 5586	 5607	 1386
4	 5700	 1474	 5315	 1496
4	 5700	 5320	 1497	 1457
4	 1474	 5315	 1496	 1561
4	 5371	 5373	 5240	 5282
4	 5522	 5438	 1750	 1651
4	 5268	 1651	 5438	 5522
4	 1651	 5344	 5268	 5438
4	 5344	 5268	 5438	 5332
4	 5268	 5438	 5332	 5522
4	 5409	 5592	 5568	 5599
4	 5568	 5409	 5395	 5508
4	 5409	 5568	 5592	 5508
4	 5620	 5252	 5325	 1867
4	 5252	 1639	 5325	 1747
4	 5325	 1867	 1761	 1937
4	 1937	 5325	 1758	 5649
4	 904	 5351	 5715	 791
4	 5647	 5364	 5351	 5715
4	 1002	 945	 938	 5351
4	 945	 5717	 5351	 1002
4	 5458	 1094	 1176	 1149
4	 1149	 1003	 5311	 5458
4	 5311	 1149	 5458	 5271
4	 1390	 1424	 1357	 5683
4	 5682	 1220	 1357	 5683
4	 1390	 5676	 5683	 1220
4	 5629	 5220	 1615	 5302
4	 5474	 5585	 5487	 5584
4	 1071	 5487	 5584	 5474
4	 1071	 5616	 5474	 5584
4	 698	 5051	 5190	 5258
4	 5437	 1512	 5282	 5677
4	 5475	 5282	 5676	 5731
4	 5437	 5374	 5282	 5416
4	 5691	 5454	 5123	 5437
4	 5691	 5738	 5437	 1512
4	 5052	 739	 5293	 698
4	 763	 5293	 698	 5569
4	 5569	 5190	 5258	 698
4	 698	 5052	 5258	 5293
4	 5293	 5052	 5258	 5062
4	 5468	 5311	 5295	 1003
4	 5251	 1003	 5451	 5468
4	 1003	 5311	 5451	 5468
4	 5566	 1787	 1750	 1673
4	 5668	 5667	 5517	 5488
4	 1466	 1321	 1440	 5322
4	 5699	 877	 5657	 5685
4	 877	 5685	 5342	 1032
4	 1705	 1582	 1467	 5322
4	 5102	 5685	 1155	 1136
4	 1437	 1489	 5691	 1373
4	 1437	 5447	 1373	 5691
4	 5691	 5447	 5609	 1437
4	 1144	 1122	 5673	 1058
4	 5680	 5673	 5244	 5688
4	 5680	 1058	 1144	 5673
4	 5673	 1122	 5671	 5688
4	 5196	 5198	 5651	 5317
4	 5317	 5192	 5196	 5193
4	 5198	 5651	 5317	 5653
4	 5623	 5255	 5568	 5598
4	 5568	 5598	 5737	 5623
4	 5284	 5552	 5210	 5202
4	 5314	 2023	 1955	 5640
4	 5107	 5114	 5690	 5108
4	 5686	 5114	 5690	 5288
4	 1761	 1747	 1867	 5325
4	 1747	 5615	 5650	 1867
4	 1867	 1709	 1597	 5615
4	 5252	 1597	 1867	 5620
4	 1496	 1598	 1497	 5700
4	 1496	 1457	 5315	 5700
4	 1374	 1501	 5265	 1417
4	 5705	 1333	 1374	 1417
4	 1501	 5265	 1417	 1502
4	 1502	 1417	 5663	 5265
4	 5606	 5308	 1340	 5416
4	 5416	 1153	 1233	 5606
4	 5695	 5201	 5657	 5699
4	 5657	 5201	 848	 5699
4	 848	 5699	 877	 5657
4	 5699	 848	 5183	 5201
4	 5314	 1929	 2023	 5640
4	 5314	 1926	 2069	 1979
4	 5470	 974	 5398	 1041
4	 1041	 5281	 5398	 5470
4	 974	 5490	 1002	 5470
4	 5303	 5281	 1002	 5470
4	 1002	 974	 5470	 1041
4	 1002	 5281	 1041	 5470
4	 1002	 5303	 5470	 5490
4	 5490	 1047	 1002	 5303
4	 1245	 5416	 5401	 1205
4	 5443	 5394	 5439	 5406
4	 5484	 5406	 5389	 5443
4	 5676	 1181	 5464	 5475
4	 5464	 5676	 5475	 5374
4	 1686	 1673	 1787	 5566
4	 5709	 5059	 764	 5062
4	 5473	 5293	 5062	 5709
4	 5307	 5684	 1907	 1974
4	 1907	 5632	 5291	 5684
4	 1985	 1907	 5684	 1975
4	 2027	 1985	 1975	 1907
4	 5684	 1985	 5291	 1907
4	 5458	 1176	 5383	 5271
4	 5400	 5271	 5383	 5264
4	 1176	 5383	 5271	 1345
4	 5383	 5271	 1345	 5264
4	 5346	 5111	 5100	 5097
4	 5697	 5448	 5407	 5273
4	 1940	 1855	 2008	 2032
4	 2032	 1855	 1942	 1940
4	 2008	 2032	 1855	 1997
4	 1389	 5692	 5676	 5374
4	 5464	 1314	 1257	 5676
4	 5676	 5374	 5464	 1314
4	 1032	 5278	 5342	 967
4	 5688	 5452	 967	 965
4	 944	 5452	 965	 5467
4	 1019	 5278	 5688	 5245
4	 5245	 5690	 5278	 5688
4	 1467	 1582	 1418	 5322
4	 5280	 873	 850	 879
4	 5248	 5182	 5502	 5194
4	 5502	 5248	 5194	 5484
4	 5704	 5289	 5219	 5249
4	 5219	 5289	 5704	 5564
4	 5223	 5219	 5663	 5564
4	 1638	 1598	 1496	 5700
4	 1651	 1638	 5700	 1598
4	 1496	 1638	 5700	 1522
4	 5700	 5269	 1522	 1638
4	 1771	 1695	 1721	 1522
4	 1899	 1929	 1749	 5640
4	 1672	 1899	 1749	 5640
4	 1672	 1749	 5613	 5640
4	 5613	 1672	 5640	 5614
4	 5375	 5614	 5640	 5373
4	 1647	 1467	 5322	 1705
4	 5371	 5374	 5282	 5692
4	 5133	 1811	 5240	 5694
4	 5133	 5256	 1811	 5694
4	 5256	 5129	 5694	 5133
4	 5129	 5694	 5133	 5692
4	 5683	 5692	 5694	 5129
4	 5633	 5629	 5632	 1504
4	 1647	 5322	 5643	 5367
4	 5655	 5656	 5305	 986
4	 5305	 997	 5656	 5272
4	 5342	 5278	 5685	 5288
4	 1136	 5102	 5685	 5104
4	 5652	 5653	 5198	 5284
4	 5312	 5660	 5219	 5663
4	 5663	 5660	 1628	 5312
4	 5663	 5249	 5219	 5312
4	 5663	 5249	 5312	 1628
4	 5249	 5663	 1502	 1628
4	 5662	 1502	 5661	 5660
4	 5249	 5219	 5312	 5289
4	 1938	 5275	 5640	 1870
4	 5275	 5640	 1870	 5373
4	 5640	 1938	 1870	 1955
4	 1955	 1870	 2006	 1938
4	 1938	 2006	 5275	 1870
4	 1709	 1667	 1521	 5603
4	 5229	 5219	 5226	 5289
4	 863	 850	 891	 5280
4	 891	 850	 879	 5280
4	 5280	 5697	 891	 5274
4	 891	 863	 5280	 5274
4	 5274	 5204	 863	 5280
4	 5407	 5280	 5204	 5274
4	 5274	 5697	 5407	 5280
4	 2059	 5650	 5658	 1981
4	 1937	 1867	 1761	 5650
4	 1937	 1761	 5658	 5650
4	 1867	 2021	 5650	 1937
4	 1563	 1610	 5409	 5262
4	 1610	 5409	 5262	 5599
4	 5409	 1563	 5262	 5395
4	 5262	 1563	 5566	 5395
4	 5459	 5391	 939	 905
4	 5459	 905	 5712	 5391
4	 939	 1086	 1015	 5391
4	 1389	 1257	 1314	 5676
4	 5676	 1389	 5374	 1314
4	 5522	 5524	 5332	 5268
4	 905	 5214	 5482	 5647
4	 5216	 5214	 5482	 872
4	 872	 5482	 5251	 5459
4	 939	 905	 872	 5459
4	 5398	 1041	 974	 5412
4	 5412	 5398	 1154	 974
4	 5443	 5625	 5484	 5248
4	 5647	 5212	 5202	 5211
4	 5563	 5626	 5226	 2038
4	 5226	 5563	 2038	 2126
4	 5523	 1774	 1857	 1956
4	 5686	 5688	 5452	 5288
4	 1647	 5322	 5132	 5643
4	 5704	 5663	 5249	 5219
4	 1956	 5226	 5564	 5289
4	 2082	 5289	 1956	 2060
4	 5226	 5564	 5289	 5219
4	 1956	 5289	 5564	 5704
4	 5524	 5515	 5332	 5519
4	 5524	 1413	 5515	 1306
4	 5332	 5524	 5519	 1247
4	 5615	 1709	 5601	 5613
4	 5603	 5601	 1709	 5613
4	 5685	 5277	 5657	 5699
4	 5516	 5518	 5247	 5705
4	 5518	 5663	 5247	 5705
4	 5518	 5247	 5663	 5659
4	 5663	 5247	 5705	 1333
4	 5247	 1333	 1174	 5516
4	 5516	 1333	 1301	 5339
4	 5339	 1301	 1374	 1333
4	 5281	 1190	 5516	 1174
4	 5281	 5247	 1174	 5516
4	 5543	 1393	 5558	 1329
4	 5289	 2060	 1967	 5249
4	 5289	 2060	 5249	 1956
4	 1967	 5289	 5249	 1946
4	 2218	 2006	 5314	 1955
4	 5057	 5502	 5053	 5060
4	 5716	 5507	 5184	 5502
4	 5706	 5258	 5507	 5057
4	 5187	 5053	 5502	 5060
4	 5502	 5625	 5507	 5706
4	 5625	 5502	 5057	 5706
4	 5697	 5098	 5097	 5285
4	 763	 5293	 5569	 5708
4	 5309	 5332	 1235	 5268
4	 5597	 5495	 5595	 5498
4	 5460	 5295	 5274	 5478
4	 1672	 5614	 1899	 5640
4	 5614	 1899	 5640	 5373
4	 5640	 1870	 5373	 1899
4	 5183	 5201	 5695	 5699
4	 5406	 5699	 5183	 5695
4	 5299	 5680	 5245	 1058
4	 1058	 5245	 5688	 5680
4	 1058	 5673	 5680	 5688
4	 5447	 1373	 5691	 1406
4	 5691	 1406	 5687	 5447
4	 5395	 5409	 5568	 5262
4	 5599	 5409	 5262	 5568
4	 5568	 5566	 5508	 5395
4	 5484	 5443	 5248	 5406
4	 1373	 5267	 1406	 5447
4	 5416	 5401	 1205	 1153
4	 5416	 5606	 5401	 1153
4	 5317	 5198	 5653	 5284
4	 5653	 5317	 5284	 5504
4	 5317	 5284	 5504	 5551
4	 5282	 1579	 5611	 5614
4	 5478	 5552	 5707	 5460
4	 5505	 5402	 5460	 5552
4	 5240	 5371	 5282	 5692
4	 5240	 5692	 5133	 5694
4	 5439	 5443	 5406	 5248
4	 5248	 746	 5180	 5183
4	 5439	 5443	 5248	 5250
4	 5250	 5439	 5421	 913
4	 913	 5250	 5301	 5421
4	 5685	 5288	 5102	 5298
4	 5298	 5277	 5102	 5685
4	 5357	 5288	 5110	 5740
4	 5202	 5214	 5647	 5482
4	 5697	 5097	 5448	 5273
4	 5273	 5346	 5448	 5359
4	 5280	 5407	 5273	 5697
4	 1811	 5240	 5694	 5296
4	 5296	 1855	 5694	 1811
4	 1336	 1418	 1582	 5322
4	 1321	 1336	 1396	 5322
4	 1582	 1336	 5322	 5366
4	 5366	 1396	 1336	 5322
4	 5524	 1299	 1235	 5268
4	 1445	 1299	 5524	 5268
4	 5688	 1019	 5245	 1058
4	 5635	 5327	 5579	 1386
4	 5250	 5248	 5064	 5625
4	 5625	 5443	 5356	 5250
4	 5065	 5356	 809	 5250
4	 5625	 5248	 5443	 5250
4	 5356	 5250	 5064	 5625
4	 5597	 5324	 1446	 5495
4	 1446	 5495	 5599	 5597
4	 1149	 5271	 1176	 5458
4	 5510	 5501	 5302	 5629
4	 5302	 5501	 5670	 1615
4	 5501	 5302	 5629	 1615
4	 5267	 1406	 5447	 5431
4	 5258	 5062	 5706	 5293
4	 5342	 5288	 5452	 5688
4	 1979	 1709	 5615	 5640
4	 1709	 5615	 5640	 5613
4	 1749	 5613	 5640	 5615
4	 5342	 5277	 5685	 5699
4	 5685	 5342	 5288	 5298
4	 5282	 5374	 5437	 5475
4	 5374	 5282	 5692	 5676
4	 5676	 5475	 5374	 5282
4	 5690	 5688	 5288	 5278
4	 5688	 5288	 5278	 5342
4	 5667	 5517	 5488	 5508
4	 5508	 5302	 5667	 5565
4	 5508	 5512	 5565	 5517
4	 5667	 5518	 5565	 5664
4	 913	 5206	 5250	 5467
4	 5250	 913	 5467	 5439
4	 5277	 5298	 5342	 5685
4	 5298	 5393	 5277	 5342
4	 5393	 5277	 5342	 5699
4	 5699	 5342	 877	 5685
4	 5657	 5699	 5277	 5695
4	 5393	 5277	 5699	 5695
4	 5406	 5393	 5699	 5695
4	 5247	 5517	 5281	 5329
4	 5450	 5501	 5368	 1504
4	 5501	 5368	 1504	 5633
4	 1504	 1615	 5629	 5632
4	 5501	 5629	 1504	 1615
4	 5248	 5194	 5484	 5406
4	 5194	 5180	 5406	 5248
4	 5428	 5331	 1097	 5294
4	 5431	 5357	 5267	 1406
4	 5294	 1218	 1097	 5428
4	 5640	 1979	 1926	 5314
4	 2006	 1868	 5275	 1989
4	 2006	 5275	 1870	 1989
4	 5615	 1996	 5650	 1979
4	 1867	 1979	 5650	 2021
4	 5615	 1996	 1979	 1929
4	 2134	 2069	 2021	 5650
4	 5652	 5653	 5552	 5479
4	 1749	 5615	 5640	 1928
4	 1929	 5615	 5640	 1979
4	 5479	 5647	 5482	 5652
4	 5504	 5284	 5653	 5552
4	 796	 813	 724	 5707
4	 5716	 724	 5707	 5505
4	 824	 5274	 796	 5707
4	 724	 824	 796	 5707
4	 5505	 724	 824	 5197
4	 5197	 724	 5716	 5505
4	 813	 796	 5210	 5707
4	 5707	 5210	 813	 5284
4	 5716	 813	 5284	 5707
4	 5200	 813	 5284	 5189
4	 5506	 5284	 5707	 5716
4	 711	 813	 5189	 5716
4	 5716	 813	 724	 711
4	 724	 813	 5716	 5707
4	 5505	 5460	 5274	 5707
4	 5478	 5210	 796	 5707
4	 5478	 5460	 5402	 5552
4	 5274	 5478	 796	 5707
4	 5274	 5460	 5478	 5707
4	 5506	 5552	 5505	 5707
4	 5707	 5552	 5505	 5460
4	 5478	 5552	 5210	 5707
4	 5552	 5284	 5210	 5707
4	 5552	 5506	 5284	 5707
4	 763	 752	 817	 5708
4	 752	 763	 5190	 5708
4	 817	 752	 870	 5708
4	 5529	 915	 870	 5708
4	 5708	 817	 763	 5293
4	 5696	 5701	 5708	 5199
4	 870	 5696	 5708	 5199
4	 5531	 870	 5696	 5708
4	 915	 883	 817	 5708
4	 5708	 5527	 883	 5293
4	 5529	 883	 5708	 5527
4	 752	 5190	 5199	 5708
4	 5696	 5538	 5531	 5701
4	 5569	 5293	 5527	 5708
4	 5527	 5531	 5569	 5708
4	 5569	 5701	 5708	 5531
4	 5190	 5569	 5708	 763
4	 861	 895	 745	 5709
4	 5293	 764	 5709	 738
4	 861	 745	 738	 5709
4	 764	 745	 5059	 5709
4	 745	 895	 5059	 5709
4	 5062	 5064	 5473	 5730
4	 5238	 861	 5293	 5709
4	 895	 912	 5730	 5709
4	 5709	 764	 5293	 5062
4	 5238	 5473	 5730	 5709
4	 5709	 5730	 5059	 5062
4	 5473	 5238	 5293	 5709
4	 936	 959	 836	 5710
4	 959	 936	 985	 5710
4	 959	 5301	 836	 5710
4	 5301	 1053	 5321	 5710
4	 836	 5301	 5237	 5710
4	 936	 5348	 5710	 5237
4	 936	 5348	 1118	 5710
4	 936	 1118	 985	 5710
4	 5301	 5321	 5348	 5710
4	 5710	 985	 959	 1053
4	 5348	 5321	 1118	 5710
4	 5321	 985	 1118	 5710
4	 921	 906	 898	 5711
4	 906	 927	 898	 5711
4	 906	 921	 5274	 5711
4	 898	 5216	 921	 5711
4	 5216	 898	 5251	 5711
4	 5251	 5478	 5216	 5711
4	 5295	 5274	 5478	 5711
4	 5251	 1003	 5468	 5711
4	 5711	 5274	 906	 5703
4	 5711	 5478	 5295	 5468
4	 1013	 906	 5703	 5711
4	 1013	 927	 906	 5711
4	 927	 1013	 1003	 5711
4	 1003	 1013	 5295	 5711
4	 5711	 1003	 927	 5251
4	 5251	 898	 969	 927
4	 5711	 898	 5251	 927
4	 1003	 969	 927	 5251
4	 922	 951	 857	 5712
4	 857	 951	 947	 5712
4	 857	 947	 1027	 5712
4	 951	 1077	 947	 5712
4	 1027	 947	 1077	 5712
4	 857	 5352	 922	 5712
4	 1027	 5352	 857	 5712
4	 1027	 5313	 5352	 5712
4	 1077	 951	 5391	 5712
4	 1077	 5330	 1027	 5712
4	 5349	 5330	 5712	 5239
4	 951	 922	 905	 5712
4	 5352	 905	 922	 5712
4	 5330	 5370	 5349	 5712
4	 5712	 905	 951	 5391
4	 5391	 951	 939	 905
4	 5349	 5362	 5712	 5459
4	 5362	 5361	 5459	 5349
4	 5349	 5362	 5352	 5712
4	 905	 5362	 5459	 5712
4	 5352	 5362	 905	 5712
4	 5391	 5390	 1077	 5330
4	 5712	 5330	 5370	 5391
4	 5390	 5370	 5330	 5391
4	 5451	 5370	 5390	 5391
4	 5712	 5459	 5391	 5370
4	 5459	 5451	 5391	 5370
4	 5712	 5391	 1077	 5330
4	 1136	 1148	 1191	 5713
4	 1136	 1191	 1226	 5713
4	 1148	 1092	 1191	 5713
4	 1092	 1226	 1191	 5713
4	 5243	 1136	 1226	 5713
4	 1131	 1226	 1092	 5713
4	 1129	 1091	 1043	 5713
4	 1091	 1092	 1148	 5713
4	 1131	 1092	 1091	 5713
4	 5713	 1131	 1226	 1129
4	 1148	 1136	 5685	 5713
4	 1136	 5243	 5685	 5713
4	 1091	 1148	 5685	 5713
4	 5713	 5685	 1091	 1043
4	 1997	 1989	 1900	 5714
4	 1997	 2087	 1989	 5714
4	 1989	 5296	 1900	 5714
4	 2124	 2094	 2047	 5714
4	 1855	 1900	 5296	 5714
4	 1855	 1997	 1900	 5714
4	 5714	 1989	 5296	 5644
4	 2094	 2087	 1997	 5714
4	 1855	 5296	 2008	 5714
4	 1997	 1855	 2008	 5714
4	 2008	 2094	 1997	 5714
4	 2094	 2008	 2047	 5714
4	 878	 5715	 5727	 5209
4	 5651	 5727	 5209	 5215
4	 5211	 878	 5715	 5212
4	 5651	 5209	 5715	 5211
4	 5212	 5351	 5715	 5647
4	 5647	 5202	 5652	 5211
4	 5727	 5208	 5215	 5651
4	 5727	 5215	 878	 5209
4	 904	 5727	 5715	 5351
4	 5511	 5653	 5715	 5479
4	 5647	 5652	 5479	 5715
4	 5209	 5651	 5205	 5211
4	 5715	 5651	 5211	 5652
4	 5653	 5652	 5198	 5651
4	 5715	 5652	 5653	 5651
4	 5205	 5198	 5211	 5651
4	 711	 5184	 5187	 5716
4	 5200	 5284	 813	 5210
4	 5189	 5506	 5184	 5716
4	 5284	 813	 5716	 5189
4	 824	 724	 5505	 5707
4	 5506	 5707	 5505	 5716
4	 5485	 5505	 5197	 5716
4	 5507	 5184	 5506	 5716
4	 5184	 5187	 5716	 5502
4	 5060	 5502	 5187	 5184
4	 5197	 711	 5716	 724
4	 5502	 5485	 5187	 5716
4	 5197	 5187	 5485	 5716
4	 966	 964	 903	 945
4	 964	 966	 974	 5717
4	 5727	 945	 903	 964
4	 966	 1002	 974	 5717
4	 1002	 966	 945	 5717
4	 5490	 1002	 938	 5351
4	 5490	 974	 1002	 5717
4	 5280	 5407	 5204	 5718
4	 5434	 5407	 5280	 5718
4	 5407	 5203	 5204	 5718
4	 5203	 5407	 5434	 5718
4	 5204	 825	 5280	 5718
4	 825	 5204	 5203	 5718
4	 5280	 5253	 5434	 5718
4	 5718	 5253	 5434	 5195
4	 825	 5253	 5280	 5718
4	 5253	 825	 5195	 5718
4	 1999	 2050	 2000	 5719
4	 5645	 5622	 5719	 2050
4	 2050	 1999	 5622	 5719
4	 2000	 5292	 1999	 5719
4	 5622	 1999	 5292	 5719
4	 5227	 5225	 5622	 5719
4	 5622	 5292	 5227	 5719
4	 5233	 5225	 5227	 5719
4	 5233	 5227	 5292	 5719
4	 5292	 2000	 5233	 5719
4	 5225	 5233	 5235	 5719
4	 5645	 2165	 5719	 5235
4	 2165	 2000	 2050	 5719
4	 5415	 972	 5720	 1096
4	 5472	 5415	 972	 5720
4	 935	 972	 1021	 5720
4	 5730	 5472	 912	 5720
4	 1021	 896	 935	 5720
4	 935	 896	 5237	 5720
4	 5415	 5348	 1096	 5720
4	 5348	 5415	 5418	 5720
4	 5237	 5348	 5418	 5720
4	 5415	 5472	 5418	 5720
4	 5720	 5418	 5730	 5472
4	 5473	 5429	 5472	 5418
4	 5572	 1310	 5721	 5466
4	 5466	 5574	 5572	 1310
4	 5572	 5476	 5466	 5721
4	 5466	 1505	 5383	 1397
4	 1505	 5466	 5476	 5721
4	 1505	 1450	 5721	 1631
4	 5721	 1310	 5572	 1567
4	 1567	 5721	 1631	 5572
4	 1310	 1296	 1397	 5721
4	 5721	 1296	 1397	 5466
4	 1310	 1397	 1450	 5721
4	 1505	 1450	 1397	 5721
4	 5583	 5526	 5534	 5541
4	 5583	 5582	 5534	 5722
4	 1072	 5582	 5583	 5722
4	 5526	 5583	 1072	 5487
4	 5526	 5534	 5722	 5583
4	 1072	 5532	 5582	 5722
4	 5532	 5534	 5582	 5722
4	 5526	 5532	 1072	 5722
4	 5532	 5526	 5534	 5722
4	 5622	 5567	 2025	 5723
4	 5567	 5622	 5624	 5723
4	 5567	 5624	 5231	 5723
4	 2025	 5567	 5231	 5723
4	 5225	 5231	 5624	 5723
4	 5624	 5622	 5225	 5723
4	 2097	 5622	 2025	 5723
4	 2097	 2025	 5231	 5723
4	 5622	 5645	 5225	 5723
4	 5231	 5225	 5645	 5723
4	 2097	 5645	 5622	 5723
4	 2097	 5231	 5645	 5723
4	 5423	 1571	 1362	 5403
4	 5403	 5646	 5724	 5597
4	 5596	 5597	 5423	 5724
4	 5646	 5597	 5628	 5724
4	 5598	 5597	 5596	 5724
4	 5403	 5646	 5368	 5724
4	 5724	 5628	 5646	 5633
4	 5633	 5628	 5629	 5724
4	 5368	 5632	 5633	 5646
4	 5423	 5403	 5503	 5724
4	 5724	 5423	 5596	 5461
4	 5403	 5368	 5503	 5724
4	 5633	 5501	 5724	 5629
4	 5501	 5368	 5633	 5724
4	 5461	 5501	 5596	 5724
4	 5501	 5503	 5368	 5724
4	 5325	 1761	 1696	 5725
4	 5325	 5649	 5725	 1696
4	 5649	 1759	 5658	 5725
4	 1761	 5658	 1759	 5725
4	 1937	 5325	 5649	 5725
4	 1761	 5325	 1937	 5725
4	 1937	 5649	 5658	 5725
4	 5658	 1761	 1937	 5725
4	 1304	 1189	 5323	 5726
4	 1304	 1246	 1189	 5726
4	 5726	 5681	 5127	 5279
4	 5681	 5323	 1189	 5726
4	 5726	 1246	 1189	 1144
4	 5681	 1144	 5279	 5726
4	 5648	 1246	 1304	 5726
4	 5279	 1246	 5648	 5726
4	 5648	 5726	 5127	 5279
4	 5681	 5127	 5323	 5726
4	 903	 838	 886	 5727
4	 5727	 5560	 5654	 5651
4	 5651	 5560	 5511	 5727
4	 5651	 5715	 5727	 5511
4	 5651	 5208	 5654	 5727
4	 5651	 5205	 5208	 5215
4	 5655	 5654	 5656	 5727
4	 5656	 5654	 5208	 5727
4	 886	 838	 5215	 5727
4	 886	 5215	 878	 5727
4	 903	 886	 878	 5727
4	 5209	 5727	 5651	 5715
4	 5215	 838	 5208	 5727
4	 5211	 5651	 5198	 5652
4	 5208	 925	 5656	 5727
4	 903	 964	 838	 5727
4	 964	 838	 5727	 925
4	 945	 903	 904	 5727
4	 945	 904	 5351	 5727
4	 903	 878	 904	 5727
4	 5727	 5511	 5715	 5351
4	 5727	 945	 5717	 5351
4	 5490	 5727	 5717	 5351
4	 5727	 5717	 945	 964
4	 5717	 964	 966	 945
4	 964	 5717	 974	 5727
4	 904	 878	 791	 5715
4	 5509	 5477	 5486	 5727
4	 5511	 5486	 5727	 5560
4	 5363	 5351	 5486	 5727
4	 5511	 5486	 5351	 5727
4	 5363	 5490	 5351	 5727
4	 5477	 5363	 5486	 5727
4	 5477	 5490	 5363	 5727
4	 974	 5717	 5490	 5727
4	 5490	 5477	 974	 5727
4	 5477	 5509	 974	 5727
4	 5509	 5655	 986	 5727
4	 974	 5509	 986	 5727
4	 974	 986	 964	 5727
4	 925	 5727	 986	 5656
4	 5655	 5656	 986	 5727
4	 5657	 849	 5253	 5728
4	 5253	 849	 798	 5728
4	 867	 849	 5657	 5728
4	 867	 798	 849	 5728
4	 5280	 873	 5728	 798
4	 5253	 5280	 5657	 5728
4	 5728	 798	 5253	 5280
4	 5280	 873	 5697	 5728
4	 5661	 1417	 1375	 5729
4	 5659	 5642	 5641	 5729
4	 1383	 1288	 5247	 5729
4	 1383	 1375	 1288	 5729
4	 5247	 1288	 1333	 5729
4	 1375	 1417	 1288	 5729
4	 5661	 5663	 1417	 5729
4	 5659	 5247	 5663	 5729
4	 5729	 5247	 5663	 1333
4	 5665	 5641	 5729	 5659
4	 5661	 5660	 5663	 5729
4	 5660	 5659	 5663	 5729
4	 5660	 5661	 5662	 5729
4	 5642	 5659	 5660	 5729
4	 1383	 1441	 1375	 5729
4	 1375	 1441	 5661	 5729
4	 5642	 1441	 1383	 5729
4	 5729	 1441	 5661	 5662
4	 5418	 5473	 5730	 5472
4	 5237	 5720	 5418	 5730
4	 5059	 895	 5237	 5730
4	 5709	 895	 5059	 5730
4	 5473	 5064	 5418	 5730
4	 5064	 5062	 5059	 5730
4	 5064	 5237	 5418	 5730
4	 5059	 5237	 5064	 5730
4	 5415	 5418	 5472	 5429
4	 5709	 5238	 861	 912
4	 5473	 5472	 5238	 5730
4	 912	 5238	 5730	 5709
4	 912	 5238	 5472	 5730
4	 5720	 935	 972	 912
4	 935	 5720	 5237	 5730
4	 912	 935	 5730	 5720
4	 935	 895	 912	 5730
4	 935	 5237	 895	 5730
4	 5677	 5282	 5475	 5731
4	 5683	 5676	 5692	 5731
4	 5675	 5676	 5683	 5731
4	 5677	 5130	 5282	 5731
4	 5282	 5692	 5676	 5731
4	 5675	 5676	 5731	 5475
4	 5683	 5692	 5129	 5731
4	 5282	 5130	 5240	 5731
4	 5282	 5240	 5692	 5731
4	 5129	 5675	 5683	 5731
4	 5731	 5677	 5130	 5122
4	 5677	 5675	 5122	 5731
4	 5133	 5129	 5692	 5731
4	 5133	 5130	 5129	 5731
4	 5133	 5240	 5130	 5731
4	 5692	 5240	 5133	 5731
4	 1415	 1414	 5740	 5114
4	 1489	 1414	 5119	 5732
4	 1489	 5687	 1406	 5732
4	 1414	 1489	 1406	 5732
4	 5123	 5687	 1489	 5732
4	 5119	 5123	 1489	 5732
4	 5114	 5686	 5690	 5732
4	 5686	 5244	 5690	 5732
4	 5677	 5123	 5732	 5674
4	 5123	 5119	 5677	 5732
4	 5674	 5244	 5686	 5732
4	 5674	 5686	 5687	 5732
4	 5687	 5454	 5674	 5123
4	 5678	 5677	 5119	 5732
4	 5674	 5677	 5678	 5732
4	 5119	 5116	 5678	 5732
4	 5114	 5116	 5732	 5690
4	 5690	 5244	 5108	 5116
4	 5732	 5244	 5690	 5116
4	 5116	 5114	 5108	 5690
4	 1414	 5116	 5119	 5732
4	 5114	 5116	 1414	 5732
4	 5679	 5116	 5244	 5732
4	 5674	 5679	 5244	 5732
4	 5679	 5678	 5116	 5732
4	 5674	 5678	 5679	 5732
4	 2246	 2269	 2301	 5733
4	 2269	 2120	 2146	 2076
4	 5742	 2269	 2076	 2120
4	 2269	 2146	 2301	 5733
4	 2146	 2186	 2301	 5733
4	 2146	 2076	 2186	 5733
4	 2246	 2226	 5232	 5733
4	 2246	 2301	 2226	 5733
4	 2301	 2186	 2226	 5733
4	 5232	 5230	 2246	 5733
4	 5733	 5230	 5742	 5289
4	 5742	 2194	 2120	 2011
4	 2120	 2076	 5742	 2011
4	 5289	 2076	 2011	 5742
4	 2089	 2186	 2076	 5733
4	 5229	 5230	 5232	 5733
4	 5230	 5229	 5289	 5733
4	 5229	 5312	 5289	 5733
4	 2076	 2011	 1946	 5289
4	 2076	 2269	 5742	 5733
4	 5733	 5312	 5289	 1946
4	 5312	 2089	 1946	 5733
4	 2089	 2076	 1946	 5733
4	 2003	 2089	 5312	 1831
4	 1831	 5229	 5232	 5733
4	 5229	 1831	 5312	 5733
4	 5232	 2036	 1831	 5733
4	 5733	 2036	 1831	 2089
4	 2187	 2036	 5232	 5733
4	 2226	 2187	 5232	 5733
4	 2089	 2153	 2186	 5733
4	 2036	 2153	 2089	 5733
4	 2153	 2036	 2187	 5733
4	 2153	 2226	 2186	 5733
4	 2187	 2226	 2153	 5733
4	 5522	 5524	 5268	 5734
4	 5524	 5522	 1569	 5734
4	 1606	 5268	 5319	 5734
4	 1606	 1569	 5734	 5318
4	 1569	 5318	 5524	 5734
4	 1569	 1712	 5318	 1606
4	 5734	 5268	 5319	 1445
4	 5524	 5318	 1445	 5734
4	 5734	 1606	 5268	 1651
4	 1652	 1569	 5522	 5734
4	 1652	 5522	 1651	 5734
4	 1652	 1606	 1569	 5734
4	 1940	 1855	 5741	 2008
4	 5694	 5256	 1855	 5741
4	 1722	 1796	 1940	 5735
4	 1796	 1722	 1670	 5735
4	 1722	 1540	 1670	 5735
4	 5735	 5246	 1670	 5256
4	 5741	 5256	 5735	 1796
4	 1540	 5246	 1670	 5735
4	 5241	 5256	 5246	 5735
4	 1670	 5694	 1796	 5256
4	 5241	 1810	 5256	 5735
4	 1940	 1941	 1722	 5735
4	 1940	 1885	 5735	 1810
4	 1942	 1855	 1810	 1940
4	 5735	 1940	 1941	 1885
4	 1713	 1810	 5241	 5735
4	 5741	 5256	 1810	 5735
4	 2022	 1885	 1941	 1940
4	 1713	 1885	 1810	 5735
4	 1713	 1941	 1885	 5735
4	 1604	 1540	 1722	 5735
4	 5246	 1540	 1604	 5735
4	 1604	 5241	 5246	 5735
4	 1722	 1941	 1745	 5735
4	 1941	 1713	 1745	 5735
4	 1722	 1745	 1604	 5735
4	 5735	 1604	 5241	 1713
4	 1745	 1713	 1622	 1604
4	 5735	 1713	 1745	 1604
4	 5241	 1604	 1622	 1713
4	 5416	 5401	 5612	 5736
4	 5612	 5638	 5609	 5736
4	 5447	 5437	 5609	 5736
4	 5447	 5609	 5638	 5736
4	 5381	 5437	 5447	 5736
4	 5405	 5447	 5638	 5736
4	 5405	 5381	 5447	 5736
4	 5612	 5417	 5638	 5736
4	 5417	 5405	 5638	 5736
4	 5377	 5381	 5405	 5736
4	 5377	 5405	 5417	 5736
4	 5417	 5612	 5377	 5736
4	 5381	 5401	 5437	 5736
4	 5381	 5377	 5401	 5736
4	 5631	 5255	 5623	 5598
4	 5221	 5220	 5737	 5567
4	 5568	 5567	 5623	 5737
4	 5631	 5221	 5220	 5737
4	 5623	 5221	 5631	 5737
4	 5217	 5221	 5567	 5220
4	 5623	 5567	 5221	 5737
4	 5508	 5510	 5302	 5737
4	 5567	 5565	 5302	 5737
4	 5565	 5567	 5568	 5737
4	 5568	 5508	 5565	 5737
4	 5508	 5302	 5565	 5737
4	 5598	 5631	 5737	 5623
4	 5592	 5508	 5568	 5737
4	 5510	 5508	 5592	 5737
4	 5598	 5592	 5568	 5737
4	 5592	 5598	 5510	 5737
4	 5631	 5220	 5629	 5737
4	 5598	 5629	 5510	 5737
4	 5629	 5598	 5631	 5737
4	 5629	 5302	 5510	 5737
4	 5629	 5220	 5302	 5737
4	 5611	 5282	 5416	 5738
4	 5416	 5609	 5611	 5738
4	 5611	 5609	 1579	 5738
4	 1579	 5282	 5611	 5738
4	 1579	 1512	 5282	 5738
4	 1437	 1512	 1579	 5738
4	 5609	 1437	 1579	 5738
4	 5609	 5691	 1437	 5738
4	 1512	 1437	 5691	 5738
4	 5691	 5123	 1512	 5437
4	 5371	 5240	 5296	 5694
4	 1796	 1669	 1808	 5739
4	 1650	 5296	 5371	 5275
4	 5296	 1808	 1852	 1668
4	 1669	 1668	 1808	 5739
4	 5371	 5296	 5739	 5694
4	 1852	 5296	 1668	 1650
4	 5694	 5240	 5692	 5371
4	 5371	 1668	 5739	 5296
4	 1808	 5296	 5739	 1668
4	 5296	 5275	 5240	 5371
4	 5694	 1539	 5739	 5692
4	 5371	 1668	 1423	 5739
4	 1668	 1669	 1423	 5739
4	 5371	 1423	 5692	 5739
4	 1669	 1539	 1423	 5739
4	 1539	 1670	 5694	 5739
4	 1670	 1539	 1669	 5739
4	 1670	 1669	 1796	 5739
4	 5431	 5408	 5357	 5740
4	 5687	 5686	 5431	 5740
4	 1406	 5687	 5431	 5740
4	 5431	 5357	 1406	 5740
4	 5687	 5732	 5686	 5740
4	 1406	 5732	 5687	 5740
4	 5114	 5686	 5740	 5288
4	 5288	 5114	 5110	 5740
4	 5686	 5732	 5114	 5740
4	 1414	 5114	 5732	 5740
4	 1808	 5296	 2008	 5741
4	 1808	 2008	 1796	 5741
4	 5694	 5739	 1796	 5741
4	 5739	 5694	 5296	 5741
4	 1808	 5739	 5296	 5741
4	 5739	 1808	 1796	 5741
4	 1796	 1940	 5735	 5741
4	 5741	 5694	 5256	 1796
4	 1855	 5296	 5694	 5741
4	 5296	 1855	 2008	 5741
4	 1940	 5741	 1855	 1810
4	 1810	 5256	 5741	 1855
4	 2194	 2120	 2269	 5742
4	 2246	 5230	 2238	 5742
4	 2269	 2246	 2238	 5742
4	 2194	 2269	 2238	 5742
4	 2194	 2238	 5230	 5742
4	 2269	 2146	 5733	 2076
4	 2076	 5289	 5733	 5742
4	 2246	 5733	 5230	 5742
4	 2269	 5733	 2246	 5742
4	 5289	 2011	 2194	 5742
4	 5127	 5128	 5323	 5743
4	 5127	 1304	 1359	 5323
4	 5743	 5323	 5127	 1359
4	 1411	 1359	 1479	 5743
4	 1609	 1479	 5128	 5743
4	 5743	 1411	 5127	 1570
4	 1411	 1479	 1609	 5743
4	 5128	 1570	 1609	 5743
4	 5743	 5128	 5323	 5246
4	 5323	 5246	 1357	 5743
4	 5246	 5128	 1479	 5743
4	 1456	 1479	 1359	 5743
4	 5507	 5548	 5625	 5744
4	 5625	 5502	 5507	 5744
4	 5445	 5444	 5546	 5744
4	 5546	 5444	 5430	 5548
4	 5744	 5548	 5625	 5444
4	 5744	 5444	 5546	 5548
4	 5625	 5548	 5430	 5444
4	 5546	 5548	 5549	 5744
4	 5506	 5548	 5507	 5744
4	 5549	 5548	 5506	 5744
4	 5502	 5716	 5507	 5744
4	 5716	 5506	 5507	 5744
4	 5693	 5445	 5546	 5744
4	 5546	 5549	 5500	 5744
4	 5546	 5500	 5693	 5744
4	 5433	 5693	 5402	 5744
4	 5457	 5433	 5402	 5744
4	 5433	 5445	 5693	 5744
4	 5500	 5463	 5693	 5744
4	 5463	 5500	 5549	 5744
4	 5463	 5402	 5693	 5744
4	 5549	 5506	 5552	 5744
4	 5463	 5552	 5402	 5744
4	 5552	 5463	 5549	 5744
4	 5716	 5505	 5506	 5744
4	 5552	 5506	 5505	 5744
4	 5505	 5402	 5552	 5744
4	 5502	 5625	 5484	 5744
4	 5485	 5716	 5502	 5744
4	 5484	 5485	 5502	 5744
4	 5716	 5485	 5505	 5744
4	 5444	 5443	 5625	 5744
4	 5625	 5443	 5484	 5744
4	 5457	 5484	 5443	 5744
4	 5441	 5457	 5443	 5744
4	 5441	 5444	 5445	 5744
4	 5433	 5441	 5445	 5744
4	 5457	 5441	 5433	 5744
4	 5441	 5443	 5444	 5744
4	 5505	 5449	 5402	 5744
4	 5485	 5449	 5505	 5744
4	 5449	 5457	 5402	 5744
4	 5484	 5449	 5485	 5744
4	 5457	 5449	 5484	 5744
4	 2098	 1874	 5292	 5745
4	 1957	 1874	 2098	 5745
4	 1974	 1957	 2027	 5745
4	 1874	 1957	 1843	 5745
4	 1843	 1957	 1974	 5745
4	 1957	 2098	 2027	 5745
4	 2098	 5292	 2073	 5745
4	 2073	 2027	 2098	 5745
4	 2073	 1907	 2027	 5745
4	 5745	 1974	 1843	 1907
4	 5745	 2027	 1974	 1907
4	 2073	 5292	 5630	 5745
4	 1843	 1703	 1874	 5745
4	 5630	 1703	 1843	 5745
4	 1874	 1703	 5292	 5745
4	 5292	 1703	 5630	 5745
4	 1967	 1740	 1689	 5746
4	 5249	 5290	 1956	 5746
4	 5249	 1643	 1594	 5746
4	 1594	 5290	 5249	 5746
4	 1643	 1740	 1676	 5746
4	 1726	 1956	 5290	 5746
4	 1956	 1726	 1966	 5746
4	 1676	 5290	 1594	 5746
4	 1676	 1726	 5290	 5746
4	 1676	 1594	 1643	 5746
4	 1726	 1860	 1966	 5746
4	 1676	 1740	 1860	 5746
4	 1726	 1676	 1860	 5746
4	 1967	 1860	 5746	 2060
4	 1967	 1860	 1740	 5746
4	 5249	 1643	 5746	 1689
4	 1966	 2060	 1956	 5746
4	 1983	 1967	 2060	 1860
4	 2060	 5249	 1956	 5746
4	 2060	 1967	 5249	 5746
5	 2036	 1831	 1819	 5747
5	 2396	 2373	 2362	 5748
5	 2259	 2227	 2362	 5749
5	 2324	 2359	 2468	 5750
5	 2597	 2608	 2565	 5751
5	 1790	 1803	 1802	 5752
5	 2228	 2302	 2303	 5753
5	 2470	 2498	 2511	 5754
5	 1659	 1846	 1790	 5755
5	 1948	 1865	 1934	 5756
5	 2121	 2145	 2062	 5757
5	 2486	 2480	 2552	 5758
5	 2363	 2361	 2340	 5759
5	 2371	 2354	 2336	 5760
5	 2336	 2371	 5760	 2384
5	 5760	 2336	 2384	 2256
5	 2584	 2512	 2574	 5761
5	 5829	 1992	 1741	 1819
5	 5747	 1831	 5219	 5229
5	 2238	 5230	 2246	 5762
5	 2373	 2362	 5748	 2380
5	 2310	 2403	 2334	 5763
5	 5792	 2245	 2335	 2238
5	 2335	 2238	 2246	 5792
5	 2227	 2362	 5749	 2346
5	 2362	 5749	 2346	 5748
5	 2346	 2362	 5748	 2396
5	 2362	 5749	 5748	 2380
5	 2362	 5749	 2380	 2259
5	 5754	 2414	 5750	 2359
5	 5758	 2480	 5754	 2359
5	 2371	 2415	 2354	 5760
5	 2105	 1963	 2090	 5764
5	 5220	 1614	 5217	 5765
5	 2145	 2121	 2278	 5757
5	 2238	 5762	 2245	 5230
5	 5818	 5763	 5817	 2310
5	 2470	 2498	 5754	 2361
5	 1819	 2036	 5747	 1992
5	 2036	 1831	 5747	 5232
5	 2396	 2373	 5748	 2521
5	 2468	 2324	 5750	 2255
5	 2324	 2359	 5750	 2294
5	 2359	 2294	 2414	 5750
5	 2340	 2363	 5759	 2278
5	 2187	 2036	 2004	 5766
5	 5747	 2036	 5232	 5766
5	 2036	 5747	 1992	 5766
5	 2036	 5232	 5766	 2187
5	 1992	 2036	 5766	 2004
5	 1790	 1659	 5755	 1816
5	 2302	 2303	 5753	 2430
5	 2062	 2121	 5757	 1976
5	 1803	 1802	 5752	 1949
5	 1880	 1949	 1963	 5752
5	 1880	 1949	 5752	 1802
5	 2574	 2584	 5761	 2601
5	 2486	 2480	 5758	 2468
5	 2468	 2486	 2531	 5758
5	 2597	 2608	 5751	 2612
5	 1802	 1790	 5752	 1789
5	 5752	 1802	 1789	 1880
5	 1790	 5752	 1789	 5755
5	 1789	 1790	 5755	 1816
5	 1790	 5752	 5755	 1846
5	 1790	 5752	 1846	 1803
5	 5747	 1831	 5229	 5232
5	 2167	 2205	 2004	 5767
5	 2597	 2521	 5812	 2565
5	 2228	 2229	 5824	 2303
5	 2228	 2302	 5753	 2213
5	 2259	 5772	 2227	 5749
5	 2294	 5759	 2404	 5750
5	 2294	 2414	 5750	 2404
5	 1963	 1880	 5752	 1976
5	 5752	 1963	 1976	 5764
5	 1963	 1976	 5764	 2105
5	 2486	 2611	 5758	 2552
5	 2480	 2552	 5758	 2511
5	 2004	 2167	 5767	 1992
5	 5766	 1992	 2004	 5767
5	 1865	 1934	 5756	 1629
5	 1934	 1948	 5756	 2052
5	 2090	 2105	 5764	 2240
5	 2101	 2293	 2224	 5768
5	 5217	 5220	 5765	 5221
5	 5832	 2091	 1948	 1911
5	 1963	 2090	 5764	 2015
5	 5752	 1963	 5764	 2015
5	 1948	 5769	 5756	 2052
5	 2511	 2470	 5754	 2480
5	 5758	 2480	 2511	 5754
5	 2498	 2511	 5754	 2584
5	 2145	 2062	 5757	 2061
5	 1626	 5783	 5829	 1583
5	 1659	 1846	 5755	 1813
5	 2512	 5761	 5790	 2574
5	 2579	 2574	 2499	 5790
5	 2584	 5754	 2512	 5761
5	 2260	 2206	 2177	 5770
5	 2004	 5766	 5767	 2187
5	 2260	 2206	 5770	 2337
5	 1614	 5217	 5765	 1583
5	 5220	 1614	 5765	 1615
5	 5765	 1615	 1614	 1646
5	 2293	 2224	 5768	 2324
5	 2403	 2334	 5763	 2346
5	 2361	 2340	 5759	 2404
5	 2294	 2404	 5759	 2340
5	 2363	 2361	 5759	 2337
5	 5230	 2246	 5762	 5232
5	 1907	 1960	 1864	 5771
5	 1960	 1864	 5771	 1893
5	 1960	 1907	 2012	 5771
5	 5805	 2278	 2240	 2121
5	 2224	 2101	 5768	 2100
5	 2101	 2293	 5768	 2145
5	 2278	 2145	 5757	 5768
5	 5219	 1831	 5747	 5829
5	 2103	 2128	 2104	 5772
5	 2104	 2103	 5772	 2013
5	 2103	 5772	 2013	 2002
5	 2103	 2128	 5772	 2002
5	 2128	 2104	 5772	 2227
5	 2259	 2227	 5772	 2104
5	 2402	 2333	 2300	 5773
5	 2300	 2402	 5773	 2255
5	 2402	 5815	 2333	 5773
5	 5807	 2333	 5773	 2193
5	 5764	 2177	 2090	 2206
5	 2177	 2260	 5770	 2215
5	 2205	 2004	 5767	 2187
5	 2258	 2248	 5785	 5767
5	 5767	 2167	 2205	 2258
5	 5753	 2415	 5760	 2354
5	 2372	 2416	 2386	 5774
5	 2386	 2372	 5774	 2335
5	 5777	 2386	 2458	 2416
5	 2372	 2416	 5774	 2311
5	 5769	 1992	 5767	 1911
5	 2459	 2521	 2396	 5748
5	 1864	 1907	 5771	 5222
5	 5771	 1864	 5222	 1615
5	 2518	 2572	 2568	 5775
5	 2568	 2518	 5775	 2519
5	 2519	 2469	 2518	 5775
5	 2518	 2572	 5775	 2497
5	 2572	 2567	 2568	 5775
5	 2100	 2267	 2026	 5776
5	 2026	 2100	 5776	 2072
5	 2245	 5228	 5230	 5762
5	 1892	 1815	 5822	 1879
5	 1976	 1879	 5757	 2062
5	 2458	 2463	 2447	 5777
5	 2463	 2447	 5777	 2287
5	 2447	 5777	 2287	 2335
5	 2463	 2438	 2287	 5777
5	 2405	 2423	 2478	 5778
5	 2423	 2478	 5778	 2481
5	 2405	 2423	 5778	 2430
5	 5778	 5787	 5797	 2405
5	 2090	 2015	 2177	 5764
5	 2267	 2026	 5776	 2193
5	 2100	 2267	 5776	 2224
5	 5776	 2100	 2224	 5768
5	 2083	 2002	 1945	 5779
5	 1945	 2083	 5779	 2035
5	 2083	 2002	 5779	 2128
5	 2128	 5772	 2002	 5779
5	 5802	 1921	 5836	 1945
5	 5784	 2469	 2384	 5820
5	 5820	 2415	 2469	 2371
5	 2259	 2380	 2249	 5749
5	 2337	 2374	 2449	 5780
5	 2449	 2337	 5780	 2361
5	 5780	 2449	 5811	 2374
5	 2567	 2568	 5775	 2573
5	 2572	 2567	 5775	 2530
5	 2486	 5758	 2611	 2531
5	 2361	 5754	 5811	 2498
5	 5821	 5760	 2256	 2336
5	 2606	 2531	 2611	 5758
5	 2488	 2403	 2429	 5781
5	 5816	 5763	 2346	 5781
5	 5781	 2403	 2459	 2488
5	 5754	 2414	 2470	 2404
5	 2458	 2463	 5777	 2553
5	 2447	 2458	 5777	 2386
5	 5789	 2458	 2416	 5777
5	 2511	 2622	 2552	 5758
5	 2372	 2301	 2226	 2246
5	 1907	 5227	 2073	 5771
5	 1907	 5227	 5771	 5222
5	 2037	 1947	 2013	 5782
5	 5752	 1947	 1949	 2037
5	 1947	 2013	 5782	 1921
5	 2015	 2037	 5782	 5806
5	 5770	 2177	 2215	 2054
5	 2104	 2259	 2122	 5772
5	 2122	 2259	 2249	 5772
5	 1947	 1846	 1921	 5782
5	 2612	 2637	 2608	 5751
5	 1648	 1742	 1792	 5783
5	 1792	 5829	 1648	 5783
5	 1648	 1742	 5783	 1616
5	 1742	 1792	 5783	 5756
5	 1742	 1792	 5756	 1865
5	 5781	 2488	 5814	 2429
5	 2517	 2429	 2444	 5814
5	 2339	 2369	 2433	 5784
5	 2339	 2256	 5833	 5760
5	 5760	 2384	 5784	 2339
5	 2433	 2339	 5784	 2462
5	 5820	 2384	 2371	 2469
5	 2369	 2433	 5784	 2376
5	 2300	 2255	 5809	 2267
5	 5748	 2373	 2380	 2543
5	 5748	 2373	 2543	 2521
5	 5768	 2294	 2145	 2293
5	 5768	 2145	 2294	 2278
5	 2145	 5757	 5768	 2101
5	 2061	 2145	 2101	 5757
5	 2311	 2205	 2258	 5785
5	 5785	 2205	 2258	 5767
5	 2248	 2167	 5767	 2258
5	 5793	 2187	 2226	 5785
5	 5785	 2205	 5767	 2187
5	 2311	 2205	 5785	 2226
5	 2258	 2311	 5785	 2312
5	 2258	 5785	 2248	 2312
5	 5752	 1803	 1949	 1947
5	 2037	 2015	 1949	 5752
5	 2478	 2520	 2406	 5786
5	 2478	 5778	 2481	 5786
5	 2481	 2478	 5786	 2520
5	 5786	 5778	 5797	 2478
5	 2478	 2406	 2312	 5797
5	 5835	 5786	 2406	 2520
5	 2359	 5750	 5754	 5758
5	 5750	 2359	 2468	 5758
5	 2414	 2470	 2480	 5754
5	 2470	 2404	 2361	 5754
5	 2480	 2359	 2414	 5754
5	 2317	 2303	 2405	 5787
5	 5787	 2317	 5785	 2405
5	 5778	 2478	 2405	 5797
5	 5787	 2405	 5778	 2430
5	 2303	 5753	 2430	 5787
5	 2430	 2303	 5787	 2405
5	 5787	 2303	 5753	 5824
5	 5824	 5767	 5787	 2317
5	 5231	 5234	 5235	 5788
5	 5795	 5794	 5228	 5234
5	 5235	 5234	 2236	 5788
5	 5235	 5231	 5788	 5225
5	 2396	 2346	 2459	 5748
5	 2554	 2458	 2532	 5789
5	 5777	 2458	 2553	 5789
5	 2458	 2553	 5789	 2554
5	 5774	 2386	 5777	 2416
5	 2554	 2573	 2553	 5789
5	 2554	 2573	 5789	 2532
5	 2573	 5789	 2532	 2520
5	 5789	 2532	 2520	 5835
5	 2458	 2532	 5789	 2416
5	 2416	 5774	 5789	 5777
5	 5235	 2236	 5833	 5788
5	 5234	 5228	 2211	 5794
5	 2248	 2167	 2091	 5767
5	 5830	 2176	 5821	 2012
5	 2512	 2498	 2449	 5811
5	 2584	 2512	 5754	 2498
5	 2074	 2035	 1945	 5779
5	 2249	 2380	 2377	 5749
5	 2423	 5820	 2481	 5778
5	 5770	 2177	 2054	 5782
5	 2054	 5770	 5782	 2122
5	 2433	 2376	 2530	 5775
5	 5227	 5771	 5222	 5221
5	 2584	 2638	 2622	 5761
5	 2584	 5761	 2601	 2638
5	 2567	 5775	 2530	 2485
5	 5749	 5748	 2380	 2377
5	 5751	 2638	 2608	 2601
5	 2637	 2638	 2608	 5751
5	 5834	 2608	 2601	 5751
5	 2354	 2213	 5760	 5753
5	 2430	 2302	 2415	 5753
5	 2105	 2240	 2121	 5764
5	 2121	 2105	 5764	 1976
5	 2579	 2499	 2543	 5790
5	 2543	 2579	 5790	 2565
5	 2543	 2499	 2377	 5790
5	 2636	 2622	 2638	 5761
5	 2638	 2636	 5761	 5751
5	 2638	 2636	 5751	 2637
5	 5225	 5227	 5221	 5771
5	 5777	 5774	 5789	 5791
5	 5789	 5777	 5791	 2485
5	 2553	 5777	 5789	 2485
5	 2463	 2553	 2485	 5777
5	 5777	 5774	 5791	 5792
5	 5777	 2287	 2335	 5792
5	 2335	 5777	 5792	 5774
5	 2287	 2335	 5792	 2245
5	 2370	 2245	 2287	 5792
5	 5791	 5777	 5792	 2438
5	 5777	 5791	 2485	 2438
5	 2485	 5777	 2438	 2463
5	 2438	 2370	 2287	 5792
5	 2438	 2287	 5777	 5792
5	 5774	 5791	 5792	 5793
5	 5774	 5792	 2246	 5793
5	 5793	 5792	 2246	 5762
5	 5762	 2246	 2238	 5792
5	 5762	 2245	 5792	 2238
5	 5793	 5792	 5762	 5794
5	 5228	 2245	 2211	 5794
5	 5794	 5792	 5762	 2245
5	 5762	 5793	 5794	 5795
5	 5794	 5762	 5795	 5228
5	 5788	 5794	 5795	 5234
5	 5794	 2236	 2211	 5234
5	 5793	 5232	 5795	 5762
5	 5793	 5794	 5795	 5796
5	 5794	 5795	 5796	 5788
5	 5824	 5796	 5787	 5793
5	 5793	 5792	 5794	 5791
5	 5793	 5794	 5796	 5791
5	 5774	 5791	 5793	 5797
5	 5793	 5774	 5797	 5785
5	 5791	 5793	 5797	 5796
5	 5789	 5786	 5791	 5774
5	 5797	 5793	 5785	 5787
5	 5787	 5785	 5767	 5793
5	 5229	 5747	 5232	 5230
5	 2256	 2127	 2254	 5233
5	 2166	 2277	 2128	 5798
5	 5772	 2128	 2227	 5798
5	 2128	 5772	 5779	 5798
5	 5779	 2128	 5798	 2166
5	 2166	 2277	 5798	 2184
5	 2277	 2128	 5798	 2227
5	 1992	 1792	 1911	 5769
5	 1947	 1803	 1846	 5752
5	 5772	 5779	 5798	 5799
5	 5798	 5772	 5799	 5749
5	 5772	 5779	 5799	 5800
5	 5799	 5772	 5800	 5770
5	 5770	 5782	 2122	 5800
5	 5779	 5799	 5800	 5801
5	 5799	 5800	 5801	 5770
5	 5800	 5779	 5801	 5802
5	 2002	 1921	 1945	 5836
5	 1921	 1945	 5802	 1813
5	 5802	 1921	 1813	 1846
5	 5802	 1921	 1846	 5782
5	 5801	 5800	 5802	 5803
5	 5800	 5802	 5803	 5782
5	 5803	 5800	 5782	 5770
5	 5800	 5801	 5770	 5803
5	 5802	 5801	 5803	 5804
5	 5801	 5803	 5804	 5805
5	 5801	 5803	 5805	 5770
5	 5804	 5801	 5805	 5776
5	 5803	 5804	 5805	 5764
5	 5803	 5802	 5804	 5755
5	 5804	 5803	 5755	 5764
5	 5803	 5755	 5764	 5806
5	 5755	 5764	 5806	 5752
5	 5764	 5803	 5806	 5782
5	 5764	 5806	 5752	 2015
5	 5806	 5755	 5752	 1846
5	 1846	 1947	 5752	 5806
5	 2015	 5752	 2037	 5806
5	 1846	 1947	 5806	 5782
5	 1846	 5802	 5782	 5806
5	 1846	 5802	 5806	 5755
5	 5802	 5782	 5806	 5803
5	 5802	 5806	 5755	 5803
5	 5755	 5764	 5752	 1976
5	 5752	 1976	 1880	 1892
5	 1892	 5752	 5755	 1789
5	 5752	 1880	 1789	 1892
5	 5802	 5804	 5755	 1813
5	 1846	 5802	 5755	 1813
5	 5802	 5801	 5804	 2074
5	 5802	 5801	 2074	 5779
5	 2074	 5802	 5779	 1945
5	 2074	 5802	 1945	 1813
5	 5779	 5799	 5801	 5807
5	 5799	 5801	 5807	 5808
5	 5801	 5807	 5808	 5809
5	 5801	 5807	 5809	 2074
5	 5801	 2074	 5779	 5807
5	 5809	 5801	 2074	 5776
5	 5801	 2074	 5776	 5804
5	 2074	 5779	 5807	 2035
5	 5776	 2267	 2193	 5809
5	 2074	 5809	 5776	 2193
5	 5776	 2074	 2193	 2026
5	 2074	 5809	 2193	 5807
5	 5808	 5801	 5809	 5805
5	 5801	 5805	 5776	 5809
5	 5807	 5808	 5809	 5773
5	 5819	 5817	 5773	 5808
5	 5799	 5801	 5808	 5770
5	 5805	 5801	 5770	 5808
5	 5779	 5799	 5807	 5798
5	 5798	 5772	 5749	 2227
5	 5805	 5803	 5764	 5770
5	 5222	 5220	 5221	 5765
5	 5222	 5220	 5765	 1615
5	 5790	 5812	 2565	 5751
5	 5793	 5767	 5766	 2187
5	 5766	 2187	 5232	 5793
5	 5232	 5747	 5766	 5795
5	 5793	 5795	 5232	 5766
5	 5232	 5747	 5795	 5230
5	 5795	 5232	 5230	 5762
5	 2013	 2104	 2122	 5772
5	 2574	 2512	 2499	 5790
5	 2565	 5751	 5834	 5790
5	 5790	 2574	 5834	 2579
5	 5790	 5751	 5761	 5810
5	 5761	 5790	 5810	 5811
5	 5761	 5754	 2512	 5811
5	 5811	 2449	 2361	 2498
5	 5761	 5790	 5811	 2512
5	 5751	 5761	 5810	 2636
5	 5790	 5751	 5810	 5812
5	 5790	 2565	 5812	 2543
5	 2543	 5748	 2521	 5812
5	 5812	 5751	 2597	 2565
5	 5810	 5790	 5812	 5813
5	 5810	 5790	 5813	 5811
5	 5751	 5810	 5812	 5814
5	 5751	 5810	 5814	 2629
5	 5751	 5810	 2629	 2636
5	 5758	 2636	 2611	 2629
5	 2606	 2629	 5810	 5758
5	 2636	 5758	 5810	 2629
5	 2629	 5751	 2636	 2637
5	 2629	 5751	 2637	 2612
5	 2629	 5751	 2612	 5814
5	 2612	 2488	 2517	 5814
5	 2444	 2429	 5781	 5814
5	 5812	 5751	 5814	 2597
5	 5751	 2612	 5814	 2597
5	 2565	 2543	 2521	 5812
5	 5810	 5812	 5814	 5815
5	 5812	 5814	 5815	 5781
5	 5812	 5814	 5781	 2488
5	 5814	 5812	 2597	 2488
5	 2597	 5814	 2488	 2612
5	 5812	 2597	 2488	 2521
5	 2488	 5812	 2521	 2459
5	 2459	 5781	 2488	 5812
5	 5810	 5761	 5811	 5754
5	 5790	 5812	 5813	 2543
5	 2543	 5748	 5812	 5813
5	 2543	 5748	 5813	 2377
5	 5813	 5811	 5790	 2377
5	 2543	 5748	 2377	 2380
5	 5812	 5810	 5813	 5815
5	 5815	 5812	 5781	 5816
5	 5781	 5815	 5816	 5763
5	 5781	 5815	 5763	 2444
5	 2403	 5763	 5781	 2346
5	 2346	 2459	 5748	 5816
5	 2459	 5781	 5812	 5816
5	 5815	 5816	 5763	 5817
5	 5816	 5763	 5817	 5818
5	 5816	 5763	 5818	 2346
5	 2334	 5763	 2346	 5818
5	 2334	 2184	 2310	 5818
5	 2277	 5798	 2184	 5818
5	 2184	 2277	 5818	 2334
5	 2346	 2334	 5818	 2277
5	 5817	 2184	 5818	 2310
5	 5817	 5816	 5818	 5798
5	 5815	 5816	 5817	 5813
5	 5813	 5812	 5815	 5816
5	 5748	 5812	 5813	 5816
5	 2310	 5763	 5817	 2333
5	 5818	 5817	 5798	 2184
5	 5818	 5798	 5816	 2277
5	 2277	 2346	 5749	 5816
5	 5798	 5749	 5816	 2277
5	 2346	 5749	 5816	 5748
5	 5818	 2346	 2277	 5816
5	 5749	 5816	 5748	 5813
5	 5814	 5810	 5815	 2421
5	 2444	 2421	 2517	 5814
5	 5814	 2488	 2517	 2429
5	 2606	 2517	 2421	 5814
5	 2606	 2517	 5814	 2629
5	 5810	 2629	 2606	 5814
5	 2606	 5810	 5814	 2421
5	 5814	 5815	 5781	 2444
5	 5815	 5814	 2421	 2444
5	 5817	 5816	 5798	 5799
5	 5816	 5798	 5799	 5749
5	 5798	 5817	 5799	 5807
5	 5808	 5807	 5799	 5817
5	 5807	 5817	 5773	 2333
5	 2449	 2512	 5811	 2499
5	 5811	 2374	 2499	 2377
5	 2512	 5811	 2499	 5790
5	 2449	 5780	 5811	 2361
5	 2498	 2512	 5754	 5811
5	 5813	 5810	 5811	 5819
5	 5813	 5810	 5819	 5815
5	 5819	 5813	 5815	 5817
5	 5810	 5811	 5819	 5754
5	 5811	 2499	 5790	 2377
5	 5811	 5813	 5819	 5780
5	 5748	 5812	 5816	 2459
5	 5748	 2521	 5812	 2459
5	 5813	 2543	 2377	 5790
5	 5813	 2377	 5780	 5811
5	 5811	 2449	 2499	 2374
5	 2430	 2415	 2519	 5820
5	 2430	 2415	 5820	 5753
5	 5820	 2430	 5753	 5787
5	 2415	 2519	 5820	 2469
5	 2519	 2423	 2430	 5820
5	 5820	 2430	 5787	 5778
5	 5778	 2423	 5820	 2430
5	 2469	 2462	 2497	 5775
5	 2497	 2469	 5775	 2518
5	 5773	 2333	 2300	 2193
5	 5809	 2300	 2193	 5773
5	 5809	 2193	 5807	 5773
5	 2054	 2177	 2015	 5782
5	 2012	 2073	 2127	 5821
5	 2073	 2127	 5821	 5233
5	 2127	 2012	 5821	 2185
5	 2012	 5821	 2185	 2176
5	 2176	 1960	 2012	 5830
5	 2073	 2012	 1907	 5771
5	 2073	 2012	 5771	 5821
5	 5809	 2255	 5750	 2324
5	 5768	 2324	 2224	 5809
5	 1814	 1816	 1754	 5822
5	 1816	 1754	 5822	 1789
5	 1754	 5822	 1789	 1815
5	 5755	 1789	 1816	 5822
5	 1814	 1815	 5822	 1754
5	 1958	 1816	 1814	 5822
5	 1814	 1958	 5822	 2072
5	 1958	 1816	 5822	 5804
5	 1816	 5755	 5822	 5804
5	 2636	 2611	 2552	 5758
5	 2629	 2606	 2611	 5758
5	 2552	 2636	 5758	 2622
5	 2384	 5784	 2339	 2462
5	 5797	 5774	 5786	 5835
5	 2433	 5784	 2376	 5775
5	 5810	 5761	 5754	 5758
5	 2227	 2277	 2346	 5749
5	 5798	 2277	 2227	 5749
5	 2485	 5775	 5789	 2567
5	 1814	 5822	 1815	 2072
5	 5822	 1815	 2072	 5757
5	 1976	 1879	 1892	 5822
5	 5757	 1879	 1815	 2061
5	 5757	 1879	 2061	 2062
5	 1815	 5757	 2061	 2072
5	 5757	 2061	 2072	 2101
5	 2083	 5779	 2035	 2166
5	 5779	 2083	 2128	 2166
5	 5819	 5808	 5780	 5813
5	 5813	 5799	 5817	 5808
5	 5819	 5811	 5780	 2361
5	 5780	 5819	 2361	 5759
5	 5819	 5811	 2361	 5754
5	 5780	 5819	 5759	 5808
5	 5819	 5813	 5817	 5808
5	 5819	 5759	 5808	 5750
5	 2402	 2255	 2413	 5773
5	 5762	 2245	 5228	 5794
5	 2245	 2370	 5794	 5792
5	 5819	 5810	 5754	 5758
5	 2511	 2584	 2622	 5754
5	 2511	 2622	 5758	 5754
5	 2622	 2584	 5761	 5754
5	 1616	 1629	 1742	 5783
5	 1629	 1742	 5783	 5756
5	 5756	 1865	 1629	 1742
5	 1583	 5218	 5217	 5765
5	 5775	 2572	 2530	 2497
5	 2294	 2278	 2340	 5759
5	 2300	 2193	 2267	 5809
5	 5771	 2073	 5821	 5227
5	 5833	 5235	 5788	 5233
5	 5805	 5768	 5757	 5776
5	 2531	 2606	 2421	 5758
5	 2606	 5810	 2421	 5758
5	 2421	 2413	 2531	 5758
5	 1659	 5755	 1816	 1813
5	 5755	 1816	 1813	 5804
5	 1816	 1813	 5804	 1958
5	 5224	 5217	 5223	 5823
5	 5223	 5224	 5823	 5226
5	 5224	 5217	 5823	 5221
5	 5217	 5823	 5221	 5765
5	 5217	 5823	 5765	 5218
5	 5217	 5823	 5218	 5223
5	 5219	 5223	 5829	 5747
5	 5786	 2520	 5789	 2481
5	 1614	 1616	 1583	 5765
5	 5759	 2278	 2363	 2240
5	 2363	 2240	 2206	 5759
5	 5764	 2240	 2121	 5805
5	 5805	 2278	 5757	 5768
5	 5822	 5757	 5776	 5804
5	 5805	 5768	 5776	 5809
5	 5806	 5764	 5782	 2015
5	 5764	 5803	 5782	 5770
5	 5782	 5764	 5770	 2177
5	 2240	 2090	 2206	 5764
5	 5782	 5764	 2177	 2015
5	 2447	 2335	 2386	 5777
5	 5785	 2311	 2226	 5774
5	 2226	 2311	 2372	 5774
5	 2361	 5754	 2404	 5819
5	 5819	 5759	 5750	 2404
5	 5819	 2361	 5759	 2404
5	 5750	 2404	 5754	 5819
5	 5750	 2414	 5754	 2404
5	 5227	 5225	 5233	 5821
5	 5225	 5227	 5771	 5821
5	 2462	 2469	 2384	 5784
5	 2336	 2185	 2127	 5821
5	 2312	 5785	 2317	 2405
5	 2406	 5786	 5797	 2478
5	 2478	 2312	 2405	 5797
5	 2312	 2405	 5797	 5785
5	 5778	 5786	 5797	 5791
5	 5789	 5774	 5835	 5786
5	 5797	 5791	 5796	 5778
5	 5789	 5791	 5786	 5820
5	 5797	 5787	 5778	 5796
5	 5778	 5786	 5791	 5820
5	 5791	 5778	 5820	 5796
5	 5753	 5820	 5787	 5796
5	 5778	 5820	 5796	 5787
5	 5787	 5753	 5796	 5824
5	 5824	 5753	 2228	 2303
5	 5753	 5796	 5824	 5825
5	 5769	 5756	 5825	 5827
5	 5824	 5825	 5827	 5769
5	 2317	 2229	 2303	 5824
5	 5753	 5796	 5825	 5760
5	 5796	 5824	 5825	 5795
5	 5793	 5766	 5824	 5795
5	 5787	 5767	 5824	 5793
5	 2406	 2312	 5797	 2311
5	 2312	 5797	 2311	 5785
5	 2310	 2152	 2333	 5817
5	 5815	 2444	 2333	 5763
5	 2310	 2152	 5817	 2184
5	 5763	 2334	 2310	 5818
5	 5783	 1648	 1616	 1583
5	 1648	 1626	 1583	 5783
5	 1616	 5765	 5783	 1583
5	 1893	 1629	 1646	 5826
5	 5830	 1893	 5771	 1646
5	 1646	 1893	 5771	 1864
5	 5771	 1646	 1864	 1615
5	 1629	 1646	 5826	 1616
5	 1616	 5783	 5765	 5826
5	 5783	 1629	 5756	 5826
5	 1893	 1894	 1629	 5826
5	 1629	 5756	 5826	 1894
5	 1934	 5756	 1629	 1894
5	 1893	 1894	 5826	 2176
5	 2052	 1934	 1894	 5756
5	 5772	 2122	 2013	 5800
5	 5836	 5800	 5772	 2013
5	 2361	 5759	 2337	 5780
5	 5759	 2363	 2337	 2206
5	 5759	 2337	 5780	 5770
5	 2337	 5759	 2206	 5770
5	 1949	 2015	 1963	 5752
5	 5806	 1947	 5752	 2037
5	 5228	 5231	 5226	 5795
5	 5788	 5231	 5234	 5795
5	 5756	 5783	 5826	 5827
5	 5783	 5765	 5826	 5827
5	 5769	 5827	 5828	 5783
5	 5783	 5756	 1792	 5769
5	 1992	 1792	 5769	 5828
5	 5769	 5756	 5827	 5783
5	 5783	 1792	 5828	 5769
5	 5783	 5827	 5828	 5829
5	 5828	 5783	 5829	 1792
5	 1992	 1741	 1792	 5829
5	 5219	 1741	 1831	 5829
5	 1819	 1831	 5829	 5747
5	 5829	 1831	 1819	 1741
5	 5829	 1992	 5747	 5828
5	 5767	 1992	 5828	 5766
5	 5766	 5828	 5824	 5747
5	 1792	 1992	 5829	 5828
5	 5783	 5827	 5829	 5765
5	 5824	 5795	 5747	 5829
5	 5828	 1992	 5747	 5766
5	 5219	 1741	 5829	 5218
5	 5223	 5218	 5219	 5829
5	 5765	 5826	 5827	 5830
5	 5826	 1646	 5830	 5765
5	 5765	 5222	 1615	 5830
5	 5222	 5771	 1615	 5830
5	 5771	 5222	 5221	 5830
5	 5222	 5221	 5830	 5765
5	 1616	 1646	 5765	 1614
5	 5826	 1893	 5830	 1646
5	 5827	 5765	 5830	 5823
5	 5827	 5765	 5823	 5829
5	 5823	 5827	 5829	 5795
5	 5829	 5828	 5747	 5824
5	 5826	 5827	 5830	 2176
5	 5827	 2176	 5756	 5825
5	 5824	 5769	 5832	 2052
5	 5769	 5828	 5827	 5824
5	 5826	 5756	 5827	 2176
5	 5825	 5756	 5769	 2052
5	 5826	 5756	 2176	 1894
5	 5756	 2176	 1894	 2052
5	 5822	 5804	 5764	 5757
5	 2386	 5774	 5777	 2335
5	 2468	 2413	 2255	 5750
5	 2413	 2255	 5750	 5773
5	 5808	 5819	 5750	 5773
5	 2468	 2413	 5750	 5758
5	 5758	 2468	 2480	 2359
5	 5750	 5754	 5758	 5819
5	 2413	 2421	 2402	 5815
5	 2421	 2402	 5815	 2444
5	 5815	 5817	 2333	 5773
5	 2402	 2333	 5815	 2444
5	 5757	 2101	 2072	 2100
5	 5757	 5805	 5776	 5804
5	 5822	 1976	 5757	 5764
5	 5757	 2278	 5805	 2121
5	 2121	 5757	 5764	 5805
5	 2152	 2184	 2035	 5807
5	 2152	 5817	 2184	 5807
5	 5807	 5817	 2333	 2152
5	 2371	 2384	 5820	 5760
5	 5769	 5828	 5824	 5767
5	 5816	 2346	 2459	 5781
5	 1616	 5765	 1646	 5826
5	 1615	 5830	 1646	 5765
5	 5810	 5819	 5815	 2413
5	 5810	 5815	 2421	 2413
5	 2421	 5810	 2413	 5758
5	 5819	 5815	 2413	 5773
5	 5773	 2402	 5815	 2413
5	 5819	 5815	 5773	 5817
5	 1911	 5767	 5769	 5832
5	 5822	 1789	 1815	 1892
5	 1960	 2176	 1893	 5830
5	 5771	 2012	 1960	 5830
5	 5771	 1960	 1893	 5830
5	 5771	 1646	 1615	 5830
5	 5826	 1893	 2176	 5830
5	 5808	 5809	 5773	 5750
5	 5218	 5829	 5823	 5765
5	 1583	 5218	 5765	 5829
5	 5829	 5783	 5765	 1583
5	 5218	 1583	 1626	 5829
5	 1741	 1626	 1648	 5829
5	 1792	 1648	 5829	 1741
5	 1626	 5829	 5783	 1648
5	 1741	 5829	 5218	 1626
5	 5809	 5768	 5776	 2224
5	 5776	 2224	 2267	 5809
5	 5792	 5794	 5791	 2438
5	 2073	 5821	 5227	 5233
5	 5221	 5224	 5225	 5823
5	 5225	 5823	 5231	 5788
5	 2152	 2193	 2333	 5807
5	 2152	 2193	 5807	 2035
5	 2193	 2074	 5807	 2035
5	 5768	 2101	 5757	 2100
5	 5776	 2072	 2100	 5757
5	 5750	 5768	 5809	 2324
5	 2267	 2224	 2255	 5809
5	 5809	 5773	 5750	 2255
5	 5809	 5773	 2255	 2300
5	 2324	 2255	 2224	 5809
5	 5805	 5768	 5809	 5808
5	 5768	 5750	 5809	 5808
5	 2249	 5770	 5780	 2215
5	 2167	 1911	 2091	 5767
5	 2229	 2091	 5767	 2317
5	 2091	 5767	 2317	 2248
5	 2229	 5767	 5824	 2317
5	 5787	 2317	 2303	 5824
5	 5785	 5767	 2248	 2317
5	 2317	 2312	 2248	 5785
5	 5767	 5785	 5787	 2317
5	 2405	 5787	 5797	 5785
5	 5823	 5218	 5223	 5829
5	 5226	 5231	 5224	 5823
5	 5225	 5231	 5823	 5224
5	 5772	 5799	 5749	 2249
5	 5772	 5749	 2259	 2249
5	 5772	 5799	 2249	 5770
5	 5228	 5230	 5762	 5795
5	 2497	 2462	 2433	 5775
5	 2236	 2211	 2370	 5794
5	 2245	 5794	 2370	 2211
5	 5792	 5794	 2438	 2370
5	 5234	 5231	 5228	 5795
5	 2519	 2469	 5775	 5820
5	 5826	 1629	 1616	 5783
5	 2206	 2240	 5805	 5759
5	 2206	 5805	 5764	 5770
5	 5770	 2177	 5764	 2206
5	 2206	 5764	 5805	 2240
5	 5817	 5763	 5815	 2333
5	 2444	 2310	 2333	 5763
5	 5795	 5796	 5788	 5825
5	 5825	 5760	 5796	 5833
5	 5232	 2226	 2246	 5793
5	 2246	 5762	 5232	 5793
5	 2468	 2531	 2413	 5758
5	 2517	 2629	 2612	 5814
5	 5822	 1958	 5804	 5776
5	 5805	 5764	 5804	 5757
5	 5778	 5786	 5820	 2481
5	 2423	 2481	 5820	 2519
5	 1976	 5822	 1892	 5755
5	 5822	 1815	 5757	 1879
5	 2372	 2246	 2226	 5774
5	 5774	 2335	 2372	 2246
5	 5793	 2226	 2246	 5774
5	 5793	 5774	 5785	 2226
5	 2256	 2127	 5233	 5821
5	 2481	 2573	 2520	 5789
5	 2497	 2433	 2530	 5775
5	 5807	 5779	 5798	 2184
5	 2184	 2166	 2035	 5779
5	 5798	 5779	 2166	 2184
5	 2324	 2293	 2294	 5768
5	 2324	 5750	 5768	 2294
5	 5749	 5816	 5813	 5799
5	 5816	 5817	 5813	 5799
5	 5748	 5749	 5813	 2377
5	 5824	 5828	 5766	 5767
5	 5782	 1947	 5806	 2037
5	 5774	 2246	 5792	 2335
5	 2228	 5825	 2213	 5753
5	 2354	 2302	 2213	 5753
5	 5753	 2302	 2415	 2354
5	 2415	 5753	 5760	 5820
5	 5753	 5760	 5820	 5796
5	 1813	 1958	 2074	 5804
5	 2074	 5802	 1813	 5804
5	 1958	 2074	 5804	 5776
5	 1958	 2074	 5776	 2026
5	 5817	 5798	 2184	 5807
5	 5807	 2184	 2035	 5779
5	 2370	 2236	 5794	 2376
5	 5765	 5830	 5823	 5221
5	 5795	 5788	 5823	 5827
5	 5830	 5827	 5823	 5788
5	 5825	 5788	 5795	 5827
5	 5827	 5795	 5825	 5824
5	 5830	 5827	 5825	 2176
5	 2176	 2052	 5756	 5825
5	 5825	 5830	 2176	 5821
5	 5821	 5771	 5830	 2012
5	 2052	 5825	 2176	 2228
5	 5824	 5825	 2228	 5753
5	 5821	 5830	 5771	 5225
5	 5221	 5771	 5830	 5225
5	 5225	 5788	 5821	 5830
5	 5825	 5827	 5830	 5788
5	 5825	 5821	 5788	 5830
5	 5830	 5225	 5823	 5221
5	 5784	 2384	 5760	 5820
5	 2072	 5776	 5822	 5757
5	 5776	 2100	 5768	 5757
5	 5776	 2072	 5822	 1958
5	 5776	 2072	 1958	 2026
5	 5226	 5230	 5228	 5795
5	 5808	 5750	 5759	 5768
5	 5805	 2278	 5768	 5759
5	 5808	 5805	 5768	 5759
5	 5759	 2294	 5768	 5750
5	 5759	 5768	 2294	 2278
5	 2376	 2370	 2438	 5794
5	 5819	 5750	 5773	 2413
5	 5226	 5223	 5219	 5747
5	 5823	 5226	 5747	 5223
5	 5747	 5219	 5226	 5229
5	 5226	 5230	 5795	 5747
5	 5226	 5230	 5747	 5229
5	 2485	 2530	 2438	 5775
5	 2438	 2530	 2376	 5775
5	 5786	 5820	 2481	 5789
5	 5819	 5810	 5758	 2413
5	 2459	 2403	 5781	 2346
5	 5760	 5821	 5825	 2185
5	 2213	 2176	 2185	 5825
5	 2228	 2213	 5825	 2176
5	 5794	 5796	 5791	 5784
5	 5796	 5791	 5784	 5820
5	 5784	 5796	 5820	 5760
5	 5791	 5794	 5784	 2376
5	 5794	 5791	 2438	 2376
5	 5761	 2622	 5754	 5758
5	 5789	 2553	 2485	 2567
5	 2573	 2567	 2553	 5789
5	 5775	 2567	 2573	 5789
5	 5785	 2311	 5774	 5797
5	 5784	 2433	 2462	 5775
5	 2462	 5784	 5775	 2469
5	 5796	 5795	 5793	 5824
5	 5797	 5796	 5793	 5787
5	 2256	 5833	 5821	 5233
5	 5835	 5797	 2311	 2406
5	 5810	 5761	 5758	 2636
5	 5761	 5758	 2636	 2622
5	 5753	 2213	 5760	 5825
5	 5825	 2213	 5760	 2185
5	 5829	 5827	 5828	 5824
5	 2121	 5757	 1976	 5764
5	 5813	 5749	 5799	 2249
5	 5749	 5813	 2377	 2249
5	 5799	 5813	 2249	 5780
5	 5813	 2377	 2249	 5780
5	 2215	 5780	 2374	 2260
5	 2377	 2374	 5780	 5811
5	 2249	 5799	 5780	 5770
5	 5769	 5828	 5767	 1992
5	 5767	 1992	 2167	 1911
5	 5758	 5750	 5819	 2413
5	 5800	 5772	 2122	 5770
5	 2249	 5772	 5770	 2122
5	 5755	 5752	 1892	 1976
5	 1879	 1976	 5757	 5822
5	 2226	 2205	 5785	 2187
5	 5793	 5824	 5766	 5767
5	 5827	 5795	 5824	 5829
5	 2469	 5820	 5784	 5775
5	 5232	 2187	 2226	 5793
5	 5793	 5767	 2187	 5785
5	 5759	 5780	 5808	 5770
5	 5799	 5780	 5770	 5808
5	 5821	 5825	 5833	 5760
5	 5823	 5225	 5830	 5788
5	 5235	 5233	 5225	 5788
5	 2256	 5821	 5833	 5760
5	 5820	 5784	 5775	 5791
5	 5784	 5775	 5791	 2376
5	 5775	 5820	 5791	 5789
5	 5775	 5791	 2376	 2438
5	 2278	 5759	 5805	 2240
5	 5805	 5759	 5808	 5770
5	 2206	 5759	 5805	 5770
5	 5822	 5755	 1976	 5764
5	 5804	 5764	 5755	 5822
5	 5226	 5231	 5823	 5795
5	 5231	 5788	 5823	 5795
5	 5823	 5226	 5795	 5747
5	 5747	 5829	 5795	 5823
5	 5829	 5823	 5747	 5223
5	 5791	 5775	 5789	 2485
5	 5775	 5791	 2438	 2485
5	 2054	 2037	 2084	 5831
5	 2037	 2054	 2015	 5831
5	 5782	 2037	 2015	 5831
5	 2015	 2054	 5782	 5831
5	 2013	 2037	 5782	 5831
5	 2037	 2013	 2084	 5831
5	 2054	 2084	 2122	 5831
5	 5782	 2054	 2122	 5831
5	 2013	 5782	 2122	 5831
5	 2122	 2084	 2013	 5831
5	 2052	 2229	 1948	 5832
5	 1948	 2229	 2091	 5832
5	 1948	 5769	 2052	 5832
5	 2091	 5767	 1911	 5832
5	 5824	 2229	 2052	 5832
5	 5824	 2052	 2229	 2228
5	 2091	 2229	 5767	 5832
5	 5832	 1948	 5769	 1911
5	 5825	 2228	 2052	 5824
5	 5767	 2229	 5824	 5832
5	 5824	 5769	 5767	 5832
5	 2237	 2236	 2369	 5833
5	 5760	 2256	 2384	 2339
5	 5788	 5794	 5234	 2236
5	 5794	 5796	 5784	 5833
5	 5796	 5794	 5788	 5833
5	 5784	 5796	 5760	 5833
5	 5833	 5825	 5821	 5788
5	 5825	 5796	 5788	 5833
5	 2254	 2237	 2369	 5833
5	 2237	 2254	 5233	 5833
5	 2254	 2256	 5233	 5833
5	 5794	 5788	 5833	 2236
5	 2236	 2237	 5235	 5833
5	 5788	 5821	 5833	 5233
5	 5233	 5235	 2237	 5833
5	 5784	 2339	 5833	 5760
5	 2339	 2369	 5784	 5833
5	 2256	 2254	 2339	 5833
5	 2369	 2339	 2254	 5833
5	 2579	 2601	 2574	 5834
5	 2601	 2579	 2565	 5834
5	 2601	 2565	 2608	 5834
5	 5761	 5751	 5790	 5834
5	 2608	 2565	 5751	 5834
5	 5761	 2574	 2601	 5834
5	 5834	 2601	 5761	 5751
5	 2638	 5751	 5761	 2601
5	 5834	 2579	 2565	 5790
5	 5790	 5834	 2574	 5761
5	 5835	 5774	 2416	 2311
5	 5797	 5791	 5786	 5774
5	 5797	 5786	 2406	 5835
5	 2416	 5789	 5774	 5835
5	 2311	 5797	 5835	 5774
5	 2532	 5789	 2416	 5835
5	 5835	 2406	 2532	 2520
5	 2416	 2406	 2532	 5835
5	 2520	 5786	 5789	 5835
5	 5772	 2002	 5779	 5836
5	 5772	 5779	 5800	 5836
5	 5779	 2002	 1945	 5836
5	 5782	 5800	 5836	 2013
5	 5772	 2013	 2002	 5836
5	 2002	 2013	 1921	 5836
5	 2013	 2122	 5782	 5800
5	 2013	 5782	 1921	 5836
5	 5779	 5802	 5836	 1945
5	 5800	 5779	 5802	 5836
5	 5800	 5802	 5782	 5836
5	 5802	 1921	 5782	 5836
6	 775	 719	 746	 844
6	 5206	 746	 822	 844
6	 844	 719	 757	 775
6	 506	 569	 544	 475
6	 544	 453	 506	 475
6	 506	 453	 463	 475
6	 500	 5030	 438	 428
6	 666	 593	 569	 603
6	 707	 724	 711	 5197
6	 5206	 844	 757	 775
6	 5185	 848	 822	 767
6	 716	 763	 738	 691
6	 738	 763	 698	 691
6	 5207	 774	 855	 837
6	 837	 774	 740	 5207
6	 921	 863	 824	 781
6	 265	 161	 205	 225
6	 855	 5208	 5207	 837
6	 838	 855	 837	 5208
6	 837	 758	 838	 5208
6	 849	 780	 856	 701
6	 754	 878	 886	 5215
6	 754	 878	 5215	 5209
6	 5204	 824	 863	 781
6	 5051	 5058	 5046	 5179
6	 5046	 5042	 5051	 5179
6	 793	 857	 791	 5212
6	 161	 265	 228	 225
6	 621	 623	 578	 639
6	 639	 623	 659	 621
6	 529	 590	 574	 5036
6	 492	 480	 5032	 5038
6	 5032	 518	 5038	 480
6	 514	 480	 492	 5038
6	 492	 5028	 5032	 480
6	 766	 5054	 5180	 5050
6	 464	 421	 442	 5028
6	 488	 545	 481	 466
6	 5050	 766	 5045	 5837
6	 5215	 838	 886	 754
6	 822	 5185	 767	 777
6	 822	 746	 5185	 777
6	 822	 746	 777	 844
6	 763	 698	 691	 5043
6	 5033	 5034	 5039	 5838
6	 872	 898	 5216	 889
6	 5189	 711	 5184	 5839
6	 5195	 825	 799	 801
6	 500	 5030	 428	 505
6	 505	 428	 517	 5030
6	 5185	 767	 777	 755
6	 5043	 574	 616	 663
6	 716	 5043	 663	 737
6	 660	 713	 658	 5840
6	 5026	 5023	 5029	 5841
6	 782	 713	 660	 5840
6	 5030	 438	 428	 429
6	 428	 394	 429	 438
6	 5180	 766	 5050	 5837
6	 5180	 5183	 746	 5837
6	 5180	 766	 5837	 746
6	 5044	 5037	 5036	 567
6	 5185	 767	 755	 712
6	 577	 532	 494	 5842
6	 576	 559	 544	 603
6	 5881	 813	 741	 830
6	 385	 422	 430	 5843
6	 5034	 5039	 5838	 5844
6	 5204	 850	 825	 708
6	 850	 825	 708	 801
6	 708	 850	 801	 783
6	 343	 409	 348	 5845
6	 5200	 5189	 5193	 5846
6	 328	 326	 5885	 342
6	 342	 348	 377	 5885
6	 342	 247	 328	 326
6	 500	 505	 529	 5036
6	 5034	 5039	 5844	 5037
6	 747	 610	 711	 5847
6	 610	 711	 5847	 5839
6	 675	 784	 782	 633
6	 784	 675	 654	 633
6	 766	 5045	 5837	 746
6	 317	 5021	 5022	 306
6	 317	 5021	 306	 305
6	 306	 317	 305	 402
6	 306	 317	 402	 385
6	 306	 317	 385	 5022
6	 464	 402	 421	 317
6	 464	 5022	 317	 421
6	 5041	 680	 5045	 603
6	 824	 724	 749	 5203
6	 824	 5203	 5197	 724
6	 749	 824	 5203	 781
6	 5204	 824	 781	 5203
6	 5203	 5204	 825	 708
6	 5189	 711	 5839	 5847
6	 5839	 5189	 5847	 5193
6	 5189	 5193	 5846	 5847
6	 5023	 5029	 5841	 327
6	 659	 621	 667	 5848
6	 5200	 5202	 5888	 5193
6	 5041	 680	 5850	 5050
6	 5048	 5060	 5047	 711
6	 5047	 5048	 711	 610
6	 610	 711	 5839	 5048
6	 518	 610	 5853	 5048
6	 740	 730	 629	 5849
6	 5044	 710	 590	 5036
6	 5043	 5036	 574	 710
6	 5189	 711	 5847	 747
6	 5184	 5189	 5839	 5192
6	 5207	 740	 837	 5208
6	 5208	 5191	 5207	 740
6	 658	 660	 5840	 587
6	 494	 604	 577	 5842
6	 713	 658	 5840	 748
6	 658	 5840	 748	 687
6	 467	 494	 532	 5842
6	 532	 467	 5842	 533
6	 5849	 740	 730	 774
6	 740	 774	 5186	 5207
6	 5199	 5207	 5186	 774
6	 730	 774	 5199	 5849
6	 5199	 774	 5186	 5849
6	 730	 774	 835	 5199
6	 5050	 5180	 5837	 5850
6	 5842	 532	 533	 621
6	 577	 532	 5842	 621
6	 5039	 5033	 5838	 5040
6	 5843	 5033	 5838	 5034
6	 5034	 5026	 5841	 5843
6	 5026	 5034	 5841	 5029
6	 5196	 5192	 5181	 5851
6	 422	 430	 5843	 454
6	 716	 663	 5043	 616
6	 737	 663	 710	 5043
6	 710	 574	 5043	 663
6	 681	 610	 747	 5847
6	 5042	 5046	 5851	 5179
6	 5046	 5179	 5192	 5851
6	 5208	 838	 5215	 5205
6	 409	 348	 5845	 362
6	 545	 481	 466	 538
6	 450	 423	 453	 5852
6	 659	 621	 5848	 639
6	 430	 391	 359	 5843
6	 5843	 359	 385	 5841
6	 385	 422	 5843	 464
6	 5842	 577	 621	 667
6	 5842	 577	 667	 604
6	 5026	 5023	 5841	 5022
6	 5203	 825	 5195	 708
6	 348	 343	 5845	 370
6	 348	 343	 370	 239
6	 343	 5845	 370	 423
6	 343	 409	 5845	 371
6	 343	 5845	 423	 371
6	 5036	 590	 574	 710
6	 796	 921	 830	 814
6	 5206	 775	 746	 844
6	 844	 777	 719	 746
6	 719	 666	 5045	 679
6	 377	 342	 362	 348
6	 5200	 5881	 813	 5846
6	 5189	 5846	 747	 5847
6	 621	 667	 5848	 5842
6	 667	 659	 5848	 712
6	 740	 563	 5866	 629
6	 730	 629	 5849	 641
6	 5861	 5191	 5866	 5196
6	 423	 5845	 453	 5852
6	 576	 450	 544	 5852
6	 5882	 525	 5889	 426
6	 766	 5045	 746	 719
6	 5185	 746	 5837	 5045
6	 719	 755	 5045	 5185
6	 5045	 719	 679	 755
6	 719	 679	 755	 777
6	 5196	 5192	 5851	 5193
6	 5192	 5179	 5181	 5851
6	 5839	 610	 5048	 5853
6	 5839	 610	 5853	 5847
6	 5048	 5040	 5854	 5853
6	 5048	 5040	 5853	 5032
6	 5048	 610	 5047	 518
6	 5032	 518	 5853	 5048
6	 5853	 5839	 5847	 5854
6	 5839	 5847	 5854	 5193
6	 5039	 5838	 5844	 5855
6	 5039	 5838	 5855	 5040
6	 5844	 5039	 5855	 5037
6	 5838	 5844	 5855	 5856
6	 5838	 5034	 5844	 5841
6	 5855	 5838	 5856	 5857
6	 5855	 5838	 5857	 5040
6	 254	 394	 298	 5023
6	 254	 394	 5023	 327
6	 486	 522	 530	 5858
6	 646	 530	 522	 5858
6	 530	 486	 5858	 5844
6	 5858	 5841	 5844	 486
6	 5858	 5844	 5841	 5838
6	 5858	 5844	 5838	 5856
6	 486	 5841	 522	 5858
6	 5858	 5844	 5856	 646
6	 646	 5861	 5866	 5856
6	 282	 243	 242	 5021
6	 5847	 5853	 5854	 5859
6	 5853	 5847	 681	 5859
6	 5853	 681	 5847	 610
6	 681	 565	 518	 5853
6	 5847	 5859	 5846	 681
6	 5846	 747	 5847	 681
6	 5048	 5058	 5839	 5854
6	 5853	 5854	 5859	 5857
6	 5861	 5860	 5890	 5857
6	 5860	 5890	 5857	 5864
6	 5856	 5855	 5857	 5861
6	 5855	 5857	 5861	 5854
6	 5857	 5855	 5040	 5854
6	 5040	 5857	 5854	 5853
6	 5048	 5854	 5040	 5046
6	 5862	 5859	 5864	 5857
6	 5859	 5857	 5862	 5863
6	 5859	 5857	 5863	 5853
6	 5857	 5890	 5859	 5864
6	 5859	 5862	 5864	 5865
6	 5859	 5862	 5865	 5863
6	 5856	 646	 5844	 5866
6	 5861	 5855	 5854	 5851
6	 5861	 5855	 5851	 5866
6	 5866	 5851	 5861	 5196
6	 5196	 5181	 5191	 5866
6	 5851	 5181	 5196	 5866
6	 5181	 5191	 5866	 5186
6	 5855	 5851	 5866	 5042
6	 5851	 5866	 5042	 5181
6	 5851	 5181	 5042	 5179
6	 5866	 5861	 5855	 5856
6	 5866	 5181	 5186	 5849
6	 5186	 5866	 5849	 740
6	 5866	 5181	 5849	 5042
6	 5838	 5863	 5882	 5862
6	 5857	 5856	 5862	 5838
6	 5040	 5028	 5033	 5853
6	 5862	 5860	 5864	 5867
6	 5864	 5862	 5867	 5868
6	 5864	 5862	 5868	 5865
6	 5864	 5840	 5867	 5860
6	 5870	 5864	 5872	 5840
6	 5870	 5840	 587	 5868
6	 5862	 5867	 5868	 550
6	 5864	 5859	 5865	 5871
6	 5864	 5859	 5871	 5846
6	 5865	 545	 5871	 5859
6	 5865	 5864	 5871	 622
6	 622	 605	 668	 5871
6	 5868	 5867	 5864	 5840
6	 660	 782	 5840	 5870
6	 633	 782	 660	 5870
6	 660	 5840	 587	 5870
6	 587	 5840	 5867	 5868
6	 5868	 5864	 5870	 5840
6	 587	 582	 660	 5870
6	 582	 660	 5870	 633
6	 587	 658	 550	 5867
6	 5867	 5868	 550	 587
6	 587	 658	 5867	 5840
6	 658	 550	 5867	 687
6	 658	 5840	 687	 5867
6	 5868	 550	 587	 525
6	 587	 525	 521	 5868
6	 5869	 5840	 5864	 5860
6	 782	 5872	 5840	 5870
6	 5869	 5840	 5883	 5872
6	 5864	 5870	 5872	 633
6	 5872	 5864	 633	 622
6	 622	 761	 725	 5872
6	 725	 654	 622	 5872
6	 784	 725	 5872	 654
6	 633	 784	 5872	 654
6	 654	 633	 622	 5872
6	 782	 5840	 5872	 5883
6	 5860	 5211	 5869	 5840
6	 5840	 5867	 5211	 687
6	 5198	 5211	 5202	 5869
6	 5869	 5860	 5198	 5211
6	 492	 377	 362	 5027
6	 5029	 5023	 438	 327
6	 429	 394	 327	 438
6	 438	 429	 5029	 327
6	 5023	 327	 394	 438
6	 5848	 5183	 5188	 5850
6	 5850	 5180	 5837	 5183
6	 5050	 5045	 5041	 680
6	 5886	 5214	 826	 784
6	 716	 763	 691	 5043
6	 328	 247	 228	 5020
6	 228	 5020	 5885	 328
6	 443	 501	 514	 5873
6	 5038	 5035	 5027	 443
6	 492	 443	 5038	 5027
6	 5873	 514	 443	 5038
6	 5035	 5038	 5873	 443
6	 501	 514	 5873	 566
6	 5873	 501	 566	 468
6	 443	 501	 5873	 444
6	 5873	 501	 468	 444
6	 708	 643	 611	 5874
6	 643	 611	 5874	 615
6	 5874	 643	 615	 707
6	 611	 5884	 708	 5874
6	 708	 643	 5874	 5203
6	 5203	 749	 781	 643
6	 781	 5203	 643	 708
6	 5874	 708	 5203	 5195
6	 5203	 5195	 5194	 5874
6	 615	 707	 610	 5875
6	 615	 707	 5875	 5874
6	 707	 610	 5875	 711
6	 610	 5875	 711	 5047
6	 5047	 5875	 5876	 610
6	 5048	 5047	 5032	 518
6	 615	 610	 518	 5876
6	 849	 856	 5201	 701
6	 752	 762	 737	 763
6	 464	 480	 422	 5028
6	 5028	 492	 442	 480
6	 464	 5028	 442	 480
6	 5042	 5051	 5179	 5190
6	 5209	 5205	 754	 768
6	 768	 754	 686	 5205
6	 754	 878	 5209	 768
6	 5211	 5209	 878	 768
6	 720	 801	 639	 799
6	 5186	 740	 5207	 5191
6	 5186	 740	 5191	 5866
6	 5189	 711	 747	 813
6	 646	 5844	 530	 5858
6	 646	 530	 5844	 563
6	 835	 730	 5199	 641
6	 848	 5201	 760	 5183
6	 5873	 514	 5038	 5876
6	 566	 615	 514	 5876
6	 5873	 514	 5876	 566
6	 5876	 5873	 566	 5877
6	 5873	 566	 5877	 468
6	 566	 5876	 5877	 611
6	 611	 615	 566	 5876
6	 566	 583	 611	 5877
6	 566	 5877	 468	 583
6	 5876	 5873	 5877	 5878
6	 5873	 5877	 5878	 5879
6	 5873	 5877	 5879	 468
6	 5878	 5873	 5879	 5035
6	 5041	 5035	 5049	 5878
6	 5041	 5035	 5878	 5879
6	 5878	 5873	 5035	 5038
6	 5035	 5038	 5049	 5878
6	 5877	 5878	 5879	 5850
6	 5878	 5879	 5850	 5041
6	 5877	 5876	 5878	 5875
6	 5876	 5873	 5878	 5038
6	 514	 5038	 5876	 518
6	 5038	 518	 514	 480
6	 5876	 514	 518	 615
6	 5876	 518	 5047	 610
6	 5876	 615	 5875	 5874
6	 611	 615	 5876	 5874
6	 5876	 5877	 611	 5874
6	 5877	 5876	 5875	 5874
6	 5053	 5187	 5182	 5880
6	 5049	 5047	 5053	 5880
6	 5053	 5049	 5880	 5182
6	 5053	 5054	 5049	 5182
6	 5053	 5187	 5880	 5047
6	 711	 5187	 5060	 5047
6	 5187	 5182	 5880	 5194
6	 5203	 5204	 708	 781
6	 5204	 708	 781	 850
6	 783	 781	 708	 850
6	 850	 863	 783	 781
6	 863	 5204	 781	 850
6	 487	 423	 5852	 431
6	 5058	 5046	 5179	 5192
6	 5852	 453	 450	 544
6	 5852	 544	 475	 453
6	 5852	 475	 544	 559
6	 5852	 475	 559	 5031
6	 5852	 475	 5031	 5025
6	 569	 544	 475	 559
6	 5879	 576	 5852	 487
6	 576	 450	 5852	 487
6	 605	 668	 5871	 681
6	 5859	 5846	 681	 5871
6	 5871	 5859	 565	 681
6	 565	 5871	 681	 605
6	 565	 5871	 605	 545
6	 5865	 5859	 5863	 545
6	 5853	 610	 518	 681
6	 646	 522	 5856	 5858
6	 5205	 5196	 5191	 5861
6	 5855	 5854	 5851	 5046
6	 5855	 5851	 5042	 5046
6	 5855	 5854	 5046	 5040
6	 5046	 5855	 5040	 5039
6	 777	 5185	 755	 719
6	 755	 5185	 5837	 5045
6	 777	 5185	 719	 746
6	 505	 529	 5036	 590
6	 5036	 505	 590	 567
6	 849	 720	 701	 799
6	 799	 849	 5201	 701
6	 426	 391	 403	 454
6	 391	 403	 454	 430
6	 431	 371	 423	 5852
6	 5845	 423	 371	 5852
6	 5026	 421	 5022	 464
6	 317	 5022	 464	 385
6	 5048	 5854	 5046	 5058
6	 5192	 5046	 5854	 5058
6	 5854	 5853	 5839	 5048
6	 5046	 5192	 5854	 5851
6	 5192	 5851	 5193	 5854
6	 5193	 5192	 5854	 5839
6	 5189	 5839	 5192	 5193
6	 576	 604	 487	 5879
6	 604	 494	 487	 5879
6	 604	 494	 5879	 5842
6	 922	 769	 888	 5213
6	 5213	 922	 905	 888
6	 500	 5030	 505	 5037
6	 500	 505	 5036	 5037
6	 5041	 5035	 5879	 559
6	 5873	 5879	 5035	 5852
6	 668	 741	 761	 5881
6	 668	 741	 5881	 681
6	 747	 741	 681	 5881
6	 5881	 668	 681	 5871
6	 681	 5881	 5871	 5846
6	 5846	 5200	 5189	 813
6	 681	 5881	 5846	 747
6	 5864	 5881	 5846	 5871
6	 761	 668	 5881	 622
6	 622	 761	 5872	 5881
6	 5872	 622	 5881	 5864
6	 622	 5881	 5864	 5871
6	 668	 622	 5871	 5881
6	 5881	 796	 813	 830
6	 796	 761	 830	 5881
6	 761	 796	 830	 814
6	 5216	 872	 889	 826
6	 898	 5216	 889	 921
6	 5859	 565	 5863	 545
6	 5862	 5865	 5863	 5882
6	 5889	 5882	 5865	 5862
6	 5863	 5857	 5862	 5838
6	 5865	 5863	 5882	 454
6	 793	 713	 782	 5883
6	 793	 713	 5883	 748
6	 5840	 713	 748	 5883
6	 5840	 713	 5883	 782
6	 5864	 5869	 5872	 5840
6	 5840	 5869	 5883	 5211
6	 5211	 5202	 5869	 5883
6	 5202	 5869	 5883	 5872
6	 782	 793	 5883	 769
6	 793	 5883	 769	 5213
6	 5212	 857	 922	 793
6	 857	 793	 769	 922
6	 769	 782	 784	 5883
6	 793	 5883	 5213	 5212
6	 5883	 5213	 5212	 5202
6	 793	 5883	 5212	 748
6	 793	 791	 748	 5212
6	 5020	 247	 228	 225
6	 247	 228	 225	 172
6	 633	 538	 622	 5864
6	 633	 5864	 5868	 538
6	 5868	 5864	 633	 5870
6	 622	 538	 5865	 5864
6	 622	 5865	 538	 545
6	 538	 622	 545	 556
6	 5868	 5864	 5865	 538
6	 633	 538	 5868	 582
6	 587	 538	 582	 5868
6	 521	 587	 5868	 538
6	 622	 605	 5871	 545
6	 545	 605	 556	 622
6	 5871	 5865	 622	 545
6	 582	 587	 5868	 5870
6	 5186	 5849	 5190	 5199
6	 5186	 740	 5849	 774
6	 5194	 5874	 5880	 5187
6	 5841	 359	 306	 336
6	 282	 305	 306	 5021
6	 5195	 799	 5188	 5884
6	 5195	 799	 5884	 801
6	 5195	 5194	 5884	 5188
6	 799	 5188	 5884	 5848
6	 856	 5201	 701	 760
6	 848	 760	 5201	 856
6	 480	 565	 422	 5028
6	 5863	 5859	 5853	 565
6	 5859	 565	 681	 5853
6	 5047	 5032	 518	 5038
6	 505	 5036	 5037	 567
6	 5030	 505	 5037	 517
6	 505	 5037	 517	 567
6	 306	 282	 5021	 318
6	 318	 282	 5021	 243
6	 530	 486	 5844	 517
6	 486	 5844	 517	 429
6	 5060	 5053	 5047	 5187
6	 889	 826	 814	 5216
6	 763	 716	 762	 737
6	 5210	 5202	 5214	 5872
6	 5213	 5212	 922	 793
6	 666	 5045	 679	 680
6	 666	 593	 603	 680
6	 254	 298	 260	 243
6	 711	 5197	 5187	 5875
6	 5875	 5197	 5187	 5874
6	 711	 5197	 5875	 707
6	 711	 5187	 5047	 5875
6	 5187	 5880	 5047	 5875
6	 5047	 5038	 5875	 5880
6	 5878	 5049	 5880	 5038
6	 5880	 5049	 5878	 5850
6	 5839	 5184	 5192	 5058
6	 5839	 5058	 5192	 5854
6	 370	 376	 453	 5845
6	 423	 453	 5845	 370
6	 5890	 5860	 5861	 5198
6	 5198	 5211	 5861	 5205
6	 760	 712	 848	 5183
6	 228	 5020	 225	 265
6	 518	 565	 480	 5028
6	 5028	 5032	 480	 518
6	 348	 328	 239	 5885
6	 326	 377	 5885	 342
6	 348	 342	 328	 5885
6	 326	 5024	 5020	 5885
6	 5885	 377	 326	 5024
6	 239	 348	 5885	 370
6	 5885	 239	 370	 281
6	 5885	 265	 239	 281
6	 5885	 239	 265	 228
6	 328	 326	 247	 5020
6	 5885	 5020	 326	 328
6	 228	 328	 5885	 239
6	 5024	 5020	 5885	 334
6	 5845	 5025	 5852	 362
6	 567	 629	 641	 5849
6	 5030	 5029	 438	 429
6	 5030	 5034	 5029	 5844
6	 5034	 5844	 5841	 5029
6	 5030	 5034	 5844	 5037
6	 5029	 5030	 5844	 429
6	 5030	 5844	 429	 517
6	 428	 517	 5030	 429
6	 444	 443	 409	 5852
6	 443	 362	 409	 5852
6	 444	 443	 5852	 5873
6	 370	 5885	 281	 376
6	 5885	 281	 376	 334
6	 376	 5885	 334	 5024
6	 334	 5024	 463	 376
6	 5024	 463	 376	 5025
6	 5041	 603	 559	 576
6	 603	 569	 559	 544
6	 530	 563	 517	 5844
6	 5214	 872	 5216	 826
6	 5214	 872	 826	 905
6	 826	 872	 888	 905
6	 603	 593	 569	 544
6	 593	 576	 544	 603
6	 550	 5867	 687	 657
6	 921	 889	 814	 5216
6	 814	 921	 5216	 796
6	 5215	 838	 754	 5205
6	 754	 5215	 5205	 5209
6	 5211	 5205	 5209	 768
6	 5838	 5858	 5856	 5882
6	 5882	 5856	 5838	 5862
6	 327	 358	 408	 5841
6	 370	 5885	 376	 5845
6	 370	 5885	 5845	 348
6	 5885	 5845	 348	 377
6	 348	 5845	 362	 377
6	 377	 5025	 5024	 5845
6	 5885	 5845	 377	 5024
6	 376	 5885	 5024	 5845
6	 629	 567	 563	 5866
6	 5213	 769	 793	 922
6	 318	 292	 5021	 5022
6	 5022	 5021	 318	 306
6	 336	 282	 306	 318
6	 318	 5022	 5841	 292
6	 5021	 5023	 292	 298
6	 5044	 5037	 567	 5042
6	 5866	 5037	 5042	 567
6	 5852	 5025	 5845	 453
6	 5025	 5845	 453	 376
6	 5852	 5025	 453	 475
6	 5025	 453	 475	 463
6	 463	 376	 5025	 453
6	 680	 667	 604	 5848
6	 667	 5848	 5842	 604
6	 680	 667	 5848	 712
6	 464	 421	 5028	 5026
6	 5026	 5841	 5843	 385
6	 565	 422	 5863	 454
6	 454	 545	 5863	 565
6	 565	 488	 422	 454
6	 5871	 545	 565	 5859
6	 454	 488	 545	 565
6	 488	 545	 466	 454
6	 5865	 5863	 454	 545
6	 454	 5865	 545	 466
6	 454	 422	 5863	 5843
6	 621	 5848	 639	 5842
6	 5870	 5872	 633	 782
6	 633	 5872	 784	 782
6	 5875	 5878	 5880	 5038
6	 5889	 521	 5868	 538
6	 5189	 747	 5846	 813
6	 5214	 5213	 905	 784
6	 905	 5214	 784	 826
6	 769	 888	 5213	 784
6	 784	 769	 5883	 5213
6	 888	 784	 826	 905
6	 888	 5213	 784	 905
6	 5884	 647	 533	 5877
6	 639	 533	 5884	 647
6	 647	 583	 578	 533
6	 737	 651	 752	 5190
6	 651	 737	 710	 5190
6	 5205	 5191	 5208	 758
6	 5208	 758	 5191	 740
6	 837	 740	 758	 5208
6	 5849	 730	 641	 5199
6	 686	 657	 687	 5211
6	 5208	 838	 5205	 758
6	 748	 791	 768	 5212
6	 5212	 878	 791	 768
6	 522	 5856	 5882	 525
6	 522	 415	 525	 5882
6	 550	 522	 525	 5856
6	 5882	 5856	 5862	 525
6	 5858	 5856	 5882	 522
6	 646	 5856	 522	 550
6	 550	 525	 5862	 5856
6	 525	 415	 426	 5882
6	 525	 426	 521	 5889
6	 5190	 698	 763	 5043
6	 243	 318	 292	 5021
6	 422	 5843	 464	 5028
6	 243	 242	 5021	 260
6	 298	 260	 243	 5021
6	 5045	 746	 719	 5185
6	 5185	 746	 5183	 5837
6	 5183	 5185	 5837	 712
6	 5183	 5185	 712	 848
6	 5185	 712	 848	 767
6	 680	 679	 755	 5045
6	 5033	 5028	 5863	 5853
6	 5853	 5033	 5838	 5863
6	 5863	 5853	 5857	 5838
6	 813	 5210	 5881	 5200
6	 813	 5881	 747	 5846
6	 813	 741	 747	 5881
6	 830	 761	 741	 5881
6	 5042	 5855	 5046	 5039
6	 5039	 5855	 5037	 5042
6	 292	 358	 327	 5841
6	 358	 292	 318	 5841
6	 5021	 292	 5023	 5022
6	 292	 5023	 5841	 327
6	 5841	 391	 5843	 359
6	 710	 590	 651	 5044
6	 590	 651	 5044	 641
6	 5043	 710	 5044	 5036
6	 567	 5044	 5849	 641
6	 5044	 590	 641	 567
6	 590	 5036	 567	 5044
6	 651	 710	 5044	 5190
6	 5849	 5199	 641	 5190
6	 5190	 5044	 651	 641
6	 5042	 5190	 5849	 5044
6	 5848	 659	 639	 701
6	 5029	 5841	 327	 408
6	 538	 466	 5865	 5889
6	 466	 545	 538	 5865
6	 466	 5865	 5882	 454
6	 740	 5191	 5866	 758
6	 5183	 5188	 5201	 5848
6	 799	 5188	 5848	 5201
6	 5848	 799	 5201	 701
6	 5848	 799	 701	 639
6	 799	 701	 639	 720
6	 5848	 799	 639	 5884
6	 639	 5848	 5884	 5842
6	 5194	 5203	 5874	 5197
6	 5875	 5187	 5880	 5874
6	 5874	 5194	 5197	 5187
6	 5875	 5877	 5874	 5880
6	 5875	 5880	 5878	 5877
6	 5195	 825	 801	 708
6	 768	 686	 748	 5211
6	 686	 687	 748	 5211
6	 362	 492	 5027	 443
6	 242	 5021	 260	 305
6	 282	 305	 5021	 242
6	 430	 5843	 454	 391
6	 5843	 430	 385	 359
6	 5194	 5180	 5850	 5188
6	 5850	 5194	 5188	 5884
6	 5195	 5884	 5194	 5874
6	 5188	 5850	 5884	 5848
6	 5850	 5884	 5848	 5842
6	 5879	 5877	 5850	 5842
6	 5877	 5850	 5842	 5884
6	 5842	 5877	 5884	 533
6	 5877	 468	 583	 533
6	 5881	 5872	 5888	 5210
6	 391	 426	 415	 5882
6	 5861	 5205	 657	 5191
6	 5861	 5191	 657	 758
6	 646	 5866	 758	 563
6	 740	 5866	 563	 758
6	 5188	 5180	 5850	 5183
6	 5837	 5183	 5848	 5850
6	 444	 409	 371	 5852
6	 409	 5845	 371	 5852
6	 755	 712	 680	 5837
6	 680	 755	 5837	 5045
6	 755	 712	 5837	 5185
6	 5862	 525	 5868	 5889
6	 377	 362	 5027	 5025
6	 5845	 362	 377	 5025
6	 358	 415	 408	 5841
6	 415	 522	 408	 5841
6	 5870	 582	 633	 5868
6	 5883	 5202	 5872	 5214
6	 5872	 5214	 784	 5883
6	 5020	 5885	 334	 265
6	 5885	 281	 334	 265
6	 5885	 228	 265	 5020
6	 5032	 5853	 518	 5028
6	 5040	 5032	 5028	 5853
6	 5838	 5033	 5853	 5040
6	 5199	 5190	 752	 651
6	 752	 5199	 651	 835
6	 5199	 835	 641	 651
6	 5044	 5190	 5849	 641
6	 5199	 651	 641	 5190
6	 748	 768	 5211	 5212
6	 5212	 5211	 878	 768
6	 5211	 748	 5212	 5883
6	 5211	 748	 5883	 5840
6	 813	 5881	 5210	 796
6	 5872	 5210	 5202	 5888
6	 5205	 758	 657	 5191
6	 761	 5872	 5881	 5210
6	 761	 5881	 796	 5210
6	 737	 5043	 710	 5190
6	 710	 5044	 5190	 5043
6	 737	 5043	 5190	 763
6	 737	 5043	 763	 716
6	 5190	 737	 763	 752
6	 5029	 327	 429	 408
6	 5038	 5876	 518	 5047
6	 5875	 610	 615	 5876
6	 5038	 5876	 5047	 5875
6	 5020	 225	 265	 334
6	 576	 603	 680	 5041
6	 576	 680	 603	 593
6	 5045	 666	 603	 680
6	 604	 576	 680	 5041
6	 576	 604	 5879	 5041
6	 5879	 576	 5041	 559
6	 408	 486	 429	 5029
6	 5844	 5029	 429	 486
6	 5841	 5844	 486	 5029
6	 5029	 5841	 408	 486
6	 533	 5842	 621	 639
6	 578	 621	 639	 533
6	 639	 578	 533	 647
6	 5884	 533	 639	 5842
6	 550	 657	 646	 5861
6	 646	 550	 5861	 5856
6	 5849	 567	 629	 5866
6	 292	 5023	 327	 254
6	 5023	 292	 298	 254
6	 292	 298	 254	 243
6	 292	 243	 5021	 298
6	 5027	 5035	 5031	 443
6	 492	 5038	 443	 514
6	 5852	 5025	 5031	 443
6	 5845	 409	 362	 5852
6	 5027	 362	 443	 5025
6	 5025	 443	 5852	 362
6	 674	 647	 639	 801
6	 720	 639	 801	 674
6	 639	 799	 801	 5884
6	 838	 754	 5205	 758
6	 5874	 5194	 5880	 5850
6	 5874	 5884	 5194	 5850
6	 5880	 5874	 5850	 5877
6	 5850	 5880	 5877	 5878
6	 698	 5044	 5043	 5190
6	 698	 5044	 5190	 5051
6	 5042	 5051	 5190	 5044
6	 391	 415	 358	 5841
6	 431	 487	 494	 5879
6	 431	 494	 467	 5879
6	 5203	 5874	 5197	 643
6	 5874	 708	 5195	 5884
6	 611	 708	 5884	 647
6	 5025	 5024	 5845	 376
6	 5862	 5868	 525	 550
6	 782	 784	 5883	 5872
6	 5882	 466	 454	 426
6	 5030	 5844	 517	 5037
6	 5877	 468	 533	 5879
6	 5879	 467	 468	 533
6	 563	 567	 517	 5844
6	 754	 657	 686	 5205
6	 768	 686	 5211	 5205
6	 754	 657	 5205	 758
6	 686	 657	 5211	 5205
6	 454	 5882	 426	 391
6	 5883	 5213	 5202	 5214
6	 228	 225	 172	 161
6	 5031	 5027	 443	 5025
6	 5049	 5050	 5041	 5850
6	 5041	 5049	 5850	 5878
6	 5877	 533	 5842	 5879
6	 5210	 796	 761	 814
6	 5214	 814	 5216	 5210
6	 5216	 814	 5214	 826
6	 464	 5843	 5026	 5028
6	 659	 760	 701	 5848
6	 659	 5848	 712	 760
6	 760	 701	 5848	 5201
6	 5848	 760	 5201	 5183
6	 5848	 760	 5183	 712
6	 5183	 5848	 712	 5837
6	 5848	 712	 5837	 680
6	 467	 468	 444	 5879
6	 444	 467	 5879	 431
6	 467	 444	 371	 431
6	 5842	 467	 5879	 533
6	 468	 5873	 444	 5879
6	 5879	 444	 431	 5852
6	 487	 5852	 423	 450
6	 5879	 444	 5852	 5873
6	 444	 431	 5852	 371
6	 494	 5879	 5842	 467
6	 707	 724	 5197	 643
6	 707	 643	 749	 724
6	 643	 749	 724	 5203
6	 5197	 5203	 643	 724
6	 5866	 5855	 5042	 5037
6	 5866	 5042	 5849	 567
6	 5211	 5202	 5883	 5212
6	 5837	 5850	 5848	 680
6	 5837	 5045	 5050	 680
6	 5850	 680	 5837	 5050
6	 5850	 680	 5041	 604
6	 5041	 5850	 604	 5879
6	 5850	 604	 5879	 5842
6	 5850	 604	 5842	 5848
6	 5850	 680	 604	 5848
6	 336	 358	 318	 5841
6	 358	 391	 5841	 336
6	 385	 5022	 5841	 306
6	 5874	 643	 707	 5197
6	 5197	 5874	 5875	 707
6	 5028	 5026	 5033	 5843
6	 5035	 559	 5031	 5852
6	 5035	 559	 5852	 5879
6	 5877	 611	 5874	 5884
6	 5874	 5877	 5884	 5850
6	 5877	 583	 611	 647
6	 639	 647	 5884	 801
6	 647	 5884	 801	 708
6	 5884	 801	 708	 5195
6	 5033	 5838	 5863	 5843
6	 5034	 5033	 5026	 5843
6	 646	 758	 5866	 5861
6	 415	 391	 5882	 5841
6	 391	 5882	 5841	 5843
6	 391	 5882	 5843	 454
6	 5863	 454	 5843	 5882
6	 415	 522	 5841	 5882
6	 5844	 646	 563	 5866
6	 5856	 5844	 5855	 5866
6	 5841	 5022	 5023	 292
6	 5843	 385	 464	 5026
6	 385	 5022	 464	 5026
6	 5838	 5841	 5843	 5034
6	 486	 522	 5841	 408
6	 318	 5022	 306	 5841
6	 5841	 5026	 5022	 385
6	 5841	 306	 359	 385
6	 336	 318	 306	 5841
6	 5841	 336	 391	 359
6	 5844	 5855	 5866	 5037
6	 563	 5844	 5866	 567
6	 5866	 5849	 740	 629
6	 5044	 567	 5849	 5042
6	 5884	 5877	 611	 647
6	 647	 583	 533	 5877
6	 687	 748	 5211	 5840
6	 5863	 5033	 5843	 5028
6	 5882	 5863	 5838	 5843
6	 5037	 517	 567	 5844
6	 518	 5853	 565	 5028
6	 5853	 565	 5028	 5863
6	 565	 5028	 5863	 422
6	 5028	 5863	 422	 5843
6	 5879	 576	 559	 5852
6	 5879	 431	 487	 5852
6	 544	 559	 576	 5852
6	 5872	 5214	 5210	 5886
6	 5216	 814	 796	 5210
6	 814	 5214	 5886	 5210
6	 567	 5037	 5844	 5866
6	 5841	 5838	 5843	 5882
6	 5841	 5838	 5882	 5858
6	 522	 5841	 5882	 5858
6	 826	 784	 725	 5886
6	 5214	 5213	 784	 5883
6	 443	 5873	 5035	 5852
6	 5035	 5031	 443	 5852
6	 550	 5867	 657	 5861
6	 5861	 5860	 5867	 5211
6	 5198	 5861	 5211	 5860
6	 5867	 5861	 5211	 657
6	 5211	 5867	 657	 687
6	 5861	 5211	 657	 5205
6	 657	 646	 5861	 758
6	 761	 814	 725	 5886
6	 826	 725	 814	 5886
6	 5872	 725	 784	 5886
6	 761	 725	 5872	 5886
6	 5049	 5054	 5050	 5887
6	 5054	 5049	 5182	 5887
6	 5054	 5182	 5180	 5887
6	 5054	 5180	 5050	 5887
6	 5050	 5850	 5049	 5887
6	 5050	 5180	 5850	 5887
6	 5880	 5049	 5850	 5887
6	 5049	 5880	 5182	 5887
6	 5180	 5194	 5850	 5887
6	 5194	 5180	 5182	 5887
6	 5194	 5880	 5850	 5887
6	 5182	 5880	 5194	 5887
6	 5869	 5202	 5198	 5193
6	 5210	 5200	 5202	 5888
6	 5202	 5869	 5872	 5888
6	 5869	 5864	 5872	 5888
6	 5881	 5864	 5846	 5888
6	 5846	 5200	 5881	 5888
6	 5888	 5200	 5881	 5210
6	 5872	 5864	 5881	 5888
6	 521	 426	 466	 5889
6	 466	 5882	 5889	 426
6	 5865	 466	 5882	 5889
6	 5889	 5868	 5865	 538
6	 5865	 5868	 5889	 5862
6	 525	 521	 5868	 5889
6	 5882	 525	 5862	 5889
6	 538	 521	 466	 5889
6	 5864	 5859	 5846	 5890
6	 5860	 5862	 5864	 5857
6	 5860	 5864	 5869	 5890
6	 5193	 5846	 5890	 5888
6	 5846	 5888	 5864	 5890
6	 5864	 5888	 5869	 5890
6	 5846	 5200	 5888	 5193
6	 5202	 5888	 5193	 5869
6	 5860	 5869	 5198	 5890
6	 5193	 5888	 5890	 5869
6	 5890	 5869	 5198	 5193
6	 5859	 5857	 5854	 5890
6	 5861	 5196	 5890	 5198
6	 5193	 5196	 5198	 5890
6	 5859	 5854	 5847	 5846
6	 5847	 5193	 5846	 5854
6	 5890	 5846	 5193	 5854
6	 5890	 5854	 5859	 5846
6	 5851	 5193	 5854	 5890
6	 5851	 5196	 5193	 5890
6	 5854	 5861	 5890	 5857
6	 5854	 5861	 5851	 5890
6	 5205	 5198	 5196	 5861
6	 5861	 5196	 5851	 5890
1	 4264	 2954	 4278	 4277
1	 4264	 2954	 4277	 2948
1	 4264	 2954	 2948	 2961
1	 4264	 2954	 2961	 4278
1	 1768	 1717	 1952	 4936
1	 1717	 4936	 1757	 1952
1	 4936	 4670	 1993	 1768
1	 3755	 3752	 3754	 4978
1	 3758	 3754	 4978	 3284
1	 4896	 66	 77	 4897
1	 66	 77	 4897	 78
1	 1072	 4909	 1264	 1134
1	 1072	 4909	 1134	 1193
1	 1151	 1072	 1193	 4909
1	 144	 3557	 137	 139
1	 144	 3557	 139	 3187
1	 144	 3557	 3187	 166
1	 144	 3557	 166	 143
1	 144	 3557	 143	 137
1	 284	 3228	 252	 184
1	 284	 3228	 184	 227
1	 284	 3228	 227	 3544
1	 1059	 1114	 978	 3080
1	 1114	 978	 3080	 1076
1	 999	 3020	 988	 1084
1	 1084	 1129	 1157	 1091
1	 3020	 1043	 1129	 1091
1	 999	 3020	 1043	 988
1	 1382	 1436	 1580	 1464
1	 1382	 3071	 1580	 1553
1	 1382	 3071	 1553	 1590
1	 1382	 3071	 1590	 1464
1	 3071	 1593	 1464	 1580
1	 1793	 1806	 1665	 1850
1	 1979	 1850	 1806	 1793
1	 1793	 1806	 1926	 1833
1	 1793	 1806	 1833	 1665
1	 2436	 3225	 2496	 2461
1	 2436	 3225	 2461	 4130
1	 2436	 3225	 4130	 2401
1	 2436	 3225	 2401	 2507
1	 2436	 3225	 2507	 2496
1	 2705	 4794	 2605	 2620
1	 2705	 4794	 2620	 4472
1	 2705	 4794	 4472	 2681
1	 2705	 4794	 2681	 2605
1	 2777	 3115	 2680	 2723
1	 2777	 3115	 2723	 2832
1	 2777	 3115	 2832	 2826
1	 2777	 3115	 2826	 2811
1	 2777	 3115	 2811	 2680
1	 1675	 1905	 1788	 1714
1	 1675	 1905	 1714	 1763
1	 1905	 1675	 1812	 4773
1	 1763	 4773	 3340	 1675
1	 1675	 1905	 1812	 1788
1	 2135	 4756	 2111	 1955
1	 2135	 4756	 1955	 4821
1	 2135	 4756	 4821	 2163
1	 2135	 4756	 2163	 2111
1	 488	 403	 454	 466
1	 488	 403	 466	 481
1	 488	 403	 481	 4515
1	 422	 430	 454	 488
1	 488	 4515	 4681	 3140
1	 506	 569	 475	 549
1	 569	 475	 549	 564
1	 680	 4731	 593	 576
1	 680	 4731	 576	 604
1	 680	 4731	 604	 3292
1	 680	 3292	 3299	 4731
1	 1298	 4700	 1109	 1079
1	 3005	 1298	 1079	 4700
1	 1298	 4700	 3164	 1214
1	 1298	 4700	 1214	 1109
1	 1839	 1807	 1915	 3361
1	 3361	 1915	 3021	 1807
1	 2284	 2307	 2323	 2398
1	 2323	 4956	 3204	 3366
1	 3204	 2391	 2398	 2307
1	 3009	 2653	 2607	 3069
1	 4669	 2561	 2597	 2607
1	 3069	 2561	 2607	 2597
1	 4669	 2597	 3009	 2607
1	 3069	 2561	 2635	 2607
1	 4943	 3018	 2557	 4135
1	 4135	 4134	 2557	 2476
1	 3018	 4134	 4135	 4131
1	 3018	 2651	 2557	 2589
1	 3344	 2484	 3018	 2527
1	 3344	 2484	 2527	 2442
1	 3344	 2484	 2442	 2393
1	 3344	 2484	 2393	 3062
1	 3344	 2484	 3062	 3018
1	 1937	 2067	 1924	 1848
1	 1937	 2067	 1848	 2021
1	 1937	 2067	 1977	 1924
1	 2067	 1924	 1848	 1978
1	 2067	 1848	 2021	 1978
1	 2067	 1977	 1924	 1978
1	 2533	 3073	 2609	 2647
1	 2533	 3073	 2647	 2559
1	 2533	 3073	 2559	 2532
1	 2533	 3073	 2532	 4806
1	 2533	 3073	 4806	 2609
1	 4354	 2617	 2542	 2672
1	 4354	 2617	 2672	 3962
1	 4354	 2617	 3962	 3128
1	 4354	 2617	 3128	 2509
1	 4354	 2617	 2509	 2542
1	 459	 3246	 4626	 3327
1	 459	 3246	 3327	 3135
1	 459	 3246	 316	 4626
1	 3246	 4626	 3327	 3068
1	 3246	 3327	 3135	 3068
1	 3246	 316	 4626	 3068
1	 362	 3155	 348	 328
1	 362	 3155	 328	 4510
1	 362	 3155	 4510	 409
1	 362	 3155	 409	 348
1	 4201	 2627	 3183	 4202
1	 4202	 3183	 2495	 2627
1	 4621	 412	 4629	 458
1	 4621	 412	 458	 295
1	 4621	 412	 295	 3171
1	 4621	 412	 3171	 4629
1	 2706	 3149	 2671	 2710
1	 2706	 3149	 2710	 2789
1	 2706	 3149	 2789	 4783
1	 3149	 4782	 4783	 2671
1	 2671	 3149	 2706	 4783
1	 2957	 3504	 2944	 3297
1	 2957	 3504	 3297	 3503
1	 2957	 3504	 3503	 3254
1	 3504	 3254	 2944	 3218
1	 4130	 2401	 3225	 4086
1	 4086	 3225	 2441	 2401
1	 3297	 2935	 2940	 3578
1	 3585	 3578	 3503	 2952
1	 3585	 2952	 2919	 3578
1	 489	 4534	 4535	 3314
1	 489	 4534	 3314	 446
1	 489	 4534	 446	 357
1	 489	 4534	 357	 509
1	 489	 4534	 509	 4535
1	 504	 3135	 4632	 4889
1	 504	 3135	 4889	 3247
1	 504	 3135	 3247	 459
1	 504	 3135	 459	 4632
1	 3253	 2188	 4452	 4453
1	 3253	 2188	 4453	 2170
1	 3253	 2188	 2170	 2129
1	 3253	 2188	 2129	 2137
1	 3253	 2188	 2137	 4452
1	 3397	 1450	 1310	 3192
1	 3397	 1450	 3192	 3346
1	 3397	 1450	 3346	 1567
1	 3397	 1450	 1567	 1310
1	 2046	 2149	 2161	 2006
1	 2046	 2149	 2006	 2029
1	 2046	 2149	 2029	 2030
1	 2124	 2030	 2110	 2046
1	 2046	 2124	 2161	 2110
1	 790	 3381	 836	 4696
1	 4696	 3381	 3416	 4976
1	 3416	 3277	 4976	 3381
1	 790	 3381	 3277	 843
1	 790	 3381	 843	 836
1	 3324	 3063	 24	 5015
1	 3063	 24	 34	 18
1	 879	 3203	 3401	 3425
1	 879	 3203	 3425	 928
1	 879	 3203	 928	 979
1	 879	 3203	 979	 3401
1	 3673	 3511	 3630	 3608
1	 3673	 3511	 3608	 3626
1	 3673	 3511	 3626	 3665
1	 3673	 3511	 3665	 3630
1	 3609	 4831	 3125	 4830
1	 3611	 3609	 3037	 4831
1	 3609	 4831	 3611	 3492
1	 3609	 4831	 3492	 3125
1	 3535	 3496	 3484	 3646
1	 3752	 3646	 3484	 3496
1	 3725	 3641	 3517	 3721
1	 3721	 3725	 4374	 3517
1	 3622	 1936	 1743	 4671
1	 1936	 3631	 4671	 3622
1	 3284	 3646	 3754	 3805
1	 3717	 3646	 3705	 3284
1	 3284	 3646	 3705	 3677
1	 3815	 3791	 3741	 3818
1	 3815	 3791	 3818	 3829
1	 3815	 3791	 3829	 3566
1	 3815	 3791	 3566	 3741
1	 4426	 3887	 3892	 4016
1	 4016	 3892	 3890	 3887
1	 4816	 3828	 4818	 3836
1	 3836	 3828	 4113	 3833
1	 3836	 4113	 3828	 4818
1	 4224	 4171	 3863	 4227
1	 4227	 3863	 4204	 4171
1	 4183	 3750	 4235	 4195
1	 4183	 3750	 4195	 4174
1	 4183	 3750	 4174	 3714
1	 4183	 3750	 3714	 4388
1	 4183	 3750	 4388	 4235
1	 4110	 4025	 4031	 4102
1	 4110	 4025	 4026	 4024
1	 4110	 4025	 4024	 4031
1	 3748	 4707	 3747	 4355
1	 3748	 4707	 4355	 3768
1	 3748	 4707	 3768	 1892
1	 3748	 4707	 1892	 3747
1	 4395	 4013	 4045	 4705
1	 4395	 2308	 4705	 4045
1	 1854	 3679	 4445	 4090
1	 3679	 4445	 4090	 4353
1	 4200	 2668	 2631	 4481
1	 4200	 4144	 2600	 2668
1	 2668	 4481	 4200	 4144
1	 4480	 2600	 4144	 2668
1	 2732	 2668	 4916	 4481
1	 271	 4567	 4572	 255
1	 219	 4567	 271	 255
1	 271	 4567	 4574	 4570
1	 271	 4567	 4570	 4572
1	 4369	 2563	 4367	 4368
1	 2563	 4367	 4368	 3122
1	 3896	 4789	 4400	 3894
1	 3896	 4789	 3894	 3893
1	 3896	 4789	 3893	 4900
1	 3896	 4789	 4900	 4401
1	 3896	 4789	 4401	 4400
1	 4670	 1757	 1717	 4936
1	 4670	 1757	 4936	 4671
1	 4670	 1757	 4671	 3398
1	 4670	 1757	 3398	 1717
1	 1227	 3090	 3079	 1137
1	 1227	 3090	 1137	 1225
1	 1227	 3090	 3357	 3079
1	 3090	 3079	 1137	 1210
1	 3090	 1137	 1225	 1210
1	 3090	 3357	 3079	 1210
1	 1425	 1363	 3108	 1319
1	 1425	 1363	 1319	 1573
1	 1425	 1363	 1573	 1491
1	 1425	 1363	 1491	 3108
1	 4699	 4004	 3999	 3966
1	 4699	 4004	 3966	 3061
1	 4699	 4004	 3061	 4001
1	 4699	 4004	 4001	 3999
1	 1387	 3005	 3164	 1298
1	 1387	 3005	 1298	 1451
1	 1387	 3005	 1451	 3406
1	 1387	 3005	 3406	 3164
1	 2644	 3331	 4141	 2628
1	 2644	 3331	 2628	 2662
1	 2644	 3331	 2662	 2685
1	 2644	 3331	 2685	 4143
1	 2644	 3331	 4143	 4141
1	 3894	 4028	 3882	 3886
1	 3894	 4028	 3886	 4356
1	 3894	 4028	 4356	 4400
1	 4967	 4400	 4397	 3882
1	 4397	 4028	 3882	 4400
1	 3676	 4749	 3876	 3650
1	 3676	 4749	 3650	 4838
1	 4838	 3676	 4749	 3532
1	 3532	 3310	 3876	 4749
1	 4756	 1989	 4715	 2087
1	 4715	 2087	 3475	 4756
1	 3602	 3475	 4821	 4838
1	 4838	 4715	 3475	 4756
1	 3475	 2087	 2111	 4756
1	 4604	 4615	 3171	 4606
1	 4604	 4615	 4606	 4610
1	 4604	 4615	 4610	 4722
1	 4604	 4615	 4722	 3171
1	 3096	 4843	 3369	 3043
1	 3096	 4843	 3043	 1467
1	 3096	 4843	 1467	 3768
1	 3096	 4843	 3768	 3369
1	 4264	 4279	 2961	 4266
1	 2961	 2983	 2986	 4279
1	 4065	 3076	 4709	 4794
1	 3076	 4709	 4794	 2661
1	 2160	 4001	 4000	 3083
1	 2160	 4001	 3083	 2197
1	 2160	 4001	 2197	 2092
1	 2160	 4001	 2092	 3415
1	 2160	 4001	 3415	 4000
1	 4759	 4803	 4801	 4798
1	 4759	 722	 3078	 4798
1	 4759	 4803	 3078	 3206
1	 4759	 4803	 3206	 4801
1	 2490	 2478	 3223	 4805
1	 2490	 2478	 4805	 2364
1	 2490	 2478	 2364	 4738
1	 2490	 2478	 4738	 3223
1	 2093	 4424	 2162	 3337
1	 2093	 4424	 3337	 2283
1	 2093	 4424	 2283	 2220
1	 2093	 4424	 2220	 2162
1	 3652	 230	 187	 4870
1	 249	 3652	 3348	 230
1	 3348	 3652	 3424	 3658
1	 3348	 3652	 3658	 4870
1	 187	 174	 4870	 230
1	 2699	 2641	 3249	 4729
1	 2641	 3249	 4729	 4877
1	 4371	 4032	 1841	 4030
1	 4713	 1841	 4030	 3220
1	 4371	 1841	 3220	 4030
1	 4713	 4030	 4022	 3220
1	 4861	 4854	 4856	 4772
1	 4854	 4772	 4871	 4868
1	 4854	 4868	 4871	 4706
1	 4854	 4868	 4706	 4856
1	 1980	 2022	 2220	 1995
1	 4675	 3181	 2173	 2220
1	 4786	 2724	 2741	 2659
1	 4786	 2724	 2659	 2663
1	 4786	 2724	 2663	 4128
1	 4786	 2724	 4128	 2888
1	 4786	 2724	 2888	 2741
1	 3209	 911	 941	 4845
1	 3209	 911	 4845	 3175
1	 3209	 911	 954	 941
1	 4783	 4786	 4122	 4126
1	 4783	 4786	 4126	 2888
1	 4783	 4786	 4123	 4122
1	 4786	 4122	 4126	 4128
1	 4786	 4126	 2888	 4128
1	 4786	 4123	 4122	 4128
1	 4710	 5002	 4306	 2236
1	 4710	 5002	 2236	 2201
1	 4710	 5002	 3839	 4306
1	 2370	 2236	 2376	 5002
1	 5002	 2236	 2201	 2370
1	 2370	 3839	 5002	 2376
1	 58	 241	 38	 3001
1	 58	 241	 3001	 5019
1	 5019	 4604	 58	 4722
1	 4722	 315	 241	 5019
1	 41	 58	 241	 38
1	 4329	 4367	 4319	 4880
1	 4329	 4367	 4880	 4874
1	 4329	 4367	 4874	 4366
1	 4329	 4367	 4366	 4319
1	 3004	 4472	 4049	 4794
1	 3004	 4472	 4794	 2760
1	 3004	 2753	 2899	 2788
1	 4472	 3004	 2881	 4919
1	 3004	 4472	 2881	 4049
1	 642	 680	 712	 3256
1	 642	 680	 3256	 3292
1	 642	 680	 3292	 3391
1	 642	 680	 3391	 3241
1	 642	 680	 3241	 712
1	 4725	 3323	 3129	 260
1	 4725	 3323	 260	 4859
1	 4725	 3323	 4859	 65
1	 4725	 3323	 65	 3129
1	 4909	 1216	 1352	 1281
1	 1216	 4909	 1072	 1151
1	 4909	 1216	 1072	 1264
1	 4909	 1216	 1264	 1352
1	 4307	 3243	 2309	 4198
1	 2309	 4198	 4095	 2462
1	 2309	 4198	 2462	 4307
1	 4198	 4095	 3434	 3243
1	 4896	 3190	 66	 4897
1	 4896	 3190	 4897	 265
1	 4896	 3190	 265	 205
1	 4896	 3190	 205	 66
1	 3086	 1700	 1605	 3087
1	 3086	 1700	 3087	 4810
1	 3086	 1700	 4810	 1685
1	 3086	 1700	 1685	 1605
1	 3079	 1129	 3020	 1099
1	 3079	 1129	 1099	 1210
1	 3079	 1129	 1210	 3357
1	 3079	 1129	 3357	 1084
1	 3079	 1129	 1084	 3020
2	 291	 5084	 258	 5068
2	 291	 5084	 5068	 399
2	 291	 5084	 399	 316
2	 291	 5084	 316	 258
2	 5073	 5092	 5076	 5069
2	 5073	 5092	 5069	 5093
2	 5073	 5092	 5093	 5090
2	 5073	 5092	 5090	 5087
2	 5073	 5092	 5087	 5076
3	 5112	 5115	 1300	 5156
3	 5115	 1300	 5156	 5117
3	 1294	 5140	 5148	 1364
3	 1294	 5140	 1364	 1279
3	 1294	 5140	 1279	 1251
3	 1294	 5140	 1251	 5148
3	 5150	 1396	 1566	 1440
3	 5142	 1440	 1396	 5173
3	 1573	 5158	 1319	 5169
3	 1573	 5158	 5169	 1644
3	 1573	 5158	 1644	 1543
3	 1573	 5158	 1543	 1335
3	 1573	 5158	 1335	 1319
3	 1817	 1729	 1776	 5139
3	 1817	 1729	 5139	 1878
3	 1817	 1729	 1813	 1776
3	 1776	 1690	 1503	 5139
3	 5170	 1729	 1800	 5139
3	 1690	 1813	 5134	 1776
3	 5174	 5155	 5161	 5177
3	 1933	 1889	 1904	 5174
3	 5174	 1876	 1904	 5161
3	 5165	 5157	 5161	 1904
4	 5366	 5380	 5345	 1555
4	 5366	 5380	 1555	 1515
4	 5337	 5306	 1289	 5380
4	 5380	 5345	 1555	 1655
4	 1515	 1656	 5334	 5380
4	 5380	 5337	 5345	 1655
4	 5511	 5560	 5651	 5653
4	 5560	 5653	 5654	 5651
4	 5560	 5727	 5654	 5655
4	 5560	 5727	 5655	 5509
4	 5479	 5486	 5560	 5497
4	 1733	 5372	 1551	 1783
4	 1733	 5372	 1783	 5275
4	 1733	 5372	 5275	 1650
4	 1733	 5372	 1650	 1551
4	 1938	 5314	 1926	 2123
4	 1938	 5314	 2123	 2006
4	 1938	 5314	 2006	 1955
4	 1938	 5314	 1955	 5640
4	 1938	 5314	 5640	 1926
4	 2136	 2087	 2233	 2124
4	 2087	 2233	 2124	 2191
4	 5113	 5310	 5111	 1168
4	 1289	 5310	 5335	 1168
4	 5113	 5310	 5105	 5111
4	 5310	 5111	 1168	 5346
4	 5310	 1168	 1289	 5346
4	 5310	 5346	 5448	 5097
4	 1377	 1229	 5259	 1345
4	 1377	 1229	 1345	 1407
4	 1377	 1229	 1407	 1292
4	 1377	 1229	 1292	 5259
4	 936	 5720	 896	 1021
4	 5720	 936	 5348	 1096
4	 936	 5720	 5348	 5237
4	 936	 5720	 5237	 896
4	 5412	 5242	 1125	 1112
4	 1124	 1182	 5519	 5412
4	 1182	 1041	 1112	 5412
4	 1124	 1208	 5519	 1182
4	 5242	 5519	 1182	 5412
4	 1289	 5124	 1334	 1396
4	 1396	 5366	 5124	 5322
4	 5124	 5306	 5367	 5366
4	 1289	 5124	 5306	 1334
4	 1670	 1796	 5735	 5256
4	 1796	 5694	 1670	 5739
4	 5597	 1541	 1703	 5255
4	 5597	 1541	 5255	 5599
4	 5597	 1541	 5599	 1446
4	 5597	 5324	 1571	 1513
4	 5597	 1541	 1571	 1703
4	 5447	 1373	 5267	 5634
4	 5634	 5267	 1361	 1373
4	 5299	 1173	 1269	 5279
4	 1246	 1269	 5279	 5648
4	 5279	 5115	 5648	 1269
4	 1130	 1047	 5328	 1098
4	 5303	 5328	 5492	 5350
4	 5239	 5328	 1184	 1130
4	 5328	 1130	 1098	 5329
4	 5328	 1098	 5303	 5329
4	 5328	 1184	 1130	 5329
4	 1071	 5472	 5481	 5474
4	 5472	 1071	 972	 1117
4	 5238	 912	 5472	 963
4	 5481	 5472	 1071	 963
4	 5469	 1242	 1260	 1103
4	 5469	 1242	 1103	 5390
4	 5469	 5390	 5404	 5453
4	 5571	 5453	 1242	 1260
4	 5574	 1260	 5469	 5453
4	 5681	 1122	 1189	 5682
4	 5672	 5681	 1122	 5673
4	 5679	 5674	 5673	 5675
4	 5672	 5681	 5675	 5682
4	 1189	 1198	 5682	 1122
4	 1413	 1306	 1360	 5515
4	 5519	 1306	 1247	 5524
4	 5515	 5420	 1306	 1360
4	 5401	 5612	 5377	 5606
4	 5401	 5612	 5606	 5416
4	 5437	 5401	 5416	 5736
4	 5437	 5609	 5736	 5416
4	 5401	 5612	 5736	 5377
4	 5291	 1907	 1864	 5632
4	 5307	 1907	 5684	 5632
4	 5632	 1615	 5222	 1864
4	 1864	 1907	 5222	 5632
4	 5632	 5291	 1615	 1864
4	 5703	 5295	 5097	 1100
4	 5295	 5097	 1100	 5105
4	 5427	 1504	 1576	 5670
4	 5670	 1576	 1615	 1504
4	 5478	 921	 5216	 5711
4	 5478	 921	 5711	 5274
4	 5478	 921	 5274	 796
4	 5478	 921	 796	 5216
4	 5437	 5738	 5691	 5609
4	 5437	 5738	 5609	 5416
4	 5437	 5738	 5416	 5282
4	 5282	 5437	 5738	 1512
4	 5355	 1397	 1345	 5383
4	 5355	 1397	 5383	 1516
4	 5355	 1397	 1516	 1427
4	 5355	 1397	 1427	 1345
5	 1911	 5756	 1865	 1948
5	 1911	 5756	 1948	 5769
5	 1911	 5756	 5769	 1792
5	 1911	 5756	 1792	 1865
5	 2185	 5760	 2336	 2354
5	 2185	 5760	 2354	 2213
5	 5821	 2185	 2176	 5825
5	 5821	 2185	 5760	 2336
5	 2336	 2127	 2256	 5821
5	 2122	 2249	 2054	 5770
5	 2249	 2054	 5770	 2215
5	 2429	 5763	 2310	 2444
5	 2429	 5763	 2444	 5781
5	 2429	 5763	 5781	 2403
5	 2429	 5763	 2403	 2310
5	 2481	 5775	 2519	 2568
5	 2481	 5775	 2568	 2573
5	 2481	 5775	 2573	 5789
5	 2481	 5775	 5789	 5820
5	 2481	 5775	 5820	 2519
5	 5770	 5780	 2215	 2260
5	 5770	 2260	 2337	 5780
5	 2377	 2374	 2215	 5780
5	 5780	 2377	 2249	 2215
5	 2374	 2337	 2260	 5780
5	 5808	 5773	 5807	 5817
5	 5799	 5780	 5808	 5813
5	 5784	 2236	 2376	 5794
5	 5784	 2236	 5794	 5833
5	 5784	 2236	 5833	 2369
5	 5784	 2236	 2369	 2376
6	 5872	 5210	 761	 5886
6	 5872	 5214	 5886	 784
6	 5214	 5886	 826	 814
6	 5886	 761	 814	 5210
6	 5179	 5849	 5190	 5186
6	 5179	 5849	 5186	 5181
6	 5179	 5849	 5181	 5042
6	 5179	 5849	 5042	 5190
6	 5060	 5839	 5184	 711
6	 5060	 5839	 711	 5048
6	 5060	 5839	 5048	 5058
6	 5060	 5839	 5058	 5184
6	 5862	 5861	 5860	 5867
6	 5862	 5861	 5867	 550
6	 5862	 5861	 550	 5856
6	 5862	 5861	 5856	 5857
6	 5862	 5861	 5857	 5860
6	 5876	 5878	 5875	 5038
6	 5049	 5038	 5047	 5880
1	 3007	 3022	 3228	 177
1	 1472	 1561	 1535	 1508
1	 3032	 3113	 4649	 4935
1	 4914	 2382	 4372	 2331
1	 36	 40	 51	 3324
1	 62	 73	 4610	 41
1	 2427	 2366	 2426	 2285
1	 1383	 1426	 1442	 1384
1	 2784	 2732	 4916	 2799
1	 62	 3190	 4595	 4596
1	 2770	 2830	 4471	 2823
1	 1521	 1430	 1667	 1533
1	 647	 3268	 4954	 674
1	 2835	 4809	 4481	 2843
1	 2323	 2163	 4948	 2307
1	 2017	 1836	 1971	 2043
1	 849	 3066	 867	 890
1	 3284	 3677	 3705	 1981
1	 3366	 2307	 3204	 2323
1	 3432	 3409	 4999	 3427
1	 2132	 2018	 2182	 3361
1	 3486	 2282	 3426	 2290
1	 2931	 3587	 3297	 3186
1	 4905	 3605	 3652	 3647
1	 4901	 3031	 3334	 3647
1	 676	 702	 3634	 3470
1	 3573	 3638	 3464	 3633
1	 3632	 3430	 3744	 3287
1	 3859	 3843	 3117	 3641
1	 4385	 3851	 4384	 3850
1	 4965	 3908	 3906	 3907
1	 3811	 3796	 3488	 3729
1	 3916	 3908	 4129	 3910
1	 3692	 3739	 4960	 3701
1	 2241	 2264	 3061	 3349
1	 4009	 3018	 4943	 4135
1	 4030	 4044	 4022	 4371
1	 3686	 2278	 3283	 3358
1	 3981	 4133	 4136	 4140
1	 3326	 4124	 4463	 4128
1	 4175	 4063	 4180	 4176
1	 4443	 4179	 4180	 4444
1	 2877	 4217	 4461	 4219
1	 3916	 4222	 4223	 4221
1	 4192	 3668	 3750	 4241
1	 4971	 4299	 4196	 4297
1	 4112	 3682	 3834	 4004
1	 4185	 4844	 4181	 4176
1	 4116	 3003	 1888	 4113
1	 4165	 2531	 3698	 4442
1	 4158	 3698	 4442	 4165
1	 2567	 4247	 4257	 4277
1	 4085	 3252	 4362	 4074
1	 4562	 3270	 4954	 4563
1	 4605	 4593	 4602	 4597
1	 3408	 3460	 3032	 3267
1	 4398	 4663	 4664	 3132
1	 1964	 2113	 4994	 1994
1	 2113	 1994	 2130	 4994
1	 2118	 2119	 4434	 3325
1	 4542	 311	 3544	 3081
1	 665	 706	 776	 3162
1	 3755	 4431	 1481	 3756
1	 3747	 1975	 1863	 1976
1	 4785	 2467	 4782	 3944
1	 2439	 3944	 4782	 2467
1	 275	 297	 4626	 4614
1	 3284	 1761	 4924	 3677
1	 2165	 3423	 4928	 4710
1	 3296	 2715	 3328	 2996
1	 3019	 1208	 1222	 1247
1	 15	 35	 4977	 30
1	 4444	 4062	 4440	 4442
1	 738	 762	 861	 817
1	 2993	 2983	 4287	 2986
1	 1558	 1756	 1649	 1681
1	 4145	 4143	 4144	 3115
1	 3446	 3166	 4687	 3049
1	 3063	 216	 8	 4890
1	 681	 668	 4544	 605
1	 1264	 1134	 4909	 1272
1	 4765	 4764	 3017	 1947
1	 4984	 4761	 4688	 4776
1	 3752	 3513	 4959	 3716
1	 2508	 2571	 2528	 4314
1	 3713	 2469	 4199	 4271
1	 4242	 4189	 4196	 4191
1	 3779	 4202	 3804	 2367
1	 4813	 3082	 2838	 2731
1	 1840	 1698	 1671	 4746
1	 3502	 2818	 3395	 4995
1	 3633	 3638	 3619	 4388
1	 1663	 1805	 4937	 1618
1	 3200	 3631	 4886	 4451
1	 1116	 1192	 1325	 4822
1	 1949	 3443	 4992	 4659
1	 2803	 2820	 2821	 3577
1	 530	 517	 563	 4820
1	 2185	 2354	 3143	 2213
1	 2989	 2997	 4835	 2988
1	 3443	 3096	 3207	 3351
1	 3702	 2163	 4821	 3602
1	 3095	 1246	 1171	 1236
1	 4186	 4324	 4973	 4326
1	 1610	 1393	 1405	 3258
1	 3029	 2042	 1970	 2169
1	 2122	 2281	 3029	 1970
1	 4819	 3236	 237	 333
1	 686	 673	 687	 672
1	 686	 657	 638	 687
1	 748	 686	 768	 673
1	 791	 768	 878	 904
1	 4574	 4581	 175	 271
1	 3288	 2422	 2355	 2301
1	 3059	 3030	 3234	 236
1	 1731	 1804	 4766	 1692
1	 4766	 1692	 3047	 1731
1	 3898	 2616	 2577	 4842
1	 2645	 2571	 3091	 4311
1	 521	 426	 525	 3322
1	 3258	 1610	 4942	 1405
1	 4834	 630	 562	 617
1	 3429	 811	 732	 3320
1	 265	 281	 334	 4898
1	 60	 66	 4896	 61
1	 4711	 258	 275	 4893
1	 3667	 3628	 3316	 3666
1	 888	 951	 5013	 785
1	 2400	 2350	 4956	 2505
1	 3175	 4698	 1010	 3209
1	 2853	 2869	 2875	 4124
1	 3067	 2374	 2260	 2388
1	 3548	 111	 3647	 3031
1	 226	 5011	 3538	 3605
1	 3383	 3860	 2337	 4885
1	 4885	 3709	 3860	 4899
1	 891	 783	 5001	 4647
1	 4165	 2606	 4162	 4052
1	 1725	 1622	 4910	 4371
1	 4828	 4062	 4689	 2928
1	 3321	 466	 4983	 521
1	 4993	 2743	 2737	 2702
1	 2743	 2702	 4993	 4921
1	 172	 4984	 4688	 93
1	 4519	 3689	 3545	 3688
1	 837	 3121	 3217	 740
1	 697	 789	 3159	 751
1	 4658	 2057	 1994	 2148
1	 4274	 2993	 2990	 4479
1	 2557	 2476	 4943	 4135
1	 4462	 3640	 3210	 3691
1	 1612	 1753	 3771	 4753
1	 1310	 1260	 4736	 1178
1	 212	 3605	 4905	 226
1	 112	 116	 124	 3334
1	 948	 840	 3365	 909
1	 4736	 1162	 1178	 1107
1	 2699	 2641	 2615	 3249
1	 4720	 3615	 4887	 3624
1	 162	 54	 183	 80
1	 3000	 54	 233	 183
1	 183	 171	 233	 3000
2	 280	 317	 5077	 304
2	 632	 564	 5081	 5079
2	 5066	 795	 5095	 753
2	 5090	 5072	 589	 5082
2	 5028	 492	 5093	 442
2	 5062	 5078	 5096	 739
2	 5095	 5059	 5062	 764
3	 5137	 1483	 1461	 1415
3	 5128	 5166	 5171	 5127
3	 5139	 1690	 5134	 1776
3	 1729	 1776	 5139	 5134
3	 5161	 1904	 5174	 5177
4	 5735	 1810	 5741	 1940
4	 2008	 1940	 1796	 5741
4	 1686	 1563	 5566	 1736
4	 5280	 5728	 5285	 5277
4	 5728	 5280	 5657	 5277
4	 5110	 1415	 1406	 5740
4	 1333	 1301	 1174	 5516
4	 5353	 1163	 1242	 5330
4	 5447	 5437	 5454	 5691
4	 5595	 5594	 5498	 5495
4	 5274	 5505	 5707	 824
4	 5449	 5485	 5505	 824
4	 824	 5204	 5274	 5407
4	 1247	 1413	 5524	 1306
4	 5727	 878	 904	 5715
4	 5211	 5715	 878	 5209
4	 1019	 967	 965	 5688
4	 967	 944	 965	 5467
4	 1929	 1749	 5640	 1928
4	 5699	 5467	 5406	 5183
4	 915	 817	 870	 5708
4	 5704	 5564	 5663	 5219
4	 1561	 1508	 1432	 5621
4	 5423	 5403	 5724	 5597
4	 5179	 5186	 5701	 5181
4	 5552	 5202	 5284	 5652
4	 5285	 5277	 5273	 5280
4	 5568	 5262	 5566	 5395
4	 5506	 5189	 5284	 5716
4	 5205	 5209	 5215	 5651
4	 5351	 5717	 5490	 1002
4	 5659	 5247	 5729	 5665
4	 5733	 5289	 2076	 1946
4	 5742	 5230	 2194	 5289
4	 5246	 5694	 1670	 5256
4	 5127	 1411	 5743	 1359
5	 5820	 5760	 2415	 2371
5	 2416	 2406	 5835	 2311
5	 5747	 1992	 5829	 1819
5	 5795	 5747	 5766	 5824
5	 5825	 5824	 2052	 5769
5	 1892	 5822	 1789	 5755
5	 5821	 5225	 5233	 5788
6	 464	 385	 402	 317
6	 5857	 5853	 5040	 5838
6	 5211	 5860	 5867	 5840
6	 492	 464	 442	 480
6	 5866	 758	 5191	 5861
1	 1795	 1835	 3058	 1822
1	 3044	 864	 4907	 816
1	 3159	 596	 697	 736
1	 2880	 2788	 3004	 2899
1	 768	 754	 4923	 672
1	 4032	 1827	 1841	 1930
1	 3444	 3464	 2815	 2841
1	 4735	 4724	 4736	 5007
3	 5178	 5155	 1812	 1875
1	 54	 5019	 43	 3000
1	 4306	 3822	 3839	 4929
1	 4710	 2165	 2236	 2237
1	 3113	 1107	 1162	 4724
1	 1260	 4736	 4735	 3213
4	 5252	 5591	 5610	 5600
1	 2828	 3345	 2815	 3444
1	 3055	 3473	 4993	 3599
1	 3755	 1482	 4431	 3045
1	 3975	 4431	 3045	 3771
1	 2788	 3004	 2760	 2787
4	 5712	 5330	 1027	 5239
4	 5715	 5651	 5653	 5511
3668
2003	 1625	 1755
1820	 2003	 1755
2003	 1777	 1961
2003	 1777	 1625
1920	 1777	 1961
183	 82	 162
82	 162	 80
86	 68	 55
86	 68	 169
1442	 1755	 1439
1439	 1556	 1438
1765	 1678	 1556
1678	 1715	 1565
1678	 1565	 1556
1678	 1765	 1845
1845	 1715	 1678
1984	 1906	 1845
1984	 2075	 1991
1984	 1920	 2075
1984	 1845	 1920
1438	 1556	 1565
1556	 1625	 1765
1556	 1439	 1625
3	 179	 180
179	 180	 213
1286	 1320	 1438
1286	 1438	 1565
1438	 1320	 1439
1715	 1727	 1601
1601	 1727	 1674
59	 162	 54
278	 32	 241
180	 167	 16
180	 167	 200
2225	 2075	 2175
2064	 2175	 2075
2064	 2077	 2175
2239	 2077	 2154
75	 87	 86
87	 86	 173
1756	 1832	 1820
1756	 1755	 1820
1777	 1625	 1765
1765	 1777	 1845
1777	 1845	 1920
1565	 1601	 1715
1394	 1565	 1601
1526	 1394	 1601
1394	 1307	 1565
1286	 1565	 1307
1297	 1203	 1280
49	 68	 52
68	 52	 182
1919	 1859	 2001
141	 154	 153
2748	 2746	 2747
2591	 2653	 2607
1101	 1067	 952
1291	 1156	 1101
1295	 1291	 1101
1101	 1212	 1295
1243	 1323	 1295
2804	 2801	 2808
637	 635	 664
1884	 1901	 1824
1935	 2106	 1922
1674	 1601	 1526
1394	 1436	 1526
1804	 1633	 1881
2484	 2527	 2557
42	 49	 52
182	 149	 52
149	 52	 42
2132	 2028	 1913
2078	 2217	 2028
2028	 2078	 2017
1896	 1821	 2017
2482	 2473	 2440
1901	 1884	 2033
1315	 1409	 1475
2168	 2272	 2169
2168	 2272	 2279
2239	 2154	 2304
122	 116	 113
874	 788	 831
547	 528	 596
1968	 2041	 2014
2014	 2155	 2041
2155	 2014	 2053
2053	 2214	 2155
1912	 1969	 2014
2041	 2155	 2154
2041	 2154	 2077
2261	 2214	 2053
1969	 2055	 2053
2053	 2014	 1969
2304	 2154	 2155
2261	 2214	 2347
197	 199	 251
1277	 1320	 1201
2547	 2586	 2465
2804	 2801	 2805
2801	 2729	 2805
1560	 1506	 1663
572	 510	 534
1409	 1475	 1537
302	 283	 312
2550	 2454	 2455
322	 273	 290
2063	 1986	 1959
864	 956	 816
1718	 1663	 1560
971	 1055	 1007
2272	 2279	 2450
2279	 2450	 2296
2178	 2279	 2168
2168	 2178	 2106
2156	 2280	 2216
2179	 2180	 1978
2017	 1821	 2028
1821	 1913	 2028
1821	 1618	 1719
1548	 1692	 1529
1400	 1351	 1204
1356	 1355	 1219
414	 388	 437
1180	 1142	 1256
570	 600	 540
570	 649	 600
13	 24	 17
244	 320	 250
2306	 2264	 2190
1201	 1146	 1277
2484	 2383	 2393
18	 6	 10
1065	 1088	 1142
859	 907	 869
907	 869	 880
869	 859	 800
2348	 2452	 2342
346	 373	 290
932	 977	 976
1297	 1298	 1203
2754	 2725	 2686
290	 289	 346
2683	 2647	 2609
177	 153	 142
356	 372	 439
1089	 1045	 1022
934	 1022	 1045
2569	 2551	 2605
866	 821	 765
1137	 1084	 1076
1084	 988	 1076
1157	 999	 1084
1137	 1084	 1227
1137	 1114	 1076
13	 147	 4
147	 192	 146
147	 146	 4
146	 4	 6
392	 310	 363
2703	 2731	 2751
2243	 2116	 2192
1605	 1487	 1553
1605	 1487	 1589
1589	 1605	 1671
1605	 1553	 1685
1392	 1382	 1553
956	 864	 894
528	 547	 497
812	 818	 690
1978	 2138	 2179
2686	 2645	 2652
2746	 2774	 2747
2802	 2774	 2821
2774	 2796	 2747
2774	 2796	 2802
842	 958	 834
2175	 2225	 2270
2175	 2295	 2270
2175	 2295	 2239
1105	 1172	 1126
1105	 1126	 1031
167	 202	 168
167	 168	 20
1766	 1818	 1657
1526	 1674	 1580
2714	 2707	 2713
949	 833	 931
1376	 1442	 1439
1426	 1484	 1442
1320	 1376	 1439
1755	 1625	 1439
994	 1064	 954
943	 1022	 934
1968	 2003	 1820
2675	 2665	 2768
932	 976	 975
1236	 1305	 1172
333	 369	 383
2979	 2720	 2762
2979	 2971	 2970
1906	 1984	 1991
497	 547	 470
3	 1	 179
1	 179	 155
179	 213	 155
2055	 2053	 2261
2736	 2684	 2697
609	 592	 575
2048	 1931	 1887
137	 143	 141
143	 141	 154
141	 133	 137
133	 136	 141
154	 153	 177
142	 141	 153
154	 177	 184
2225	 2075	 2144
572	 515	 510
482	 502	 546
2643	 2723	 2680
846	 731	 810
2389	 2328	 2408
1106	 1164	 1068
2804	 2828	 2808
1165	 1140	 1069
1378	 1350	 1272
2539	 2599	 2650
1666	 1835	 1897
689	 588	 539
624	 619	 743
1906	 1715	 1845
2617	 2509	 2596
1835	 1822	 1972
1835	 1897	 1972
1262	 1549	 1347
1766	 1657	 1574
2457	 2443	 2395
571	 655	 557
2190	 2045	 2264
750	 694	 771
1859	 2001	 2010
1549	 1428	 1398
434	 474	 373
2562	 2514	 2576
2274	 2329	 2349
2108	 2349	 2138
2274	 2138	 2349
2733	 2683	 2664
1824	 1884	 1916
2687	 2682	 2727
1708	 1835	 1550
1708	 1835	 1794
1315	 1409	 1422
2591	 2607	 2560
345	 346	 303
289	 303	 346
320	 321	 250
2672	 2710	 2671
1223	 1237	 1200
1223	 1395	 1237
1500	 1395	 1223
1237	 1200	 1128
1237	 1128	 1249
1194	 1282	 1303
1303	 1378	 1272
1303	 1272	 1194
1254	 1385	 1282
1303	 1282	 1385
721	 676	 625
2536	 2417	 2418
2536	 2418	 2503
697	 684	 608
330	 267	 331
845	 776	 759
1214	 1298	 1366
1219	 1356	 1552
968	 871	 926
485	 479	 562
479	 485	 471
213	 262	 200
113	 122	 111
2075	 1991	 2144
2063	 1986	 2102
2677	 2720	 2696
361	 295	 412
142	 177	 198
1320	 1277	 1376
1927	 1954	 1809
1809	 1784	 1927
223	 214	 7
11	 7	 148
7	 148	 214
1378	 1350	 1429
199	 198	 197
1833	 1596	 1665
689	 588	 613
1200	 1223	 1172
2001	 1919	 1959
1919	 1859	 1844
1662	 1529	 1692
288	 272	 294
1426	 1291	 1295
1470	 1426	 1295
1426	 1484	 1470
1295	 1323	 1470
812	 818	 853
1818	 1919	 1766
983	 853	 911
1682	 1595	 1707
2564	 2599	 2505
807	 833	 735
807	 833	 931
1196	 1180	 1256
1196	 1256	 1444
664	 637	 690
1484	 1470	 1559
1203	 1280	 1150
1280	 1297	 1324
1025	 1075	 1020
69	 51	 40
2591	 2653	 2634
2748	 2746	 2709
1530	 1471	 1585
2604	 2627	 2495
1291	 1376	 1426
2527	 2557	 2651
1633	 1692	 1804
1692	 1633	 1548
1553	 1580	 1685
2745	 2761	 2862
2761	 2862	 2860
1935	 2106	 1910
2106	 1922	 2042
2551	 2507	 2569
1671	 1589	 1840
388	 485	 471
2225	 2268	 2144
36	 17	 24
2936	 2781	 2780
2781	 2780	 2695
2931	 2781	 2936
2780	 2695	 2725
2725	 2779	 2780
2936	 2905	 2779
2936	 2905	 2931
816	 956	 942
2440	 2482	 2424
2675	 2665	 2630
140	 144	 139
834	 794	 729
729	 818	 842
842	 729	 834
1065	 1088	 955
2739	 2764	 2773
312	 302	 351
1106	 1164	 1228
222	 188	 208
188	 178	 222
1025	 975	 976
2751	 2703	 2658
434	 474	 551
1378	 1560	 1429
1378	 1506	 1560
1429	 1560	 1586
1506	 1618	 1472
1718	 1664	 1586
1560	 1586	 1718
1618	 1472	 1719
1719	 1472	 1535
1618	 1896	 1805
1977	 1924	 1805
1896	 1977	 1805
1978	 1977	 2138
2482	 2473	 2538
743	 624	 634
572	 573	 534
437	 414	 499
460	 414	 499
1881	 1778	 1633
1804	 1922	 1881
1901	 1824	 1725
48	 62	 66
273	 290	 240
2576	 2562	 2619
2673	 2634	 2621
1074	 1020	 1145
1142	 1217	 1256
1142	 1217	 1045
2686	 2754	 2652
2652	 2670	 2754
2686	 2616	 2725
2686	 2616	 2645
557	 571	 535
1172	 1126	 1200
1775	 1527	 1499
609	 592	 665
834	 958	 916
1906	 2034	 1991
1906	 2034	 1982
1991	 2144	 2034
1727	 1906	 1982
1060	 1059	 998
2216	 2156	 2065
1379	 1367	 1399
32	 39	 38
38	 32	 203
32	 241	 203
39	 38	 58
32	 39	 26
217	 32	 278
1064	 954	 1070
290	 289	 240
322	 273	 261
1400	 1430	 1351
2156	 2280	 2188
2280	 2216	 2341
2683	 2664	 2609
2609	 2618	 2664
2338	 2078	 2217
645	 526	 570
393	 434	 346
346	 345	 393
393	 434	 503
1069	 1165	 1195
1022	 1089	 1066
1537	 1746	 1809
2731	 2717	 2703
2731	 2751	 2809
1277	 1291	 1376
528	 596	 585
842	 958	 1039
842	 853	 1039
2085	 2147	 2129
2147	 2170	 2129
2189	 2172	 2289
2351	 2172	 2330
2172	 2289	 2351
2330	 2351	 2427
251	 197	 245
955	 996	 1088
2582	 2535	 2475
914	 900	 715
914	 900	 923
116	 113	 100
2116	 2192	 1988
2192	 1988	 2096
2680	 2594	 2711
2564	 2599	 2654
59	 54	 43
1480	 1477	 1488
2830	 2771	 2831
1671	 1605	 1700
6	 4	 18
13	 4	 18
2683	 2647	 2688
2455	 2550	 2595
2455	 2595	 2382
2550	 2454	 2604
372	 439	 465
2664	 2733	 2657
2010	 2234	 2223
2234	 2223	 2308
1529	 1548	 1451
1146	 1067	 1156
1067	 1101	 1156
534	 490	 510
2270	 2225	 2360
331	 330	 411
392	 310	 287
2650	 2539	 2581
1088	 1142	 1045
186	 25	 149
42	 25	 149
25	 42	 14
1217	 1265	 1355
1265	 1355	 1119
1045	 1089	 1265
1265	 1045	 1217
1089	 1265	 1119
2765	 2792	 2987
302	 283	 222
1585	 1530	 1568
2538	 2585	 2623
1050	 1169	 1186
864	 789	 816
1491	 1395	 1500
1500	 1491	 1527
1491	 1395	 1363
1395	 1363	 1287
1395	 1287	 1249
1249	 1395	 1237
697	 684	 789
1683	 1587	 1636
2979	 2971	 2790
2762	 2979	 2790
2738	 2762	 2677
2762	 2790	 2738
2677	 2634	 2738
2634	 2738	 2673
2452	 2342	 2419
2725	 2778	 2779
2355	 2239	 2304
765	 866	 845
2672	 2710	 2687
2164	 2088	 2200
1931	 1887	 1725
1108	 1186	 1261
1108	 1186	 1050
2503	 2490	 2575
2085	 2113	 1936
1953	 1936	 2085
2401	 2441	 2507
2643	 2723	 2685
2680	 2811	 2711
546	 502	 508
479	 562	 592
926	 968	 998
2048	 1931	 1990
223	 214	 261
1388	 1463	 1531
57	 47	 51
57	 47	 65
47	 51	 36
2348	 2452	 2388
2342	 2348	 2195
2585	 2523	 2538
1487	 1369	 1392
1487	 1392	 1553
1392	 1369	 1267
1369	 1267	 1285
1718	 1664	 1848
729	 690	 818
818	 842	 853
940	 950	 1008
950	 851	 940
1959	 2063	 2001
1986	 1959	 1908
136	 141	 142
810	 846	 884
866	 821	 943
821	 765	 722
2987	 2984	 2980
2395	 2457	 2308
600	 540	 571
299	 314	 268
314	 268	 300
2407	 2364	 2341
373	 346	 434
2634	 2621	 2591
2274	 2366	 2180
2366	 2180	 2109
2330	 2109	 2366
2172	 2109	 2330
2109	 2180	 2044
2180	 2044	 1978
2044	 2109	 2114
2114	 2109	 2172
1171	 1111	 1207
2747	 2796	 2748
6	 10	 2
10	 18	 34
759	 845	 885
2389	 2328	 2327
31	 159	 21
236	 159	 181
21	 31	 53
1731	 1951	 1847
1707	 1950	 1779
2547	 2586	 2626
2586	 2465	 2598
262	 200	 299
56	 55	 37
2561	 2472	 2522
2513	 2472	 2561
853	 911	 828
484	 387	 393
361	 295	 263
2727	 2687	 2742
439	 356	 329
356	 372	 307
2551	 2605	 2620
2605	 2569	 2661
1768	 1584	 1568
1584	 1568	 1462
1568	 1717	 1768
608	 697	 596
547	 596	 608
731	 723	 846
180	 213	 200
213	 232	 155
363	 392	 427
310	 363	 311
1436	 1526	 1580
978	 1076	 988
288	 272	 208
853	 1039	 983
2990	 2994	 2988
2268	 2144	 2151
2665	 2768	 2716
2768	 2675	 2729
2243	 2116	 2160
2720	 2677	 2762
2979	 2720	 2713
1968	 1820	 1912
1832	 1820	 1912
2014	 1912	 1968
1832	 1912	 1767
1219	 1369	 1552
1369	 1552	 1487
2687	 2682	 2672
1119	 1285	 1219
1219	 1119	 1355
1356	 1355	 1421
1356	 1538	 1552
1617	 1559	 1634
1617	 1559	 1484
1832	 1617	 1756
829	 794	 916
794	 834	 916
2669	 2694	 2758
7	 223	 189
7	 189	 11
235	 274	 285
1105	 1172	 1171
2328	 2408	 2273
2596	 2617	 2646
2509	 2596	 2502
146	 192	 235
2441	 2507	 2551
2496	 2507	 2569
2842	 2847	 2840
2250	 2159	 2231
1768	 1584	 1707
1595	 1707	 1584
2577	 2571	 2645
1007	 993	 931
949	 833	 941
1079	 1150	 1203
1203	 1079	 1298
1952	 2129	 2137
871	 926	 987
968	 871	 811
546	 482	 599
2813	 2784	 2799
2730	 2799	 2783
2799	 2783	 2813
470	 497	 400
86	 173	 169
86	 55	 75
1897	 1972	 2020
619	 555	 682
555	 682	 642
619	 742	 743
1298	 1366	 1387
1355	 1217	 1328
1969	 2016	 2055
288	 350	 294
2495	 2526	 2627
1165	 1140	 1253
1140	 1069	 993
49	 68	 37
68	 182	 169
68	 55	 37
49	 37	 27
49	 27	 42
2684	 2697	 2619
2736	 2684	 2715
2457	 2443	 2529
2443	 2395	 2445
1068	 1016	 1106
1164	 1068	 1150
2988	 2990	 2982
2971	 2790	 2953
274	 285	 330
274	 330	 267
2807	 2825	 2798
231	 135	 219
135	 134	 165
135	 219	 165
704	 729	 794
2751	 2740	 2660
267	 331	 339
765	 776	 845
776	 759	 706
694	 771	 785
792	 823	 779
196	 197	 245
1256	 1328	 1444
2341	 2407	 2319
470	 547	 579
470	 374	 400
303	 345	 285
994	 1064	 1030
954	 994	 941
804	 806	 695
2306	 2264	 2305
1331	 1307	 1394
1295	 1243	 1212
2539	 2599	 2516
2599	 2650	 2654
1323	 1261	 1347
1549	 1347	 1398
1347	 1323	 1398
1323	 1398	 1470
562	 485	 554
485	 554	 499
1995	 2009	 1916
1818	 1657	 1730
412	 361	 441
2261	 2318	 2347
1274	 1318	 1207
1475	 1318	 1274
1475	 1318	 1477
2424	 2491	 2523
1367	 1253	 1179
1165	 1253	 1179
1179	 1367	 1351
1682	 1595	 1634
369	 383	 388
823	 779	 847
2217	 2132	 2290
2028	 2217	 2132
2217	 2290	 2390
2296	 2450	 2316
2472	 2450	 2316
274	 235	 192
787	 841	 788
2713	 2714	 2722
2714	 2707	 2656
2635	 2707	 2656
2656	 2561	 2635
1283	 1315	 1274
1283	 1315	 1342
1283	 1342	 1152
1470	 1559	 1428
144	 207	 166
207	 166	 188
188	 207	 208
1236	 1305	 1381
1305	 1381	 1500
2489	 2355	 2431
2417	 2489	 2431
2355	 2304	 2387
2431	 2355	 2387
2347	 2214	 2387
2304	 2387	 2214
2304	 2214	 2155
2489	 2355	 2422
592	 575	 479
575	 609	 598
268	 299	 200
299	 314	 365
2495	 2604	 2454
2397	 2338	 2343
2217	 2338	 2390
2338	 2343	 2390
1477	 1488	 1475
2088	 2200	 2174
625	 721	 662
520	 524	 519
524	 519	 513
655	 557	 662
571	 655	 600
2984	 2980	 2975
978	 920	 946
988	 920	 978
2562	 2514	 2545
2985	 2995	 2996
2985	 2995	 2977
2940	 2944	 2935
2940	 2944	 2957
56	 20	 37
2505	 2564	 2580
2599	 2505	 2516
2548	 2602	 2603
1499	 1527	 1500
248	 356	 329
2441	 2314	 2401
2683	 2721	 2733
1141	 1160	 1070
1160	 1070	 1039
2944	 2935	 2945
165	 195	 219
2979	 2981	 2992
2979	 2992	 2713
2981	 2979	 2970
1315	 1274	 1475
1274	 1283	 1104
1283	 1104	 1152
1603	 1627	 1730
1603	 1449	 1627
1627	 1657	 1730
960	 952	 1067
1026	 960	 1067
847	 932	 975
977	 823	 932
847	 823	 932
823	 797	 918
823	 797	 792
823	 918	 977
540	 526	 570
2575	 2503	 2618
673	 693	 792
535	 446	 489
1351	 1204	 1179
555	 642	 519
524	 344	 520
1951	 1847	 1895
1731	 1951	 1923
2621	 2673	 2676
1794	 2019	 1822
1835	 1794	 1822
1530	 1471	 1348
531	 477	 507
507	 531	 581
507	 433	 477
531	 477	 410
1368	 1401	 1196
1444	 1368	 1196
2660	 2751	 2658
2740	 2751	 2809
2809	 2740	 2776
2809	 2819	 2776
2164	 2088	 2096
47	 36	 21
2980	 2987	 2974
2987	 2984	 2792
2298	 2198	 2118
2118	 2298	 2143
2198	 2118	 2252
2869	 2868	 2892
2999	 2728	 2757
2757	 2999	 2795
2998	 2795	 2995
2999	 2795	 2998
2996	 2995	 2795
2427	 2366	 2330
2364	 2341	 2318
588	 539	 508
1485	 1619	 1708
1708	 1485	 1550
2628	 2663	 2662
48	 61	 66
2137	 1952	 1993
2492	 2630	 2506
2506	 2492	 2427
2308	 2395	 2325
892	 893	 875
893	 875	 962
1101	 1034	 1212
1034	 1108	 1212
112	 116	 108
1038	 1029	 982
1038	 1029	 1134
2996	 2985	 2974
1231	 1252	 1339
2005	 1914	 1720
1914	 2005	 2080
2005	 2080	 2030
2080	 2030	 2110
2159	 2110	 2080
2044	 2114	 1850
1850	 2044	 1848
2232	 2344	 2283
2232	 2093	 2283
2271	 2257	 2326
2288	 2326	 2257
2585	 2623	 2690
2623	 2538	 2555
2959	 2755	 2781
2959	 2781	 2953
2770	 2823	 2817
2823	 2840	 2817
2551	 2588	 2620
181	 236	 339
1029	 982	 971
2577	 2529	 2479
1065	 995	 955
1580	 1674	 1685
2442	 2358	 2467
2442	 2358	 2393
2665	 2630	 2678
231	 135	 191
2782	 2716	 2768
931	 949	 993
248	 307	 230
248	 356	 307
2868	 2892	 2888
2140	 2045	 2241
345	 387	 393
393	 503	 484
1849	 1833	 1793
2034	 1982	 2049
1430	 1400	 1533
1533	 1665	 1693
1430	 1665	 1533
1665	 1430	 1596
1693	 1665	 1850
1533	 1586	 1693
285	 235	 303
1128	 1249	 1114
1249	 1137	 1114
1775	 1592	 1751
1499	 1775	 1592
1499	 1381	 1592
1592	 1511	 1724
2289	 2189	 2157
2189	 2172	 2114
2223	 2010	 2183
1084	 1227	 1157
1171	 1111	 1105
2603	 2548	 2639
2582	 2500	 2475
2535	 2475	 2409
1961	 1920	 2064
1920	 2064	 2075
2729	 2801	 2768
2351	 2425	 2289
2425	 2289	 2350
2814	 2843	 2835
1356	 1538	 1421
978	 1059	 946
1039	 983	 1070
1977	 2043	 1896
2017	 2043	 2078
2108	 2078	 2349
2078	 2108	 2043
1977	 2043	 2138
2108	 2043	 2138
1256	 1217	 1328
673	 644	 693
673	 644	 581
644	 581	 599
398	 388	 414
398	 388	 383
398	 414	 381
2804	 2828	 2829
2782	 2768	 2801
2030	 2029	 1866
1408	 1324	 1213
45	 29	 46
29	 56	 45
1408	 1324	 1517
881	 648	 815
815	 881	 869
2746	 2774	 2749
546	 613	 612
546	 599	 612
2264	 2305	 2241
2020	 2045	 2140
36	 40	 24
13	 24	 18
2427	 2426	 2492
2426	 2525	 2492
2426	 2525	 2329
2274	 2426	 2366
2426	 2329	 2274
1530	 1348	 1462
1530	 1462	 1568
1743	 1471	 1585
900	 715	 802
881	 914	 715
669	 881	 715
2378	 2243	 2197
2378	 2243	 2432
2243	 2192	 2432
881	 648	 669
811	 723	 846
2019	 2079	 2092
2079	 2092	 2160
2019	 2079	 1925
2696	 2707	 2720
2975	 2970	 2957
2970	 2981	 2975
319	 249	 277
319	 307	 249
307	 230	 249
802	 726	 892
802	 892	 900
900	 923	 892
1809	 1784	 1537
2634	 2653	 2677
1324	 1213	 1280
606	 560	 469
606	 469	 495
560	 606	 634
648	 560	 634
815	 648	 634
2282	 2182	 2290
2132	 2290	 2182
2326	 2271	 2316
892	 803	 875
892	 893	 923
828	 664	 812
2313	 2391	 2434
2398	 2434	 2516
2398	 2434	 2391
1431	 1666	 1495
1495	 1431	 1401
177	 184	 199
2850	 2829	 2859
723	 732	 653
618	 653	 642
685	 618	 543
723	 731	 685
723	 811	 732
732	 642	 653
810	 829	 884
2282	 2182	 2058
2058	 2182	 2018
2058	 2018	 2020
570	 645	 649
648	 645	 560
648	 645	 669
2434	 2581	 2539
2818	 2836	 2816
602	 591	 671
602	 591	 597
671	 591	 690
542	 597	 602
704	 631	 542
602	 542	 704
602	 671	 729
704	 602	 729
699	 704	 794
631	 704	 699
699	 685	 631
542	 597	 498
2058	 2282	 2140
136	 198	 142
198	 131	 136
136	 133	 131
131	 125	 133
197	 196	 198
177	 199	 198
251	 252	 199
252	 310	 251
118	 125	 111
245	 287	 349
245	 287	 251
287	 349	 404
226	 337	 277
226	 337	 349
245	 226	 349
337	 349	 404
337	 277	 379
127	 137	 133
132	 127	 119
140	 132	 139
512	 631	 543
543	 512	 462
512	 511	 462
543	 631	 685
2940	 2957	 2952
2957	 2952	 2975
2935	 2919	 2940
2935	 2945	 2931
2935	 2931	 2915
2859	 2873	 2879
786	 689	 650
2859	 2850	 2879
2879	 2887	 2894
2879	 2894	 2873
2878	 2879	 2850
2474	 2399	 2540
2305	 2399	 2322
2357	 2322	 2399
2305	 2399	 2367
2290	 2282	 2357
2390	 2357	 2549
2290	 2390	 2357
2327	 2170	 2196
2170	 2196	 2147
2360	 2268	 2394
2467	 2394	 2358
1856	 2081	 2088
1917	 1856	 2088
2088	 2081	 2174
1917	 1700	 1856
2092	 2045	 2190
2197	 2092	 2190
2241	 2045	 2264
2266	 2383	 2332
2332	 2266	 2200
2164	 2332	 2200
2315	 2383	 2456
2257	 2204	 2288
2873	 2883	 2864
2582	 2500	 2534
2582	 2640	 2633
2500	 2466	 2534
2466	 2534	 2566
2534	 2587	 2582
2582	 2640	 2587
1844	 1766	 1564
1564	 1844	 1527
1844	 1766	 1919
1574	 1766	 1564
1574	 1564	 1491
1564	 1491	 1527
2441	 2501	 2551
2314	 2441	 2409
2541	 2411	 2476
2874	 2865	 2872
2884	 2872	 2874
2884	 2872	 2883
2872	 2864	 2883
2898	 2924	 2918
2918	 2911	 2934
2918	 2924	 2928
2928	 2918	 2950
2901	 2882	 2876
2910	 2901	 2923
2877	 2871	 2882
2882	 2876	 2871
2901	 2910	 2882
2910	 2925	 2902
2902	 2882	 2910
2871	 2876	 2858
2871	 2858	 2851
2900	 2876	 2875
2900	 2876	 2901
2900	 2901	 2920
2901	 2920	 2923
2910	 2933	 2925
2896	 2885	 2902
2885	 2902	 2882
2896	 2904	 2903
2939	 2933	 2948
2933	 2939	 2925
2903	 2902	 2925
2948	 2939	 2963
2962	 2963	 2939
2962	 2939	 2937
2917	 2903	 2926
2961	 2954	 2972
2983	 2972	 2764
2764	 2983	 2773
2739	 2764	 2733
2733	 2657	 2739
2721	 2733	 2763
2986	 2982	 2969
2437	 2528	 2477
2477	 2412	 2437
2437	 2508	 2528
2968	 2962	 2966
2821	 2844	 2845
2678	 2642	 2709
2465	 2397	 2547
2525	 2556	 2492
2920	 2923	 2938
2923	 2938	 2933
2487	 2542	 2439
2487	 2509	 2542
2487	 2509	 2446
2509	 2502	 2446
2640	 2587	 2718
2891	 2870	 2890
2870	 2890	 2889
2890	 2889	 2914
2854	 2870	 2857
2164	 2315	 2291
2164	 2332	 2315
2411	 2353	 2315
2315	 2332	 2383
2411	 2353	 2382
2382	 2411	 2541
2353	 2291	 2315
2291	 2331	 2353
2291	 2331	 2192
2353	 2382	 2331
2357	 2474	 2549
2886	 2861	 2896
2896	 2886	 2904
2865	 2872	 2856
2412	 2477	 2479
2457	 2529	 2479
2667	 2650	 2679
2654	 2679	 2650
2352	 2344	 2500
2352	 2500	 2475
2409	 2352	 2475
2009	 2143	 2033
2977	 2978	 2956
2870	 2874	 2863
2865	 2827	 2825
2860	 2849	 2824
2860	 2849	 2867
2851	 2866	 2839
2839	 2838	 2851
2839	 2846	 2844
2839	 2844	 2820
2839	 2846	 2866
2839	 2838	 2819
2846	 2844	 2855
2877	 2885	 2866
2885	 2877	 2882
2851	 2877	 2871
2851	 2866	 2877
2954	 2943	 2960
2943	 2954	 2938
2954	 2938	 2942
2694	 2718	 2770
2718	 2693	 2770
2694	 2718	 2640
2694	 2640	 2633
2758	 2694	 2770
2919	 2930	 2952
2930	 2921	 2913
2919	 2913	 2930
2739	 2657	 2701
2689	 2701	 2555
2657	 2575	 2555
2701	 2689	 2734
2689	 2555	 2623
2657	 2555	 2701
294	 272	 321
321	 294	 360
350	 386	 509
360	 417	 440
360	 440	 320
417	 440	 456
123	 109	 128
123	 119	 114
123	 119	 132
490	 535	 594
490	 446	 535
509	 357	 350
357	 283	 350
312	 357	 283
351	 284	 302
351	 446	 490
107	 106	 118
111	 118	 107
489	 535	 571
102	 99	 115
99	 115	 110
229	 194	 163
215	 194	 293
103	 85	 96
96	 163	 103
88	 103	 99
81	 96	 85
103	 88	 85
85	 88	 73
99	 78	 88
85	 81	 67
79	 73	 88
79	 88	 78
79	 73	 62
79	 62	 78
229	 286	 347
286	 347	 389
313	 295	 263
295	 313	 338
462	 543	 449
389	 462	 449
341	 462	 389
338	 295	 458
261	 313	 214
338	 313	 261
405	 322	 261
405	 338	 261
449	 472	 389
389	 286	 341
472	 449	 513
524	 472	 513
320	 380	 309
244	 320	 309
360	 320	 321
380	 320	 440
271	 215	 293
676	 721	 727
721	 662	 772
594	 625	 676
831	 901	 803
788	 831	 727
721	 803	 831
727	 831	 721
721	 772	 803
1769	 1635	 1882
1635	 1780	 1882
1780	 1895	 1882
2057	 1994	 1882
1994	 1964	 1882
1635	 1780	 1532
2102	 2039	 1986
1962	 2039	 2040
2040	 1962	 1791
2257	 2039	 2271
1307	 1286	 1224
2604	 2627	 2668
2448	 2385	 2510
2448	 2385	 2288
2448	 2326	 2288
2448	 2510	 2560
2522	 2471	 2560
2560	 2607	 2522
2522	 2471	 2472
2299	 2198	 2436
2884	 2889	 2874
2870	 2874	 2889
2884	 2889	 2913
2884	 2913	 2908
2913	 2908	 2921
1463	 1531	 1635
31	 159	 170
170	 181	 159
1768	 1952	 1993
1768	 1707	 1950
1757	 1936	 1953
2789	 2706	 2741
2769	 2811	 2826
2769	 2711	 2811
1275	 1449	 1308
1954	 1995	 1916
1916	 1954	 1809
902	 806	 804
1552	 1589	 1637
1538	 1552	 1637
591	 637	 690
1241	 1157	 1227
1241	 1157	 1228
499	 437	 485
388	 485	 437
178	 184	 227
2842	 2847	 2857
2842	 2857	 2854
2840	 2848	 2847
2830	 2840	 2848
2771	 2830	 2758
2705	 2758	 2771
2840	 2817	 2842
2842	 2817	 2834
2842	 2834	 2854
2009	 2173	 1995
1064	 1141	 1070
1141	 1160	 1327
546	 613	 588
2291	 2096	 2164
2291	 2192	 2096
1547	 1494	 1716
1547	 1469	 1494
1547	 1517	 1469
1716	 1603	 1494
1716	 1778	 1547
1840	 1589	 1637
1312	 1244	 1170
2773	 2739	 2701
2869	 2868	 2849
2849	 2867	 2868
367	 361	 441
2118	 2119	 1998
2895	 2898	 2916
2916	 2898	 2924
1500	 1499	 1381
10	 33	 34
2663	 2662	 2745
2628	 2663	 2651
2699	 2757	 2691
1746	 1809	 1916
1065	 1180	 995
1065	 1142	 1180
170	 46	 29
2515	 2365	 2329
2948	 2963	 2961
2961	 2969	 2963
515	 427	 510
1355	 1421	 1328
374	 470	 424
1491	 1574	 1465
1491	 1363	 1465
1008	 940	 1051
1379	 1399	 1534
2143	 2033	 2118
2033	 2118	 1998
1901	 1998	 1887
2033	 1998	 1901
110	 99	 103
588	 546	 508
1882	 1895	 2057
2299	 2436	 2461
2436	 2298	 2401
2048	 1998	 1887
1016	 1106	 1004
2592	 2523	 2544
2544	 2523	 2491
2544	 2592	 2614
2544	 2614	 2563
2523	 2424	 2482
410	 465	 372
1998	 2119	 2048
785	 694	 786
1399	 1351	 1430
722	 765	 776
619	 682	 742
329	 248	 266
1261	 1108	 1243
1323	 1261	 1243
1965	 2093	 1980
696	 670	 744
2643	 2685	 2644
2581	 2632	 2566
2581	 2566	 2434
2632	 2566	 2534
2932	 2922	 2907
575	 452	 493
575	 452	 479
493	 575	 598
911	 983	 954
983	 954	 1070
115	 126	 117
115	 120	 126
102	 115	 117
93	 105	 97
2020	 2140	 2058
2770	 2758	 2830
158	 185	 189
158	 189	 2
158	 216	 185
240	 185	 189
189	 11	 8
8	 189	 2
2	 158	 146
158	 216	 146
1213	 1280	 1164
5	 1	 3
155	 1	 9
1	 9	 5
2397	 2263	 2365
1307	 1224	 1248
1307	 1331	 1248
2895	 2873	 2898
2921	 2916	 2929
2929	 2921	 2930
2921	 2916	 2908
2916	 2929	 2924
744	 696	 756
696	 756	 628
756	 628	 733
677	 628	 733
733	 832	 677
832	 733	 882
733	 756	 882
756	 882	 805
756	 805	 851
756	 744	 851
1720	 1636	 2005
1720	 1636	 1588
1588	 1507	 1636
1636	 1507	 1519
2005	 2030	 1866
2005	 1866	 1636
2342	 2230	 2171
2171	 2342	 2195
2876	 2853	 2875
2876	 2858	 2853
1719	 1913	 1821
30	 48	 35
1401	 1495	 1385
1495	 1385	 1535
1535	 1495	 1666
2903	 2904	 2917
2926	 2917	 2927
2917	 2927	 2912
2464	 2451	 2408
277	 319	 379
2830	 2840	 2823
2770	 2817	 2693
1382	 1267	 1258
1382	 1267	 1392
699	 829	 794
2033	 2009	 1884
1916	 1884	 2009
138	 145	 140
207	 144	 145
144	 145	 140
2479	 2577	 2528
2479	 2528	 2477
2577	 2529	 2583
1394	 1436	 1331
1436	 1331	 1382
1258	 1331	 1382
2243	 2197	 2160
2368	 2378	 2197
2349	 2263	 2365
1683	 1866	 1782
1866	 1782	 2029
1683	 1782	 1781
1782	 2029	 2086
1469	 1517	 1337
1708	 1619	 1794
105	 97	 114
2279	 2296	 2247
2247	 2279	 2178
1401	 1368	 1431
1431	 1368	 1550
1431	 1550	 1835
1666	 1835	 1431
696	 670	 580
2940	 2919	 2952
1409	 1422	 1537
1297	 1298	 1451
1297	 1451	 1324
539	 689	 661
661	 689	 650
2080	 1965	 1914
1914	 1965	 1927
2667	 2632	 2581
1320	 1286	 1201
2950	 2956	 2928
2939	 2937	 2926
2939	 2926	 2925
1586	 1693	 1664
1848	 1850	 1693
1664	 1693	 1848
2617	 2646	 2682
690	 729	 671
1252	 1339	 1348
1339	 1348	 1462
1339	 1231	 1262
1068	 1016	 991
135	 134	 152
135	 191	 152
2829	 2828	 2850
1326	 1473	 1519
1326	 1473	 1312
669	 802	 649
669	 802	 715
2375	 2149	 2110
2110	 2030	 2149
2375	 2110	 2250
2159	 2250	 2110
2375	 2250	 2391
2375	 2391	 2398
2086	 2149	 2029
1757	 1717	 1585
1585	 1743	 1757
2810	 2825	 2827
2825	 2810	 2807
541	 584	 435
435	 584	 536
1109	 1081	 1001
1109	 1081	 1139
1081	 1001	 962
1001	 1079	 1000
1286	 1224	 1201
917	 847	 975
178	 227	 222
2253	 2199	 2234
2308	 2199	 2234
2253	 2199	 2252
1285	 1369	 1219
335	 234	 266
335	 234	 369
234	 266	 206
266	 335	 329
1914	 1720	 1784
1720	 1588	 1620
1620	 1720	 1784
2883	 2895	 2908
2908	 2895	 2916
2883	 2873	 2895
1291	 1277	 1156
1146	 1277	 1156
1465	 1574	 1627
1275	 1465	 1627
1465	 1275	 1363
742	 839	 858
2752	 2767	 2807
2338	 2078	 2263
2078	 2263	 2349
2661	 2670	 2590
2661	 2670	 2760
2590	 2661	 2570
2422	 2379	 2295
2270	 2379	 2295
2379	 2446	 2360
2270	 2379	 2360
29	 168	 170
168	 170	 269
360	 294	 417
240	 273	 223
2589	 2651	 2628
2628	 2589	 2644
841	 948	 840
186	 204	 221
186	 204	 182
204	 221	 279
1962	 1791	 1908
1115	 1157	 1228
452	 493	 378
309	 432	 352
2728	 2757	 2699
2757	 2756	 2795
2756	 2715	 2757
1422	 1342	 1507
1428	 1398	 1470
419	 353	 375
419	 364	 406
375	 419	 383
419	 383	 398
406	 398	 365
419	 398	 406
365	 406	 323
353	 375	 279
2956	 2965	 2928
2649	 2654	 2564
2564	 2649	 2580
263	 315	 241
263	 315	 361
201	 263	 241
2437	 2461	 2508
269	 168	 202
1596	 1833	 1781
2654	 2679	 2702
2767	 2702	 2679
2607	 2522	 2561
702	 787	 827
2476	 2541	 2589
702	 676	 727
702	 676	 573
676	 573	 594
2792	 2713	 2992
2792	 2992	 2984
148	 201	 12
148	 12	 22
1133	 1035	 1080
1133	 1035	 1028
2670	 2760	 2719
2116	 1898	 1988
2232	 2344	 2313
2434	 2466	 2313
2566	 2434	 2466
2500	 2466	 2344
2790	 2738	 2959
2790	 2959	 2953
1694	 1538	 1710
1619	 1538	 1710
1538	 1694	 1637
375	 340	 383
1849	 1793	 2157
2619	 2684	 2625
2678	 2716	 2665
1895	 1951	 2066
1074	 1145	 1199
84	 74	 65
65	 84	 57
2540	 2548	 2474
699	 685	 731
653	 685	 723
1912	 1969	 1767
1767	 1969	 2016
2355	 2239	 2295
2735	 2728	 2999
2995	 2989	 2998
2998	 2735	 2999
2735	 2708	 2728
1568	 1585	 1717
1312	 1326	 1244
1326	 1507	 1519
1308	 1275	 1227
1308	 1227	 1241
1227	 1225	 1275
786	 827	 840
22	 30	 15
2968	 2969	 2982
2159	 2080	 2093
1108	 1243	 1212
1682	 1707	 1779
2862	 2723	 2777
2862	 2832	 2777
2298	 2143	 2173
1856	 2024	 2081
2321	 2440	 2320
2440	 2320	 2319
2440	 2424	 2321
1769	 1743	 1518
1054	 1050	 1108
2473	 2407	 2319
2490	 2407	 2537
2407	 2537	 2473
2537	 2538	 2473
2537	 2538	 2555
2575	 2537	 2555
2490	 2575	 2537
2440	 2319	 2473
2040	 2039	 2247
2039	 2247	 2271
786	 650	 827
178	 166	 188
166	 178	 154
166	 154	 143
178	 154	 184
1532	 1780	 1847
446	 357	 312
351	 446	 312
1620	 1588	 1422
1620	 1537	 1422
2491	 2544	 2451
827	 702	 661
650	 827	 661
455	 620	 495
469	 455	 495
606	 495	 620
2807	 2786	 2752
2807	 2786	 2810
1848	 1718	 1924
1718	 1805	 1924
1252	 1325	 1348
1694	 1925	 1710
1694	 2031	 1939
1755	 1756	 1442
2593	 2526	 2627
2627	 2593	 2631
2668	 2627	 2631
2715	 2691	 2684
2691	 2625	 2684
2116	 2031	 1898
2116	 2160	 2031
2160	 2031	 2079
1067	 1146	 1026
232	 155	 220
213	 232	 262
2861	 2855	 2886
2855	 2886	 2878
352	 308	 396
396	 432	 352
309	 255	 352
1026	 960	 977
2781	 2695	 2755
606	 634	 624
1379	 1473	 1312
1253	 1367	 1379
1312	 1379	 1253
511	 461	 542
542	 498	 461
542	 511	 512
2044	 1978	 1848
2695	 2755	 2676
2781	 2953	 2945
2781	 2945	 2931
3	 5	 14
9	 155	 190
14	 9	 5
3	 16	 14
2508	 2461	 2496
2496	 2508	 2570
2695	 2676	 2616
1428	 1549	 1595
1060	 1200	 1128
1059	 1060	 1128
1484	 1442	 1756
1484	 1617	 1756
1164	 1213	 1228
1164	 1150	 1280
115	 110	 120
110	 121	 120
662	 726	 772
65	 53	 47
1472	 1535	 1385
940	 1051	 1056
2600	 2594	 2711
2711	 2600	 2704
2680	 2594	 2643
303	 216	 289
311	 252	 310
287	 251	 310
471	 452	 479
1533	 1400	 1429
1533	 1586	 1429
2493	 2513	 2613
2924	 2928	 2929
592	 665	 630
2149	 2157	 2207
2207	 2149	 2375
1849	 2086	 2157
2149	 2157	 2086
2189	 2157	 1793
1849	 2086	 1782
201	 12	 203
12	 22	 203
599	 612	 714
612	 714	 750
819	 816	 950
2652	 2590	 2670
2719	 2754	 2670
797	 887	 918
887	 918	 960
1927	 1954	 1980
1965	 1980	 1927
788	 787	 727
46	 53	 31
2450	 2381	 2272
2450	 2493	 2381
1449	 1627	 1275
182	 149	 186
42	 14	 27
157	 163	 194
103	 157	 110
157	 163	 103
215	 194	 157
1908	 1962	 1986
1157	 1115	 999
1106	 1004	 1115
369	 335	 401
653	 618	 685
1095	 1139	 1081
507	 599	 482
2804	 2805	 2816
2179	 2180	 2274
2274	 2138	 2179
2513	 2472	 2493
199	 252	 184
1683	 1587	 1781
726	 772	 892
662	 726	 655
2559	 2502	 2489
2417	 2489	 2536
2489	 2559	 2533
2375	 2207	 2350
344	 395	 472
395	 472	 347
249	 212	 277
249	 212	 230
2691	 2715	 2757
2401	 2298	 2314
185	 289	 216
2862	 2685	 2745
2860	 2832	 2862
515	 572	 661
661	 515	 539
573	 534	 594
2860	 2824	 2826
2866	 2861	 2846
2861	 2846	 2855
1534	 1587	 1473
1534	 1379	 1473
1022	 1066	 1024
341	 384	 462
384	 462	 407
462	 511	 407
2175	 2077	 2239
1016	 991	 880
347	 472	 389
1008	 995	 1166
2626	 2639	 2658
2626	 2658	 2660
2626	 2639	 2494
2289	 2350	 2207
2315	 2456	 2411
1064	 1170	 1141
2588	 2535	 2633
2582	 2535	 2633
2501	 2535	 2588
894	 860	 876
876	 705	 860
821	 943	 876
876	 894	 996
2434	 2516	 2539
1724	 1480	 1511
2010	 2183	 2001
1215	 1140	 1253
591	 597	 637
491	 537	 637
637	 491	 597
498	 491	 597
1388	 1518	 1349
1743	 1471	 1518
1518	 1349	 1471
2569	 2570	 2496
1381	 1268	 1480
1236	 1381	 1268
1268	 1480	 1477
1268	 1477	 1318
352	 255	 271
728	 709	 627
627	 728	 640
683	 709	 735
709	 627	 607
2669	 2620	 2705
887	 960	 952
2914	 2919	 2935
2935	 2914	 2915
2950	 2956	 2964
2969	 2986	 2961
2192	 2432	 2331
2225	 2360	 2268
294	 417	 386
2102	 2204	 2257
1429	 1281	 1400
1954	 1980	 1995
1844	 1527	 1775
218	 211	 169
169	 173	 218
693	 797	 792
2364	 2347	 2318
2437	 2392	 2461
2437	 2392	 2412
976	 977	 1026
2981	 2975	 2984
2549	 2390	 2428
2494	 2428	 2549
2494	 2428	 2547
1025	 1090	 1075
274	 192	 193
321	 250	 176
250	 176	 191
2662	 2745	 2685
406	 323	 364
419	 364	 353
353	 364	 256
364	 256	 323
1804	 1922	 1923
1922	 1923	 1970
1922	 1970	 2042
1068	 991	 1150
2556	 2492	 2630
118	 127	 125
127	 125	 133
2756	 2715	 2736
404	 379	 337
2230	 2342	 2273
283	 350	 288
350	 294	 386
2399	 2367	 2540
728	 709	 735
709	 683	 656
709	 656	 607
92	 64	 83
83	 92	 95
64	 83	 71
92	 64	 75
1637	 1939	 1840
1637	 1939	 1694
256	 221	 220
232	 256	 323
323	 232	 262
323	 262	 299
256	 279	 221
323	 365	 299
2933	 2910	 2923
107	 106	 91
97	 91	 106
2869	 2892	 2893
2875	 2893	 2869
2892	 2893	 2907
2888	 2892	 2907
2922	 2920	 2943
229	 183	 286
2140	 2305	 2241
2700	 2693	 2587
2587	 2718	 2693
341	 384	 233
341	 233	 286
2571	 2508	 2590
2571	 2528	 2577
2476	 2589	 2557
2558	 2610	 2527
2671	 2610	 2558
2527	 2442	 2558
2671	 2558	 2542
2439	 2542	 2558
2610	 2671	 2659
2706	 2659	 2671
2610	 2659	 2651
2367	 2435	 2526
2446	 2360	 2487
476	 455	 396
476	 455	 620
2786	 2810	 2800
2786	 2800	 2744
2752	 2786	 2744
2752	 2744	 2667
882	 982	 832
2661	 2760	 2681
1821	 1618	 1896
2701	 2734	 2773
618	 519	 513
11	 15	 19
11	 15	 148
2900	 2893	 2909
2893	 2909	 2907
2907	 2922	 2909
2922	 2920	 2909
2900	 2920	 2909
2875	 2900	 2893
128	 138	 132
2661	 2681	 2605
1784	 1914	 1927
1873	 1982	 2024
1873	 1982	 1727
2945	 2944	 2953
1170	 1215	 1312
917	 1012	 885
744	 819	 851
2857	 2881	 2847
2847	 2881	 2848
2443	 2578	 2529
2443	 2578	 2445
2529	 2583	 2578
2689	 2690	 2623
2261	 2055	 2065
2318	 2261	 2065
527	 607	 627
2425	 2350	 2505
2505	 2425	 2420
2425	 2420	 2351
841	 788	 874
827	 787	 840
840	 787	 841
2911	 2897	 2912
2911	 2934	 2912
2918	 2934	 2950
2897	 2911	 2887
441	 537	 491
2398	 2375	 2350
851	 819	 950
165	 121	 175
271	 195	 175
175	 165	 195
2978	 2974	 2967
2967	 2978	 2965
2978	 2965	 2956
1408	 1337	 1517
1746	 1537	 1578
1746	 1578	 1748
1537	 1578	 1475
722	 776	 665
630	 665	 722
722	 630	 705
1223	 1305	 1172
1223	 1305	 1500
1719	 1535	 1666
1140	 1030	 993
1141	 1244	 1327
1993	 1768	 1950
2056	 2137	 1993
1931	 1725	 1751
1751	 1890	 1775
2755	 2673	 2676
2399	 2474	 2357
2866	 2885	 2861
2885	 2896	 2861
1506	 1618	 1663
2635	 2707	 2696
2967	 2980	 2958
2980	 2958	 2975
2958	 2967	 2949
2967	 2980	 2974
1194	 1272	 1134
2902	 2896	 2903
2639	 2658	 2703
1847	 1780	 1895
1532	 1847	 1662
2174	 2266	 2200
630	 705	 617
1022	 943	 1024
190	 9	 25
9	 25	 14
1282	 1194	 1051
770	 714	 750
750	 770	 771
1285	 1123	 1267
1267	 1258	 1123
1258	 1123	 1199
1035	 948	 992
1025	 976	 1090
976	 1090	 1026
1090	 1026	 1146
1090	 1146	 1201
1090	 1201	 1224
942	 995	 1008
942	 995	 955
1603	 1494	 1449
67	 81	 80
1603	 1730	 1716
3	 16	 180
1534	 1587	 1781
1959	 1919	 1818
19	 11	 8
2411	 2476	 2456
2965	 2967	 2949
2503	 2536	 2618
2536	 2618	 2609
2503	 2490	 2418
1328	 1485	 1444
2998	 2997	 2735
482	 507	 433
140	 132	 138
2772	 2932	 2789
2772	 2789	 2710
14	 27	 16
169	 211	 182
1059	 998	 968
612	 613	 750
2818	 2836	 2859
87	 173	 206
2633	 2669	 2588
2669	 2633	 2694
2669	 2620	 2588
2971	 2957	 2944
2957	 2970	 2971
1030	 1140	 1215
2642	 2709	 2674
2667	 2700	 2744
2693	 2700	 2744
2744	 2693	 2800
2817	 2834	 2800
2800	 2817	 2693
2810	 2800	 2834
1895	 2066	 2057
1751	 1592	 1724
2818	 2829	 2859
2816	 2804	 2818
811	 846	 871
2711	 2704	 2769
325	 210	 238
1430	 1596	 1399
90	 107	 104
1133	 1028	 1169
1133	 1169	 1231
1231	 1133	 1252
81	 96	 82
81	 80	 82
82	 229	 163
82	 163	 96
82	 229	 183
2487	 2439	 2360
2439	 2360	 2394
2439	 2394	 2467
2952	 2946	 2958
2963	 2969	 2968
1123	 1199	 1074
2107	 1923	 1970
2195	 2107	 2281
2119	 2118	 2252
2692	 2666	 2593
728	 695	 806
806	 728	 807
735	 728	 807
2418	 2347	 2364
2490	 2418	 2364
2397	 2547	 2428
21	 36	 17
508	 445	 483
1856	 1685	 1873
1856	 2024	 1873
1685	 1873	 1674
2020	 2018	 1897
2838	 2837	 2858
2837	 2858	 2853
2838	 2837	 2812
2858	 2838	 2851
1337	 1469	 1308
1337	 1308	 1241
2867	 2761	 2724
2761	 2724	 2745
484	 536	 503
2982	 2993	 2986
1023	 1046	 1120
1046	 1120	 1104
1046	 1104	 1082
1023	 1046	 916
1082	 1152	 1160
127	 137	 139
998	 1031	 1060
998	 1031	 926
1031	 1060	 1126
1060	 1200	 1126
204	 211	 237
211	 182	 204
237	 204	 279
1923	 1804	 1731
2408	 2389	 2451
335	 378	 401
1165	 1179	 1195
2066	 1951	 2107
2107	 2066	 2195
1970	 2107	 2281
271	 195	 219
374	 331	 339
2096	 1917	 2088
1123	 1119	 1285
1837	 1925	 2019
232	 256	 220
887	 952	 899
952	 899	 990
2667	 2650	 2581
2651	 2527	 2610
1473	 1519	 1587
1519	 1587	 1636
1748	 1488	 1578
800	 742	 839
1116	 1095	 1192
2883	 2884	 2908
435	 411	 541
411	 541	 424
541	 424	 580
293	 276	 395
276	 293	 194
2329	 2349	 2365
2397	 2263	 2338
208	 222	 283
222	 227	 302
227	 302	 284
90	 107	 91
1224	 1075	 1090
1224	 1075	 1167
2157	 2207	 2289
2381	 2272	 2356
271	 293	 352
293	 308	 352
472	 344	 524
476	 344	 520
2132	 2018	 1913
2889	 2913	 2914
2829	 2804	 2818
1328	 1421	 1485
145	 176	 207
619	 620	 624
606	 624	 620
2938	 2920	 2943
1832	 1767	 1617
2674	 2586	 2626
2639	 2494	 2549
573	 572	 661
2017	 1896	 2043
1051	 1056	 1063
2085	 2113	 2147
1452	 1366	 1387
1452	 1532	 1387
120	 126	 121
126	 121	 165
420	 414	 381
2253	 1990	 2048
2253	 2252	 2048
2048	 2252	 2119
1767	 1634	 1682
1682	 1767	 1779
1488	 1480	 1724
2820	 2803	 2797
2797	 2749	 2776
2749	 2776	 2740
2776	 2820	 2797
2819	 2820	 2776
2451	 2464	 2563
1207	 1171	 1268
1207	 1268	 1318
1506	 1472	 1303
2418	 2347	 2417
2387	 2347	 2417
2387	 2417	 2431
248	 174	 230
2869	 2849	 2843
2595	 2594	 2550
2832	 2860	 2826
2685	 2723	 2862
1748	 1488	 1724
127	 118	 119
2977	 2978	 2985
2974	 2978	 2985
742	 858	 688
2079	 1925	 2031
400	 324	 366
366	 400	 497
400	 324	 339
1972	 1822	 2020
1444	 1368	 1550
1485	 1550	 1444
1204	 1281	 1400
1367	 1351	 1399
2742	 2772	 2687
2772	 2742	 2947
2772	 2947	 2941
1249	 1225	 1137
2232	 2159	 2231
2093	 2159	 2232
2102	 2204	 2183
2102	 2183	 2063
2001	 2063	 2183
2991	 2996	 2756
1856	 1685	 1700
816	 942	 950
483	 515	 539
483	 508	 539
515	 427	 483
819	 816	 789
2544	 2563	 2451
869	 880	 881
1016	 1004	 880
1004	 880	 907
859	 907	 1004
1746	 1916	 1748
803	 892	 772
1331	 1248	 1258
554	 499	 585
499	 585	 528
2178	 2247	 2040
2040	 2178	 1910
2178	 1910	 2106
2764	 2763	 2733
2922	 2932	 2941
458	 496	 516
25	 190	 186
2655	 2698	 2794
2994	 2988	 2997
2735	 2997	 2794
2735	 2794	 2698
2655	 2698	 2708
2698	 2735	 2708
288	 208	 283
2171	 2066	 2195
876	 943	 934
934	 876	 996
592	 630	 562
2056	 1950	 1993
2904	 2917	 2897
2917	 2897	 2912
2904	 2886	 2897
1106	 1115	 1228
1950	 2056	 1987
1716	 1730	 1791
1730	 1791	 1908
2016	 2065	 2055
2065	 2016	 1987
537	 561	 458
458	 516	 561
561	 537	 635
1236	 1171	 1268
315	 367	 368
361	 367	 315
1662	 1731	 1847
1662	 1529	 1387
1552	 1487	 1589
2854	 2863	 2870
2865	 2827	 2863
702	 787	 727
2712	 2688	 2721
2688	 2683	 2721
2712	 2688	 2646
2721	 2712	 2791
2721	 2791	 2763
1030	 993	 949
2409	 2314	 2221
2314	 2221	 2173
2863	 2854	 2834
2834	 2863	 2827
2316	 2247	 2296
432	 380	 309
2834	 2810	 2827
200	 268	 202
211	 218	 237
1023	 1111	 1018
1196	 1401	 1254
2836	 2816	 2822
1225	 1249	 1287
106	 119	 118
106	 119	 114
2348	 2195	 2281
2281	 2348	 2388
2997	 2998	 2989
1951	 2107	 1923
1547	 1517	 1633
1633	 1778	 1547
2930	 2929	 2946
2952	 2946	 2930
2887	 2897	 2886
2903	 2925	 2926
2550	 2594	 2600
2600	 2550	 2604
2600	 2604	 2668
1939	 1898	 2031
742	 688	 682
455	 469	 473
440	 456	 473
473	 456	 469
321	 272	 176
1171	 1172	 1236
388	 471	 401
866	 1024	 943
482	 502	 416
508	 445	 502
445	 502	 416
543	 449	 513
543	 513	 618
2964	 2955	 2977
2956	 2977	 2964
99	 78	 102
102	 78	 94
48	 41	 30
48	 62	 41
41	 30	 22
2343	 2397	 2428
2541	 2589	 2644
2819	 2838	 2809
743	 800	 815
800	 815	 869
579	 547	 608
509	 457	 540
2598	 2642	 2556
2678	 2642	 2556
640	 626	 695
728	 640	 695
2559	 2502	 2596
2676	 2583	 2616
2583	 2616	 2577
2232	 2231	 2313
2391	 2313	 2250
2231	 2250	 2313
126	 165	 134
1901	 1887	 1725
1215	 1253	 1312
2344	 2313	 2466
1232	 1349	 1388
1232	 1263	 1139
1232	 1139	 1192
2412	 2457	 2308
2457	 2412	 2479
2308	 2412	 2199
2641	 2563	 2614
2927	 2951	 2934
2951	 2934	 2950
2927	 2912	 2934
2962	 2937	 2927
2966	 2962	 2927
627	 527	 640
1262	 1339	 1549
2705	 2669	 2758
41	 58	 73
38	 203	 41
41	 22	 203
2510	 2621	 2578
2578	 2583	 2621
369	 401	 388
885	 1024	 866
866	 845	 885
885	 1012	 1024
1588	 1507	 1422
1778	 1791	 1716
379	 433	 477
2151	 2049	 2034
2034	 2144	 2151
338	 405	 496
373	 405	 474
405	 496	 474
496	 458	 338
600	 726	 649
1401	 1385	 1254
634	 815	 743
1694	 2031	 1925
1376	 1442	 1426
1917	 1671	 1700
1034	 990	 1054
1034	 1108	 1054
541	 628	 580
2949	 2928	 2965
2316	 2472	 2471
1917	 2096	 1988
2652	 2571	 2590
2645	 2571	 2652
2169	 2272	 2356
2873	 2898	 2894
941	 949	 994
2700	 2667	 2632
300	 301	 264
301	 264	 324
301	 300	 381
381	 366	 301
366	 301	 324
300	 381	 314
279	 237	 340
56	 20	 29
29	 20	 168
65	 71	 74
170	 181	 264
269	 264	 170
71	 63	 64
45	 63	 46
46	 53	 63
234	 206	 218
55	 56	 75
56	 64	 75
56	 64	 45
264	 300	 269
2626	 2494	 2547
537	 441	 412
608	 684	 670
1111	 1023	 1120
1120	 1111	 1207
1935	 1881	 1778
1922	 1935	 1881
2843	 2814	 2837
1258	 1248	 1199
411	 435	 397
2295	 2422	 2355
2508	 2570	 2590
1935	 1778	 1910
212	 230	 187
353	 256	 279
333	 237	 340
1281	 1204	 1151
1151	 1193	 1281
1195	 1151	 1204
839	 858	 920
934	 1088	 996
934	 1045	 1088
460	 499	 528
497	 528	 460
2820	 2844	 2821
2774	 2821	 2803
2774	 2749	 2797
2774	 2797	 2803
2952	 2975	 2958
76	 69	 70
70	 76	 93
374	 411	 331
2281	 2356	 2169
1890	 1751	 1931
2780	 2936	 2779
2779	 2905	 2906
1179	 1195	 1204
2632	 2534	 2587
2016	 1779	 1987
2093	 1980	 2220
2199	 2392	 2412
465	 531	 523
523	 465	 493
465	 531	 410
267	 236	 193
193	 267	 274
542	 512	 631
2850	 2841	 2878
2981	 2984	 2992
2792	 2713	 2722
2819	 2820	 2839
2740	 2660	 2749
2626	 2674	 2660
2660	 2674	 2749
2170	 2188	 2320
1917	 1671	 1840
2020	 1822	 2045
33	 50	 34
50	 34	 40
50	 61	 33
21	 160	 17
159	 21	 160
159	 236	 160
1150	 1000	 991
1001	 1079	 1109
1074	 1123	 1066
2887	 2886	 2878
1001	 962	 893
1001	 923	 893
1001	 923	 1000
1906	 1727	 1715
971	 910	 982
910	 1007	 902
910	 1007	 971
910	 902	 804
910	 832	 982
203	 201	 241
469	 456	 560
503	 551	 434
1793	 1850	 2114
1793	 2114	 2189
2675	 2630	 2580
367	 441	 498
2472	 2493	 2450
2911	 2894	 2898
2898	 2911	 2918
2894	 2887	 2911
2408	 2419	 2464
2408	 2419	 2273
1051	 1008	 1166
1166	 1051	 1254
1254	 1051	 1282
918	 960	 977
37	 27	 20
20	 16	 167
167	 200	 202
27	 20	 16
2943	 2941	 2960
2549	 2474	 2548
2639	 2549	 2548
2667	 2752	 2679
1366	 1452	 1463
1463	 1263	 1366
1388	 1463	 1263
1769	 1882	 1964
581	 673	 614
2253	 1990	 2234
2639	 2603	 2703
2703	 2603	 2717
2603	 2692	 2717
2692	 2593	 2602
2039	 1986	 1962
269	 268	 300
202	 268	 269
993	 1007	 1069
110	 157	 121
157	 215	 175
157	 175	 121
215	 175	 271
123	 128	 132
109	 117	 128
2927	 2926	 2937
490	 418	 351
2656	 2714	 2648
688	 732	 862
2448	 2560	 2471
2448	 2471	 2326
917	 1020	 1012
1020	 975	 1025
1020	 917	 975
106	 97	 114
340	 375	 279
581	 531	 614
1231	 1262	 1169
1128	 1059	 1114
277	 226	 212
2976	 2966	 2968
2955	 2976	 2966
2320	 2319	 2280
2320	 2280	 2188
1248	 1199	 1167
1248	 1224	 1167
50	 70	 69
2959	 2738	 2755
2738	 2673	 2755
2292	 2174	 2151
2266	 2174	 2292
2292	 2266	 2393
2383	 2266	 2393
2727	 2646	 2682
2772	 2932	 2941
151	 129	 198
212	 164	 226
1784	 1537	 1620
272	 207	 176
272	 207	 208
797	 770	 693
770	 693	 714
372	 307	 319
264	 324	 181
956	 955	 942
93	 105	 94
105	 94	 109
190	 186	 221
950	 942	 1008
1559	 1428	 1634
2576	 2648	 2613
2576	 2514	 2613
683	 664	 656
1990	 1890	 1931
2234	 1990	 2010
1781	 1782	 1849
1781	 1849	 1833
2495	 2526	 2435
432	 455	 473
473	 432	 380
440	 473	 380
2491	 2389	 2451
537	 412	 458
2137	 2056	 2156
2587	 2632	 2700
2510	 2445	 2578
461	 511	 413
511	 413	 407
201	 313	 263
1463	 1452	 1532
1532	 1387	 1662
1532	 1463	 1635
810	 699	 829
731	 699	 810
2223	 2183	 2325
2325	 2223	 2308
2204	 2183	 2325
2432	 2331	 2455
401	 452	 471
452	 401	 378
8	 10	 2
2535	 2501	 2409
1012	 1020	 1074
2592	 2585	 2523
2523	 2538	 2482
1199	 1167	 1145
381	 366	 420
527	 607	 516
656	 607	 561
561	 516	 607
2891	 2881	 2857
58	 67	 54
39	 54	 58
902	 806	 931
2271	 2316	 2247
70	 50	 60
60	 50	 61
60	 70	 93
51	 72	 57
51	 72	 69
862	 968	 946
1534	 1596	 1781
1534	 1596	 1399
948	 1035	 1028
2915	 2905	 2931
2773	 2993	 2983
2773	 2734	 2993
2577	 2616	 2645
134	 152	 138
191	 152	 145
152	 138	 145
2385	 2445	 2395
493	 378	 439
439	 493	 465
1488	 1475	 1578
1030	 1215	 1170
677	 628	 584
584	 595	 677
2102	 2039	 2257
2592	 2655	 2690
2592	 2655	 2614
1066	 1024	 1074
1074	 1024	 1012
911	 828	 852
470	 579	 424
424	 580	 579
916	 1018	 897
217	 32	 26
1683	 1636	 1866
2569	 2570	 2661
2850	 2841	 2828
2156	 2056	 2065
722	 821	 705
876	 705	 821
923	 991	 1000
991	 914	 923
2493	 2613	 2514
1844	 1775	 1890
2844	 2855	 2845
1619	 1485	 1421
1337	 1408	 1228
2316	 2326	 2471
2467	 2442	 2558
2558	 2439	 2467
2631	 2666	 2730
1791	 1910	 1778
2845	 2855	 2841
2841	 2855	 2878
1337	 1241	 1228
308	 395	 293
2593	 2602	 2540
2526	 2540	 2593
2548	 2602	 2540
2216	 2065	 2341
261	 223	 273
2506	 2427	 2420
2506	 2420	 2580
174	 187	 98
95	 98	 92
98	 187	 112
98	 108	 112
174	 98	 87
98	 87	 92
174	 87	 206
2710	 2687	 2772
2835	 2824	 2849
223	 189	 240
2635	 2653	 2696
2635	 2607	 2653
2596	 2559	 2646
901	 803	 875
2962	 2963	 2968
1095	 1192	 1139
2706	 2741	 2659
374	 339	 400
339	 267	 236
1873	 1727	 1674
244	 255	 309
2919	 2913	 2914
2419	 2273	 2342
852	 941	 911
852	 833	 941
1059	 946	 968
235	 216	 146
6	 146	 2
235	 216	 303
2716	 2709	 2748
2716	 2709	 2678
58	 67	 73
134	 126	 128
684	 819	 744
670	 744	 684
789	 819	 684
1730	 1818	 1908
2595	 2382	 2541
324	 181	 339
2491	 2389	 2424
2618	 2575	 2664
2657	 2575	 2664
40	 34	 24
2510	 2445	 2385
1548	 1451	 1324
245	 226	 196
1743	 1757	 1936
689	 613	 694
57	 72	 84
2785	 2717	 2731
2812	 2809	 2838
2996	 2991	 2974
1387	 1451	 1529
642	 688	 732
1408	 1228	 1213
1469	 1449	 1494
416	 287	 445
287	 404	 416
2268	 2394	 2358
2358	 2268	 2292
2268	 2292	 2151
2848	 2880	 2881
626	 595	 677
677	 734	 626
695	 626	 804
626	 804	 734
595	 626	 551
626	 640	 551
640	 551	 527
551	 595	 503
114	 105	 123
109	 105	 123
2367	 2435	 2306
2505	 2420	 2580
2506	 2580	 2630
1538	 1619	 1421
726	 649	 802
117	 126	 128
1965	 2093	 2080
1038	 1063	 1134
2951	 2964	 2950
2533	 2536	 2609
2906	 2891	 2905
414	 460	 420
460	 420	 497
484	 397	 536
397	 536	 435
1908	 1818	 1959
33	 10	 8
33	 8	 19
1936	 1964	 1769
53	 47	 21
948	 841	 992
901	 831	 874
69	 76	 72
72	 76	 91
2674	 2709	 2746
2795	 2756	 2996
1034	 1101	 952
952	 990	 1034
2483	 2419	 2452
2419	 2464	 2483
113	 100	 104
104	 113	 111
2230	 2057	 2171
2171	 2066	 2057
411	 374	 424
2881	 2891	 2906
2891	 2870	 2857
2946	 2949	 2958
2631	 2666	 2593
1378	 1303	 1506
1315	 1342	 1422
1449	 1469	 1308
656	 635	 561
968	 862	 811
1031	 1105	 987
926	 987	 1031
1039	 958	 1082
344	 476	 396
344	 395	 308
396	 344	 308
148	 214	 201
148	 22	 15
1069	 1055	 1195
598	 493	 523
2874	 2863	 2865
1194	 1134	 1063
2592	 2690	 2585
1139	 1109	 1214
2784	 2826	 2769
2784	 2704	 2769
1029	 1134	 1193
1029	 1151	 1193
2065	 2341	 2318
2525	 2556	 2515
2525	 2515	 2329
2972	 2973	 2763
2972	 2973	 2954
2954	 2960	 2973
1051	 1194	 1063
410	 372	 319
613	 694	 750
2695	 2616	 2725
40	 50	 69
1018	 987	 897
1018	 987	 1111
897	 987	 884
1381	 1511	 1592
1480	 1381	 1511
2675	 2737	 2649
311	 418	 363
420	 497	 366
1859	 1990	 2010
2966	 2955	 2951
2955	 2951	 2964
2951	 2966	 2927
526	 560	 645
638	 523	 614
523	 531	 614
598	 638	 523
2954	 2948	 2942
145	 191	 176
2614	 2641	 2708
90	 91	 72
345	 285	 387
2868	 2867	 2888
962	 1081	 1095
2306	 2368	 2435
2299	 2392	 2252
2392	 2252	 2199
1274	 1207	 1120
1274	 1104	 1120
1324	 1548	 1517
1517	 1633	 1548
899	 868	 990
868	 770	 899
329	 378	 335
797	 770	 887
2560	 2591	 2510
1898	 1917	 1988
2559	 2647	 2688
2688	 2646	 2559
1950	 1987	 1779
931	 807	 806
1141	 1244	 1170
503	 536	 595
875	 962	 901
2221	 2409	 2352
1627	 1657	 1574
1342	 1507	 1327
1326	 1507	 1327
2765	 2756	 2991
93	 60	 77
66	 77	 60
2595	 2643	 2594
2595	 2643	 2644
2595	 2541	 2644
1462	 1595	 1549
2938	 2942	 2933
2942	 2933	 2948
2367	 2305	 2306
2352	 2283	 2344
314	 365	 381
365	 381	 398
2381	 2388	 2356
2381	 2388	 2460
2252	 2198	 2299
2298	 2198	 2436
931	 902	 1007
410	 379	 477
319	 379	 410
871	 846	 884
987	 884	 871
829	 897	 884
2708	 2728	 2699
1326	 1327	 1244
540	 571	 489
540	 509	 489
804	 734	 832
734	 832	 677
1339	 1462	 1549
2663	 2651	 2659
104	 107	 111
1064	 1030	 1170
2280	 2341	 2319
490	 594	 534
2646	 2727	 2712
2727	 2712	 2742
2941	 2960	 2947
483	 427	 445
427	 445	 392
445	 392	 287
2888	 2907	 2789
2888	 2789	 2741
1287	 1275	 1225
1275	 1363	 1287
688	 642	 682
78	 77	 94
2696	 2677	 2653
688	 862	 858
920	 862	 858
1987	 2056	 2065
2325	 2395	 2385
214	 313	 201
812	 828	 853
87	 75	 92
770	 771	 868
887	 770	 899
206	 218	 173
31	 46	 170
2545	 2460	 2514
2591	 2510	 2621
413	 368	 325
1743	 1769	 1936
2648	 2697	 2619
2619	 2576	 2648
2648	 2613	 2656
128	 134	 138
61	 48	 35
702	 573	 661
642	 618	 519
2390	 2428	 2343
2973	 2763	 2791
2614	 2708	 2655
456	 417	 526
456	 560	 526
417	 526	 457
457	 417	 386
526	 457	 540
386	 457	 509
600	 726	 655
2982	 2990	 2993
369	 234	 333
2356	 2281	 2388
2397	 2365	 2465
2441	 2409	 2501
786	 694	 689
2972	 2961	 2983
2502	 2446	 2379
2422	 2502	 2379
2502	 2422	 2489
1634	 1428	 1595
2613	 2656	 2513
2656	 2513	 2561
516	 496	 527
496	 474	 527
1327	 1152	 1160
266	 174	 248
266	 206	 174
2789	 2932	 2907
94	 77	 93
580	 696	 628
2221	 2352	 2220
1105	 987	 1111
859	 999	 1004
999	 1004	 1115
999	 859	 988
2976	 2982	 2968
498	 441	 491
387	 484	 397
387	 330	 397
1082	 1152	 1104
2869	 2843	 2853
2551	 2588	 2501
1769	 1635	 1518
1635	 1518	 1531
2976	 2988	 2989
2988	 2982	 2976
2708	 2641	 2699
2835	 2849	 2843
2533	 2489	 2536
2888	 2867	 2724
2745	 2663	 2724
329	 439	 378
527	 474	 551
219	 255	 244
2867	 2860	 2761
2989	 2995	 2977
829	 897	 916
916	 958	 1046
916	 1018	 1023
1046	 958	 1082
139	 132	 127
2460	 2452	 2388
2764	 2763	 2972
579	 608	 580
580	 608	 670
743	 742	 800
404	 416	 433
416	 433	 482
1990	 1890	 1859
1824	 1748	 1916
804	 832	 910
71	 63	 65
63	 65	 53
510	 418	 490
510	 418	 427
2621	 2583	 2676
1039	 1160	 1082
759	 917	 885
949	 1030	 994
2697	 2722	 2648
2722	 2648	 2714
2987	 2991	 2765
252	 311	 284
2204	 2325	 2385
2385	 2288	 2204
2327	 2389	 2321
2389	 2321	 2424
1079	 1000	 1150
67	 85	 73
785	 786	 840
2746	 2749	 2674
2953	 2971	 2944
2427	 2420	 2351
2040	 1791	 1910
2671	 2542	 2672
2976	 2989	 2955
1472	 1303	 1385
1595	 1584	 1462
2960	 2947	 2791
2947	 2791	 2742
2712	 2742	 2791
2672	 2617	 2682
2943	 2922	 2941
1767	 2016	 1779
311	 284	 418
284	 418	 351
2170	 2327	 2321
2321	 2170	 2320
2143	 2009	 2173
2221	 2173	 2220
498	 461	 413
413	 498	 367
2514	 2460	 2381
1751	 1724	 1725
1898	 1939	 1840
1840	 1898	 1917
2460	 2452	 2545
2452	 2483	 2545
218	 333	 234
218	 333	 237
852	 735	 833
683	 735	 852
1252	 1325	 1080
1133	 1080	 1252
1348	 1325	 1471
1080	 1325	 1116
1325	 1349	 1471
1325	 1349	 1192
2540	 2367	 2526
920	 988	 839
1634	 1617	 1767
1662	 1731	 1692
2914	 2915	 2890
599	 507	 581
541	 628	 584
2156	 2137	 2188
649	 645	 669
1166	 1180	 995
1166	 1180	 1196
1166	 1196	 1254
2679	 2767	 2752
45	 63	 64
109	 102	 117
94	 102	 109
2580	 2675	 2649
413	 368	 367
2586	 2642	 2598
1192	 1232	 1349
1232	 1263	 1388
2461	 2392	 2299
635	 537	 637
839	 800	 859
859	 839	 988
1388	 1518	 1531
759	 917	 847
183	 233	 286
2973	 2791	 2960
1080	 1036	 1116
427	 363	 418
2928	 2949	 2929
2220	 2283	 2352
914	 881	 880
1859	 1844	 1890
2955	 2989	 2977
1195	 1055	 1151
1055	 1151	 1029
1055	 1029	 971
2890	 2905	 2891
2890	 2905	 2915
2562	 2545	 2619
555	 620	 476
555	 619	 620
1995	 2173	 2220
2642	 2674	 2586
828	 683	 664
683	 828	 852
411	 397	 330
61	 33	 19
1007	 1055	 1069
2514	 2381	 2493
2314	 2173	 2298
2019	 1822	 2045
2092	 2019	 2045
379	 404	 433
43	 54	 39
920	 862	 946
2707	 2713	 2720
2765	 2792	 2722
2292	 2393	 2358
2949	 2929	 2946
285	 330	 387
455	 396	 432
76	 93	 97
383	 333	 340
812	 664	 690
2879	 2878	 2887
536	 584	 595
914	 880	 991
635	 656	 664
732	 811	 862
1327	 1152	 1342
90	 72	 84
2987	 2974	 2991
2702	 2649	 2654
2624	 2625	 2691
2545	 2619	 2625
955	 996	 894
894	 955	 956
2603	 2602	 2692
2837	 2853	 2843
150	 164	 212
150	 212	 187
276	 194	 229
276	 229	 347
347	 395	 276
820	 789	 751
789	 820	 864
751	 736	 820
736	 751	 697
717	 820	 736
894	 864	 820
860	 820	 717
860	 894	 820
717	 736	 554
717	 554	 617
562	 554	 617
717	 705	 860
705	 717	 617
736	 585	 596
554	 736	 585
1066	 1123	 1089
1089	 1123	 1119
1134	 1350	 1193
1281	 1193	 1350
1281	 1350	 1429
1134	 1350	 1272
1824	 1724	 1748
1824	 1725	 1724
2169	 2042	 2106
2169	 2106	 2168
2281	 2169	 1970
2085	 2129	 1952
1953	 2085	 1952
2327	 2196	 2328
2147	 2130	 2196
2113	 2147	 2130
2328	 2196	 2262
2262	 2273	 2328
2262	 2196	 2130
2148	 2230	 2057
2230	 2273	 2262
2148	 2230	 2262
2148	 2130	 1994
2262	 2130	 2148
2378	 2432	 2454
2454	 2453	 2378
2331	 2382	 2455
2378	 2453	 2368
2435	 2368	 2453
2435	 2453	 2495
2454	 2495	 2453
2454	 2432	 2455
2515	 2504	 2598
2556	 2515	 2598
2515	 2365	 2504
2504	 2365	 2465
2598	 2504	 2465
2631	 2730	 2732
2631	 2668	 2732
2704	 2732	 2668
2704	 2784	 2732
2730	 2799	 2732
2813	 2784	 2835
2835	 2784	 2824
2826	 2824	 2784
2668	 2600	 2704
2722	 2765	 2697
2697	 2765	 2736
2765	 2736	 2756
2726	 2794	 2766
2794	 2793	 2766
2793	 2794	 2994
2793	 2994	 2990
2994	 2794	 2997
2734	 2689	 2766
2793	 2993	 2990
2734	 2993	 2793
2793	 2766	 2734
2726	 2766	 2689
2794	 2726	 2655
2690	 2726	 2689
2655	 2726	 2690
2831	 2787	 2759
2787	 2831	 2852
2848	 2852	 2831
2852	 2848	 2880
2852	 2787	 2788
2759	 2771	 2831
2848	 2830	 2831
2705	 2771	 2759
2759	 2787	 2681
2759	 2681	 2705
2787	 2760	 2681
2778	 2899	 2779
2899	 2906	 2779
2778	 2753	 2899
2725	 2754	 2778
2753	 2778	 2754
2906	 2899	 2880
2881	 2880	 2906
2719	 2753	 2754
2788	 2852	 2880
2753	 2760	 2788
2753	 2760	 2719
2816	 2822	 2806
2767	 2743	 2775
2775	 2798	 2767
2806	 2822	 2798
2798	 2775	 2806
778	 779	 847
847	 759	 778
672	 673	 779
706	 778	 759
778	 672	 779
778	 706	 672
638	 614	 672
706	 638	 672
779	 673	 792
1017	 929	 1037
1017	 1037	 1036
1017	 992	 929
1037	 1095	 1036
962	 1037	 929
1095	 1037	 962
874	 929	 992
929	 874	 901
901	 962	 929
1116	 1095	 1036
1017	 1036	 1035
992	 1017	 1035
1035	 1080	 1036
1953	 1952	 1757
1718	 1663	 1805
131	 122	 129
198	 131	 129
131	 122	 111
131	 111	 125
193	 160	 236
17	 160	 147
147	 160	 193
17	 147	 13
193	 192	 147
1167	 1145	 1075
1020	 1075	 1145
322	 373	 290
322	 373	 405
2383	 2484	 2456
2557	 2456	 2484
2456	 2557	 2476
1169	 1262	 1186
1262	 1261	 1186
1262	 1347	 1261
191	 231	 250
244	 250	 231
219	 244	 231
2407	 2490	 2364
644	 714	 693
714	 644	 599
1982	 2049	 2024
1214	 1263	 1366
1263	 1139	 1214
2516	 2398	 2350
2350	 2516	 2505
2556	 2678	 2630
2140	 2322	 2282
2140	 2305	 2322
2282	 2357	 2322
625	 594	 557
557	 662	 625
535	 557	 594
19	 35	 61
35	 19	 15
2049	 2174	 2081
2024	 2049	 2081
2174	 2049	 2151
1050	 1028	 1169
1710	 1837	 1925
1837	 2019	 1794
1710	 1837	 1794
1710	 1794	 1619
289	 240	 185
76	 97	 91
638	 706	 609
673	 614	 672
609	 598	 638
706	 665	 609
555	 476	 520
519	 555	 520
220	 190	 221
155	 190	 220
2775	 2743	 2805
2806	 2775	 2805
2743	 2737	 2805
2649	 2702	 2737
2737	 2729	 2805
2806	 2805	 2816
2767	 2743	 2702
1936	 1964	 2113
2737	 2675	 2729
2731	 2785	 2809
2785	 2809	 2812
2785	 2717	 2750
2814	 2837	 2812
2785	 2750	 2783
2812	 2785	 2783
2783	 2814	 2812
2814	 2835	 2813
2813	 2814	 2783
2750	 2730	 2783
2750	 2717	 2692
2730	 2750	 2666
2666	 2750	 2692
992	 841	 874
66	 78	 62
238	 407	 384
413	 407	 238
233	 238	 384
238	 413	 325
1056	 1006	 930
1056	 1063	 1006
1038	 1006	 1063
1006	 1038	 982
930	 940	 1056
882	 930	 1006
1006	 982	 882
940	 930	 851
805	 930	 882
930	 805	 851
2306	 2197	 2190
2197	 2368	 2306
23	 26	 156
39	 43	 26
28	 44	 43
209	 44	 28
217	 209	 156
217	 156	 26
43	 23	 28
43	 26	 23
156	 209	 28
156	 28	 23
2748	 2796	 2716
2782	 2716	 2796
2808	 2782	 2796
2808	 2796	 2802
2808	 2802	 2815
2801	 2782	 2808
2821	 2802	 2815
2808	 2815	 2828
2845	 2821	 2815
2841	 2815	 2845
2828	 2815	 2841
124	 129	 130
164	 196	 226
151	 196	 164
196	 151	 198
122	 116	 124
122	 129	 124
112	 124	 150
187	 150	 112
130	 164	 150
124	 130	 150
164	 130	 151
151	 130	 129
1897	 2018	 1834
1897	 1834	 1666
1719	 1666	 1834
1913	 1834	 2018
1719	 1834	 1913
953	 909	 1028
1028	 909	 948
953	 908	 909
909	 908	 840
785	 840	 908
908	 953	 981
785	 908	 981
1050	 953	 1028
953	 1050	 1054
953	 1054	 981
981	 1054	 990
990	 868	 981
981	 868	 785
785	 771	 868
2836	 2833	 2822
2856	 2865	 2833
2833	 2836	 2856
2856	 2872	 2864
2864	 2856	 2836
2859	 2836	 2864
2864	 2873	 2859
2822	 2833	 2825
2833	 2865	 2825
2822	 2825	 2798
2767	 2807	 2798
1968	 1961	 2003
1968	 1961	 2041
2064	 1961	 2041
2077	 2064	 2041
2625	 2624	 2546
2624	 2524	 2546
2483	 2546	 2524
2483	 2524	 2464
2545	 2483	 2546
2546	 2545	 2625
2699	 2691	 2624
2563	 2464	 2524
2615	 2624	 2699
2615	 2524	 2624
2563	 2524	 2615
2641	 2563	 2615
95	 83	 89
89	 100	 95
108	 95	 100
101	 89	 84
89	 101	 100
101	 104	 100
89	 83	 74
83	 71	 74
74	 84	 89
101	 84	 90
104	 90	 101
98	 108	 95
108	 100	 116
209	 210	 171
209	 217	 224
209	 224	 210
209	 171	 44
368	 325	 278
210	 233	 238
315	 368	 278
67	 54	 80
224	 325	 210
224	 278	 325
278	 224	 217
162	 183	 171
43	 44	 59
278	 241	 315
59	 44	 162
44	 162	 171
233	 171	 210
2954	 2948	 2961
1768	 1717	 1952
1717	 1757	 1952
66	 77	 78
144	 137	 139
144	 166	 143
144	 143	 137
284	 252	 184
284	 184	 227
1059	 1114	 978
1114	 978	 1076
999	 988	 1084
1382	 1436	 1580
1382	 1580	 1553
1793	 1665	 1850
1793	 1833	 1665
2436	 2496	 2461
2436	 2401	 2507
2436	 2507	 2496
2705	 2605	 2620
2705	 2681	 2605
2777	 2680	 2723
2777	 2832	 2826
2777	 2826	 2811
2777	 2811	 2680
1298	 1109	 1079
1298	 1214	 1109
2561	 2635	 2607
2651	 2557	 2589
2484	 2527	 2442
2484	 2442	 2393
1924	 1848	 1978
1977	 1924	 1978
2533	 2609	 2647
2533	 2647	 2559
2617	 2542	 2672
2617	 2509	 2542
412	 458	 295
2706	 2671	 2710
2706	 2710	 2789
489	 446	 357
489	 357	 509
2188	 2170	 2129
2188	 2129	 2137
2149	 2029	 2030
24	 34	 18
219	 271	 255
1227	 1137	 1225
1387	 1298	 1451
2644	 2628	 2662
2644	 2662	 2685
2961	 2983	 2986
2160	 2197	 2092
2093	 2283	 2220
187	 174	 230
1980	 2220	 1995
2724	 2741	 2659
2724	 2659	 2663
2724	 2888	 2741
911	 954	 941
41	 58	 38
2753	 2899	 2788
1700	 1685	 1605
36	 40	 51
62	 73	 41
2427	 2366	 2426
2784	 2732	 2799
2770	 2830	 2823
2132	 2018	 2182
1964	 2113	 1994
2113	 1994	 2130
665	 706	 776
15	 35	 30
2993	 2983	 2986
2508	 2571	 2528
1663	 1805	 1618
1116	 1192	 1325
2803	 2820	 2821
2989	 2997	 2988
2042	 1970	 2169
1731	 1804	 1692
630	 562	 617
60	 66	 61
2853	 2869	 2875
2743	 2737	 2702
697	 789	 751
2057	 1994	 2148
112	 116	 124
948	 840	 909
2699	 2641	 2615
162	 54	 80
183	 171	 233
596	 697	 736
2880	 2788	 2899
2788	 2760	 2787
